"prov";"comune";"id_sito";"codice_regionale";"codice_provinciale";"cause";"interventi";"coord_x";"coord_y";"data_agg";"stato_procedimento";"longitudine";"latitudine";"esito_coordinate"
"ALESSANDRIA";"VALENZA";"2397";"01-02397";"AL-00213";"Sversamenti incidentali su suolo e acque";"VERIFICA IN CORSO";"472727,0";"4984114,0";"2026-09-07T00:00:00.000Z";"ATTIVO";"8.6539032";"45.0099502";"OK"
"ALESSANDRIA";"TORTONA";"2427";"01-02427";"AL-00215";"Eventi accidentali";"MESSA IN SICUREZZA OPERATIVA";"487435,0";"4970959,0";"2026-09-07T00:00:00.000Z";"ATTIVO";"8.8408754";"44.8919424";"OK"
"ALESSANDRIA";"TORTONA";"2453";"01-02453";"AL-00224";"Eventi accidentali";"BONIFICA E RIPRISTINO AMBIENTALE";"489952,0";"4976345,0";"2026-09-07T00:00:00.000Z";"CONCLUSO";"8.8726439";"44.9404673";"OK"
"ALESSANDRIA";"TORTONA";"2479";"01-02479";"AL-00229";"";"INTERVENTO NON NECESSARIO A SEGUITO ANALISI DI RISCHIO";"489982,0";"4976559,0";"2026-09-07T00:00:00.000Z";"CONCLUSO";"8.8730199";"44.9423942";"OK"
"ALESSANDRIA";"TORTONA";"2482";"01-02482";"AL-00230";"Sversamenti incidentali su suolo e acque";"INTERVENTO NON NECESSARIO";"488612,0";"4972011,0";"2026-09-07T00:00:00.000Z";"ATTIVO";"8.8557574";"44.9014324";"OK"
"ALESSANDRIA";"SALE";"2488";"01-02488";"AL-00231";"Presenza di sostanze inquinanti dovuta a cattiva gestione di impianti o strutture";"BONIFICA E RIPRISTINO AMBIENTALE";"484655,0";"4980501,0";"2026-09-07T00:00:00.000Z";"ATTIVO";"8.8053795";"44.9777848";"OK"
"ALESSANDRIA";"MOLINO DEI TORTI";"2490";"01-02490";"AL-00232";"Presenza di sostanze inquinanti dovuta a cattiva gestione di impianti o strutture";"VERIFICA IN CORSO";"491425,0";"4985244,0";"2026-09-07T00:00:00.000Z";"ATTIVO";"8.8911623";"45.0205949";"OK"
"ALESSANDRIA";"BOSCO MARENGO";"2497";"01-02497";"AL-00234";"Presenza di sostanze inquinanti dovuta a cattiva gestione di impianti o strutture";"VERIFICA IN CORSO";"479957,0";"4964111,0";"2026-09-07T00:00:00.000Z";"ATTIVO";"8.7464447";"44.8301251";"OK"
"ALESSANDRIA";"ALESSANDRIA";"2538";"01-02538";"AL-00239";"Incidenti a pipe line";"BONIFICA E RIPRISTINO AMBIENTALE";"468207,0";"4977660,0";"2026-09-07T00:00:00.000Z";"CONCLUSO";"8.5969526";"44.9516648";"OK"
"ALESSANDRIA";"VALENZA";"2541";"01-02541";"AL-00241";"Sversamenti incidentali su suolo e acque";"BONIFICA E RIPRISTINO AMBIENTALE";"471557,0";"4982641,0";"2026-09-07T00:00:00.000Z";"CONCLUSO";"8.6391393";"44.9966447";"OK"
"ALESSANDRIA";"SALE";"2542";"01-02542";"AL-00242";"";"INTERVENTO NON NECESSARIO A SEGUITO ANALISI DI RISCHIO";"485235,0";"4981092,0";"2026-09-07T00:00:00.000Z";"CONCLUSO";"8.8127183";"44.9831172";"OK"
"ALESSANDRIA";"CASALE MONFERRATO";"2573";"01-02573";"AL-00246";"Sversamenti incidentali su suolo e acque";"INTERVENTO NON NECESSARIO";"455784,0";"4995081,0";"2026-09-07T00:00:00.000Z";"ATTIVO";"8.4379370";"45.1078146";"OK"
"ALESSANDRIA";"PONTECURONE";"2607";"01-02607";"AL-00247";"Sversamenti incidentali su suolo e acque";"INTERVENTO NON NECESSARIO A SEGUITO ANALISI DI RISCHIO";"494870,0";"4978833,0";"2026-09-07T00:00:00.000Z";"CONCLUSO";"8.9349531";"44.9629168";"OK"
"ALESSANDRIA";"ALESSANDRIA";"2610";"01-02610";"AL-00248";"";"INTERVENTO NON NECESSARIO A SEGUITO ANALISI DI RISCHIO";"464657,0";"4975700,0";"2026-09-07T00:00:00.000Z";"CONCLUSO";"8.5520869";"44.9338537";"OK"
"ALESSANDRIA";"ALESSANDRIA";"2643";"01-02643";"AL-00250";"Sversamenti incidentali su suolo e acque";"INTERVENTO NON NECESSARIO A SEGUITO ANALISI DI RISCHIO";"469111,0";"4972800,0";"2026-09-07T00:00:00.000Z";"CONCLUSO";"8.6087097";"44.9079558";"OK"
"ALESSANDRIA";"ACQUI TERME";"2651";"01-02651";"AL-00251";"Sversamenti incidentali su suolo e acque";"INTERVENTO NON NECESSARIO A SEGUITO ANALISI DI RISCHIO";"460325,0";"4947605,0";"2026-09-07T00:00:00.000Z";"CONCLUSO";"8.4993805";"44.6807172";"OK"
"ALESSANDRIA";"ARQUATA SCRIVIA";"2670";"01-02670";"AL-00255";"Sversamenti incidentali su suolo e acque";"INTERVENTO NON NECESSARIO A SEGUITO ANALISI DI RISCHIO";"492589,0";"4946396,0";"2026-09-07T00:00:00.000Z";"CONCLUSO";"8.9065037";"44.6708922";"OK"
"ALESSANDRIA";"ARQUATA SCRIVIA";"2682";"01-02682";"AL-00257";"Sversamenti incidentali su suolo e acque";"VERIFICA IN CORSO";"491294,0";"4948023,0";"2026-09-07T00:00:00.000Z";"ATTIVO";"8.8901385";"44.6855246";"OK"
"ALESSANDRIA";"SILVANO D'ORBA";"2684";"01-02684";"AL-00258";"Sversamenti incidentali su suolo e acque";"INTERVENTO NON NECESSARIO A SEGUITO ANALISI DI RISCHIO";"473281,0";"4945582,0";"2026-09-07T00:00:00.000Z";"CONCLUSO";"8.6629615";"44.6631051";"OK"
"ALESSANDRIA";"ACQUI TERME";"2722";"01-02722";"AL-00259";"Eventi accidentali";"INTERVENTO NON NECESSARIO A SEGUITO ANALISI DI RISCHIO";"457178,0";"4947240,0";"2026-09-07T00:00:00.000Z";"CONCLUSO";"8.4597038";"44.6772505";"OK"
"ALESSANDRIA";"VALENZA";"2723";"01-02723";"AL-00260";"Sversamenti incidentali su suolo e acque";"VERIFICA IN CORSO";"470828,0";"4984409,0";"2026-09-07T00:00:00.000Z";"ATTIVO";"8.6297881";"45.0125302";"OK"
"ALESSANDRIA";"ACQUI TERME";"2724";"01-02724";"AL-00261";"Sversamenti incidentali su suolo e acque";"BONIFICA E RIPRISTINO AMBIENTALE";"457698,0";"4946816,0";"2026-09-07T00:00:00.000Z";"ATTIVO";"8.4662995";"44.6734645";"OK"
"ALESSANDRIA";"MOLINO DEI TORTI";"2734";"01-02734";"AL-00262";"Presenza di sostanze inquinanti dovuta a cattiva gestione di impianti o strutture; Eventi accidentali";"MESSA IN SICUREZZA OPERATIVA";"492119,0";"4985100,0";"2026-09-07T00:00:00.000Z";"ATTIVO";"8.8999731";"45.0193067";"OK"
"ALESSANDRIA";"CASALE MONFERRATO";"2751";"01-02751";"AL-00263";"";"VERIFICA IN CORSO";"457977,0";"4996541,0";"2026-09-07T00:00:00.000Z";"ATTIVO";"8.4656900";"45.1210904";"OK"
"ALESSANDRIA";"SEZZADIO";"2752";"01-02752";"AL-00264";"";"VERIFICA IN CORSO";"466833,0";"4957430,0";"2026-09-07T00:00:00.000Z";"ATTIVO";"8.5808579";"44.7694934";"OK"
"ALESSANDRIA";"TORTONA";"2753";"01-02753";"AL-00265";"";"VERIFICA IN CORSO";"489439,0";"4972029,0";"2026-09-07T00:00:00.000Z";"ATTIVO";"8.8662319";"44.9016072";"OK"
"ALESSANDRIA";"CARBONARA SCRIVIA";"2755";"01-02755";"AL-00267";"Presenza di sostanze inquinanti dovuta a gestione scorretta dei rifiuti";"VERIFICA IN CORSO";"487746,0";"4966117,0";"2026-09-07T00:00:00.000Z";"ATTIVO";"8.8449311";"44.8483597";"OK"
"ALESSANDRIA";"MOMBELLO MONFERRATO";"2775";"01-02775";"AL-00273";"";"INTERVENTO NON NECESSARIO A SEGUITO ANALISI DI RISCHIO";"440871,0";"4996403,0";"2026-09-07T00:00:00.000Z";"CONCLUSO";"8.2482247";"45.1186237";"OK"
"ALESSANDRIA";"VIGNOLE BORBERA";"2778";"01-02778";"AL-00275";"Presenza di sostanze inquinanti dovuta a cattiva gestione di impianti o strutture; Eventi accidentali";"VERIFICA IN CORSO";"493180,0";"4951249,0";"2026-09-07T00:00:00.000Z";"ATTIVO";"8.9138950";"44.7145867";"OK"
"ALESSANDRIA";"OVADA";"2779";"01-02779";"AL-00276";"Presenza di sostanze inquinanti dovuta a cattiva gestione di impianti o strutture";"INTERVENTO NON NECESSARIO A SEGUITO ANALISI DI RISCHIO";"471764,0";"4942806,0";"2026-09-07T00:00:00.000Z";"CONCLUSO";"8.6439790";"44.6380567";"OK"
"ALESSANDRIA";"SPIGNO MONFERRATO";"2811";"01-02811";"AL-00280";"Presenza di sostanze inquinanti dovuta a gestione scorretta dei rifiuti";"VERIFICA IN CORSO";"445933,0";"4931923,0";"2026-09-07T00:00:00.000Z";"ATTIVO";"8.3194437";"44.5386089";"OK"
"ALESSANDRIA";"SPIGNO MONFERRATO";"2812";"01-02812";"AL-00281";"Presenza di sostanze inquinanti dovuta a gestione scorretta dei rifiuti";"VERIFICA IN CORSO";"445933,0";"4931923,0";"2026-09-07T00:00:00.000Z";"ATTIVO";"8.3194437";"44.5386089";"OK"
"ALESSANDRIA";"QUATTORDIO";"2821";"01-02821";"AL-00283";"";"INTERVENTO NON NECESSARIO A SEGUITO ANALISI DI RISCHIO";"452578,0";"4972188,0";"2026-09-07T00:00:00.000Z";"CONCLUSO";"8.3993427";"44.9015372";"OK"
"ALESSANDRIA";"NOVI LIGURE";"2830";"01-02830";"AL-00284";"Eventi accidentali";"VERIFICA IN CORSO";"485115,0";"4955276,0";"2026-09-07T00:00:00.000Z";"ATTIVO";"8.8119543";"44.7507168";"OK"
"ALESSANDRIA";"SERRAVALLE SCRIVIA";"2854";"01-02854";"AL-00285";"Sversamenti incidentali su suolo e acque";"INTERVENTO NON NECESSARIO A SEGUITO ANALISI DI RISCHIO";"488521,0";"4953351,0";"2026-09-07T00:00:00.000Z";"CONCLUSO";"8.8550263";"44.7334501";"OK"
"ALESSANDRIA";"FELIZZANO";"2871";"01-02871";"AL-00286";"Presenza di sostanze inquinanti dovuta a cattiva gestione di impianti o strutture";"VERIFICA IN CORSO";"454707,0";"4971966,0";"2026-09-07T00:00:00.000Z";"ATTIVO";"8.4263276";"44.8996775";"OK"
"ALESSANDRIA";"MURISENGO";"2912";"01-02912";"AL-00319";"Sversamenti incidentali su suolo e acque";"VERIFICA IN CORSO";"";"";"2026-09-07T00:00:00.000Z";"ATTIVO";"";"";"NULL"
"ALESSANDRIA";"CARPENETO";"2948";"01-02948";"AL-00332";"Sversamenti incidentali su suolo e acque";"INTERVENTO NON NECESSARIO A SEGUITO ANALISI DI RISCHIO";"470219,0";"4948740,0";"2026-09-07T00:00:00.000Z";"CONCLUSO";"8.6241539";"44.6914137";"OK"
"ALESSANDRIA";"TORTONA";"2951";"01-02951";"AL-00333";"Presenza di sostanze inquinanti dovuta a cattiva gestione di impianti o strutture";"BONIFICA E RIPRISTINO AMBIENTALE";"490820,0";"4975757,0";"2026-09-07T00:00:00.000Z";"ATTIVO";"8.8836562";"44.9351859";"OK"
"ALESSANDRIA";"VIGNOLE BORBERA";"2976";"01-02976";"AL-00340";"";"VERIFICA IN CORSO";"494072,0";"4951786,0";"2026-09-07T00:00:00.000Z";"CONCLUSO";"8.9251506";"44.7194289";"OK"
"ALESSANDRIA";"FRASSINELLO MONFERRATO";"2978";"01-02978";"AL-00341";"Sversamenti incidentali su suolo e acque";"MESSA IN SICUREZZA PERMANENTE";"451674,0";"4986680,0";"2026-09-07T00:00:00.000Z";"ATTIVO";"8.3865041";"45.0319257";"OK"
"ALESSANDRIA";"ALESSANDRIA";"2986";"01-02986";"AL-00342";"Presenza di sostanze inquinanti dovuta a cattiva gestione di impianti o strutture";"VERIFICA IN CORSO";"467629,0";"4972140,0";"2026-09-07T00:00:00.000Z";"ATTIVO";"8.5899790";"44.9019487";"OK"
"ALESSANDRIA";"CASTELLAZZO BORMIDA";"2987";"01-02987";"AL-00343";"Sversamenti incidentali su suolo e acque";"VERIFICA IN CORSO";"466567,0";"4950008,0";"2026-09-07T00:00:00.000Z";"ATTIVO";"8.5779827";"44.7026675";"OK"
"ALESSANDRIA";"POZZOLO FORMIGARO";"2995";"01-02995";"AL-00345";"Eventi accidentali";"INTERVENTO NON NECESSARIO A SEGUITO ANALISI DI RISCHIO";"486923,0";"4961635,0";"2026-09-07T00:00:00.000Z";"CONCLUSO";"8.8346318";"44.8079974";"OK"
"ALESSANDRIA";"ALESSANDRIA";"3008";"01-03008";"AL-00348";"Sversamenti incidentali su suolo e acque";"MESSA IN SICUREZZA OPERATIVA";"475310,0";"4970780,0";"2026-09-07T00:00:00.000Z";"ATTIVO";"8.6873335";"44.8900139";"OK"
"ALESSANDRIA";"CASALE MONFERRATO";"3017";"01-03017";"AL-00352";"";"VERIFICA IN CORSO";"456676,0";"4998132,0";"2026-09-07T00:00:00.000Z";"ATTIVO";"8.4490111";"45.1353329";"OK"
"ALESSANDRIA";"CASTELLETTO D'ORBA";"3035";"01-03035";"AL-00354";"";"VERIFICA IN CORSO";"";"";"2026-09-07T00:00:00.000Z";"ATTIVO";"";"";"NULL"
"ALESSANDRIA";"CASTELNUOVO SCRIVIA";"3037";"01-03037";"AL-00356";"Sversamenti incidentali su suolo e acque";"VERIFICA IN CORSO";"";"";"2026-09-07T00:00:00.000Z";"ATTIVO";"";"";"NULL"
"ALESSANDRIA";"CASTELNUOVO SCRIVIA";"3040";"01-03040";"AL-00357";"";"VERIFICA IN CORSO";"490664,0";"4980225,0";"2026-09-07T00:00:00.000Z";"ATTIVO";"8.8815965";"44.9754047";"OK"
"ALESSANDRIA";"CASALE MONFERRATO";"3051";"01-03051";"AL-00360";"Presenza di sostanze inquinanti dovuta a cattiva gestione di impianti o strutture";"INTERVENTO NON NECESSARIO A SEGUITO ANALISI DI RISCHIO";"456840,0";"4996857,0";"2026-09-07T00:00:00.000Z";"CONCLUSO";"8.4512068";"45.1238663";"OK"
"ALESSANDRIA";"QUATTORDIO";"3056";"01-03056";"AL-00362";"Presenza di sostanze inquinanti dovuta a cattiva gestione di impianti o strutture";"VERIFICA IN CORSO";"453241,0";"4972211,0";"2026-09-07T00:00:00.000Z";"ATTIVO";"8.4077378";"44.9017881";"OK"
"ALESSANDRIA";"ALESSANDRIA";"3057";"01-03057";"AL-00363";"Sversamenti incidentali su suolo e acque";"VERIFICA IN CORSO";"";"";"2026-09-07T00:00:00.000Z";"ATTIVO";"";"";"NULL"
"ALESSANDRIA";"BOSCO MARENGO";"3070";"01-03070";"AL-00364";"";"VERIFICA IN CORSO";"";"";"2026-09-07T00:00:00.000Z";"ATTIVO";"";"";"NULL"
"ALESSANDRIA";"ARQUATA SCRIVIA";"3092";"01-03092";"AL-00365";"Presenza di sostanze inquinanti dovuta a cattiva gestione di impianti o strutture";"VERIFICA IN CORSO";"491389,0";"4949047,0";"2026-09-07T00:00:00.000Z";"ATTIVO";"8.8913201";"44.6947442";"OK"
"ALESSANDRIA";"ARQUATA SCRIVIA";"3093";"01-03093";"AL-00366";"Presenza di sostanze inquinanti dovuta a cattiva gestione di impianti o strutture";"VERIFICA IN CORSO";"";"";"2026-09-07T00:00:00.000Z";"ATTIVO";"";"";"NULL"
"ALESSANDRIA";"CASTELLAZZO BORMIDA";"3108";"01-03108";"AL-00370";"Sversamenti incidentali su suolo e acque";"VERIFICA IN CORSO";"";"";"2026-09-07T00:00:00.000Z";"ATTIVO";"";"";"NULL"
"ALESSANDRIA";"ARQUATA SCRIVIA";"3109";"01-03109";"AL-00371";"";"VERIFICA IN CORSO";"";"";"2026-09-07T00:00:00.000Z";"ATTIVO";"";"";"NULL"
"ALESSANDRIA";"ACQUI TERME";"3117";"01-03117";"AL-00372";"Presenza di sostanze inquinanti dovuta a cattiva gestione di impianti o strutture";"VERIFICA IN CORSO";"";"";"2026-09-07T00:00:00.000Z";"ATTIVO";"";"";"NULL"
"ALESSANDRIA";"VALENZA";"3153";"01-03153";"AL-00376";"Presenza di sostanze inquinanti dovuta a cattiva gestione di impianti o strutture";"BONIFICA E RIPRISTINO AMBIENTALE";"";"";"2026-09-07T00:00:00.000Z";"ATTIVO";"";"";"NULL"
"ALESSANDRIA";"CASTELLAZZO BORMIDA";"3163";"01-03163";"AL-00379";"Sversamenti incidentali su suolo e acque";"VERIFICA IN CORSO";"463011,0";"4966632,0";"2026-09-07T00:00:00.000Z";"ATTIVO";"8.5318900";"44.8521417";"OK"
"ALESSANDRIA";"CASTELLAZZO BORMIDA";"3194";"01-03194";"AL-00382";"";"VERIFICA IN CORSO";"467887,0";"4962722,0";"2026-09-07T00:00:00.000Z";"ATTIVO";"8.5938433";"44.8171803";"OK"
"ALESSANDRIA";"ALLUVIONI PIOVERA";"3234";"01-03234";"AL-00386";"";"VERIFICA IN CORSO";"479606,0";"4979142,0";"2026-09-07T00:00:00.000Z";"ATTIVO";"8.7413986";"44.9654242";"OK"
"ALESSANDRIA";"MONTACUTO";"3235";"01-03235";"AL-00387";"";"VERIFICA IN CORSO";"507782,0";"4958605,0";"2026-09-07T00:00:00.000Z";"ATTIVO";"9.0983629";"44.7807979";"OK"
"ASTI";"MONTIGLIO MONFERRATO";"99";"01-00099";"AT-00001";"Presenza di sostanze inquinanti dovuta a gestione scorretta dei rifiuti";"VERIFICA IN CORSO";"429840,0";"4992039,0";"2026-09-07T00:00:00.000Z";"ATTIVO";"8.1086020";"45.0783355";"OK"
"ASTI";"ASTI";"259";"01-00259";"AT-00002";"Presenza di sostanze inquinanti dovuta a gestione scorretta dei rifiuti";"BONIFICA E RIPRISTINO AMBIENTALE";"430463,0";"4975400,0";"2026-09-07T00:00:00.000Z";"ATTIVO";"8.1188154";"44.9286318";"OK"
"ASTI";"MONCUCCO TORINESE";"388";"01-00388";"AT-00003";"Presenza di sostanze inquinanti dovuta a gestione scorretta dei rifiuti";"BONIFICA E RIPRISTINO AMBIENTALE";"416575,0";"4990172,0";"2026-09-07T00:00:00.000Z";"CONCLUSO";"7.9404044";"45.0600923";"OK"
"ASTI";"ASTI";"396";"01-00396";"AT-00004";"Presenza di sostanze inquinanti dovuta a cattiva gestione di impianti o strutture";"BONIFICA E RIPRISTINO AMBIENTALE; MESSA IN SICUREZZA PERMANENTE";"438350,0";"4971910,0";"2026-09-07T00:00:00.000Z";"ATTIVO";"8.2191764";"44.8979449";"OK"
"ASTI";"ASTI";"413";"01-00413";"AT-00005";"Presenza di sostanze inquinanti dovuta a cattiva gestione di impianti o strutture";"BONIFICA E RIPRISTINO AMBIENTALE";"439517,0";"4972678,0";"2026-09-07T00:00:00.000Z";"CONCLUSO";"8.2338639";"44.9049580";"OK"
"ASTI";"SAN DAMIANO D'ASTI";"417";"01-00417";"AT-00006";"Presenza di sostanze inquinanti dovuta a gestione scorretta dei rifiuti";"VERIFICA IN CORSO";"425677,0";"4966064,0";"2026-09-07T00:00:00.000Z";"CONCLUSO";"8.0595447";"44.8441155";"OK"
"ASTI";"ASTI";"501";"01-00501";"AT-00007";"Incidenti a pipe line";"BONIFICA E RIPRISTINO AMBIENTALE";"440167,0";"4972939,0";"2026-09-07T00:00:00.000Z";"CONCLUSO";"8.2420658";"44.9073623";"OK"
"ASTI";"ASTI";"533";"01-00533";"AT-00009";"Presenza di sostanze inquinanti dovuta a cattiva gestione di impianti o strutture";"BONIFICA E RIPRISTINO AMBIENTALE";"435285,0";"4973195,0";"2026-09-07T00:00:00.000Z";"CONCLUSO";"8.1801964";"44.9092394";"OK"
"ASTI";"DUSINO SAN MICHELE";"554";"01-00554";"AT-00010";"Presenza di sostanze inquinanti dovuta a cattiva gestione di impianti o strutture";"BONIFICA E RIPRISTINO AMBIENTALE CON MISURE DI SICUREZZA";"418603,0";"4975564,0";"2026-09-07T00:00:00.000Z";"CONCLUSO";"7.9685197";"44.9288495";"OK"
"ASTI";"COSTIGLIOLE D'ASTI";"559";"01-00559";"AT-00011";"Presenza di sostanze inquinanti dovuta a cattiva gestione di impianti o strutture";"INTERVENTO NON NECESSARIO";"432130,0";"4959331,0";"2026-09-07T00:00:00.000Z";"CONCLUSO";"8.1420880";"44.7841535";"OK"
"ASTI";"COSTIGLIOLE D'ASTI";"656";"01-00656";"AT-00013";"Presenza di sostanze inquinanti dovuta a cattiva gestione di impianti o strutture";"BONIFICA E RIPRISTINO AMBIENTALE";"435900,0";"4959385,0";"2026-09-07T00:00:00.000Z";"CONCLUSO";"8.1897311";"44.7849876";"OK"
"ASTI";"CORTIGLIONE";"679";"01-00679";"AT-00014";"Presenza di sostanze inquinanti dovuta a gestione scorretta dei rifiuti";"MESSA IN SICUREZZA PERMANENTE";"448915,0";"4964487,0";"2026-09-07T00:00:00.000Z";"CONCLUSO";"8.3537254";"44.8319628";"OK"
"ASTI";"ASTI";"681";"01-00681";"AT-00015";"Presenza di sostanze inquinanti dovuta a cattiva gestione di impianti o strutture";"INTERVENTO NON NECESSARIO";"437985,0";"4972275,0";"2026-09-07T00:00:00.000Z";"CONCLUSO";"8.2145093";"44.9011987";"OK"
"ASTI";"ASTI";"704";"01-00704";"AT-00017";"Presenza di sostanze inquinanti dovuta a cattiva gestione di impianti o strutture";"BONIFICA E RIPRISTINO AMBIENTALE";"437727,0";"4971011,0";"2026-09-07T00:00:00.000Z";"CONCLUSO";"8.2113972";"44.8897986";"OK"
"ASTI";"ASTI";"720";"01-00720";"AT-00018";"Presenza di sostanze inquinanti dovuta a cattiva gestione di impianti o strutture";"BONIFICA E RIPRISTINO AMBIENTALE CON MISURE DI SICUREZZA";"439950,0";"4972950,0";"2026-09-07T00:00:00.000Z";"ATTIVO";"8.2393159";"44.9074430";"OK"
"ASTI";"ASTI";"733";"01-00733";"AT-00019";"Presenza di sostanze inquinanti dovuta a cattiva gestione di impianti o strutture";"BONIFICA E RIPRISTINO AMBIENTALE CON MISURE DI SICUREZZA";"436892,0";"4972682,0";"2026-09-07T00:00:00.000Z";"CONCLUSO";"8.2006157";"44.9047661";"OK"
"ASTI";"CASTELLO DI ANNONE";"1002";"01-01002";"AT-00024";"Presenza di sostanze inquinanti dovuta a cattiva gestione di impianti o strutture";"BONIFICA E RIPRISTINO AMBIENTALE";"445796,0";"4969743,0";"2026-09-07T00:00:00.000Z";"CONCLUSO";"8.3137080";"44.8790446";"OK"
"ASTI";"FRINCO";"1014";"01-01014";"AT-00025";"Presenza di sostanze inquinanti dovuta a cattiva gestione di impianti o strutture";"BONIFICA E RIPRISTINO AMBIENTALE";"435610,0";"4984255,0";"2026-09-07T00:00:00.000Z";"CONCLUSO";"8.1829013";"45.0088208";"OK"
"ASTI";"MONTIGLIO MONFERRATO";"1016";"01-01016";"AT-00026";"Presenza di sostanze inquinanti dovuta a cattiva gestione di impianti o strutture";"BONIFICA E RIPRISTINO AMBIENTALE";"430781,0";"4987121,0";"2026-09-07T00:00:00.000Z";"CONCLUSO";"8.1212344";"45.0341624";"OK"
"ASTI";"VILLANOVA D'ASTI";"1023";"01-01023";"AT-00027";"Presenza di sostanze inquinanti dovuta a cattiva gestione di impianti o strutture";"BONIFICA E RIPRISTINO AMBIENTALE";"416819,0";"4976638,0";"2026-09-07T00:00:00.000Z";"CONCLUSO";"7.9457393";"44.9383096";"OK"
"ASTI";"COSTIGLIOLE D'ASTI";"1036";"01-01036";"AT-00028";"Presenza di sostanze inquinanti dovuta a gestione scorretta dei rifiuti";"BONIFICA E RIPRISTINO AMBIENTALE";"432600,0";"4961980,0";"2026-09-07T00:00:00.000Z";"ATTIVO";"8.1476774";"44.8080423";"OK"
"ASTI";"MOMBARUZZO";"1051";"01-01051";"AT-00030";"Sversamenti incidentali su suolo e acque";"INTERVENTO NON NECESSARIO";"453250,0";"4958704,0";"2026-09-07T00:00:00.000Z";"CONCLUSO";"8.4090960";"44.7802028";"OK"
"ASTI";"NIZZA MONFERRATO";"1381";"01-01381";"AT-00032";"Presenza di sostanze inquinanti dovuta a cattiva gestione di impianti o strutture";"BONIFICA E RIPRISTINO AMBIENTALE";"448240,0";"4957830,0";"2026-09-07T00:00:00.000Z";"CONCLUSO";"8.3458640";"44.7719901";"OK"
"ASTI";"ASTI";"1392";"01-01392";"AT-00033";"Presenza di sostanze inquinanti dovuta a cattiva gestione di impianti o strutture";"BONIFICA E RIPRISTINO AMBIENTALE CON MISURE DI SICUREZZA";"437953,0";"4971843,0";"2026-09-07T00:00:00.000Z";"CONCLUSO";"8.2141570";"44.8973074";"OK"
"ASTI";"MONCALVO";"1415";"01-01415";"AT-00034";"Presenza di sostanze inquinanti dovuta a cattiva gestione di impianti o strutture";"BONIFICA E RIPRISTINO AMBIENTALE";"442409,0";"4988254,0";"2026-09-07T00:00:00.000Z";"ATTIVO";"8.2687138";"45.0454011";"OK"
"ASTI";"ASTI";"1564";"01-01564";"AT-00035";"Presenza di sostanze inquinanti dovuta a cattiva gestione di impianti o strutture";"MESSA IN SICUREZZA OPERATIVA";"437201,0";"4973465,0";"2026-09-07T00:00:00.000Z";"CONCLUSO";"8.2044322";"44.9118414";"OK"
"ALESSANDRIA";"CASALE MONFERRATO";"2";"01-00002";"AL-00001";"Presenza di sostanze inquinanti dovuta a gestione scorretta dei rifiuti";"MESSA IN SICUREZZA PERMANENTE";"456268,0";"4998771,0";"2026-09-07T00:00:00.000Z";"CONCLUSO";"8.4437665";"45.1410596";"OK"
"ALESSANDRIA";"SERRAVALLE SCRIVIA";"10";"01-00010";"AL-00002";"Presenza di sostanze inquinanti dovuta a gestione scorretta dei rifiuti; Presenza di sostanze inquinanti dovuta a cattiva gestione di impianti o strutture";"BONIFICA E RIPRISTINO AMBIENTALE CON MISURE DI SICUREZZA";"487807,0";"4953579,0";"2026-09-07T00:00:00.000Z";"ATTIVO";"8.8460034";"44.7354908";"OK"
"ALESSANDRIA";"CASTELLAR GUIDOBONO";"67";"01-00067";"AL-00003";"Presenza di sostanze inquinanti dovuta a gestione scorretta dei rifiuti";"MESSA IN SICUREZZA PERMANENTE";"496933,0";"4972930,0";"2026-09-07T00:00:00.000Z";"CONCLUSO";"8.9611472";"44.9097898";"OK"
"ALESSANDRIA";"CAPRIATA D'ORBA";"80";"01-00080";"AL-00004";"Presenza di sostanze inquinanti dovuta a gestione scorretta dei rifiuti";"BONIFICA E RIPRISTINO AMBIENTALE";"474103,0";"4951150,0";"2026-09-07T00:00:00.000Z";"ATTIVO";"8.6730483";"44.7132599";"OK"
"ALESSANDRIA";"TORTONA";"96";"01-00096";"AL-00005";"Presenza di sostanze inquinanti dovuta a cattiva gestione di impianti o strutture";"BONIFICA E RIPRISTINO AMBIENTALE CON MISURE DI SICUREZZA";"488312,0";"4971730,0";"2026-09-07T00:00:00.000Z";"CONCLUSO";"8.8519640";"44.8988979";"OK"
"ALESSANDRIA";"ACQUI TERME";"398";"01-00398";"AL-00006";"Presenza di sostanze inquinanti dovuta a cattiva gestione di impianti o strutture";"BONIFICA E RIPRISTINO AMBIENTALE";"458213,0";"4945703,0";"2026-09-07T00:00:00.000Z";"ATTIVO";"8.4728875";"44.6634753";"OK"
"ALESSANDRIA";"NOVI LIGURE";"455";"01-00455";"AL-00007";"Presenza di sostanze inquinanti dovuta a gestione scorretta dei rifiuti";"BONIFICA E RIPRISTINO AMBIENTALE; MESSA IN SICUREZZA PERMANENTE";"482181,0";"4957009,0";"2026-09-07T00:00:00.000Z";"CONCLUSO";"8.7748281";"44.7662506";"OK"
"ALESSANDRIA";"SPIGNO MONFERRATO";"515";"01-00515";"AL-00008";"Incidenti a pipe line";"VERIFICA IN CORSO";"445446,0";"4930022,0";"2026-09-07T00:00:00.000Z";"ATTIVO";"8.3135152";"44.5214594";"OK"
"ALESSANDRIA";"TORTONA";"519";"01-00519";"AL-00009";"Presenza di sostanze inquinanti dovuta a cattiva gestione di impianti o strutture";"BONIFICA E RIPRISTINO AMBIENTALE";"488897,0";"4970694,0";"2026-09-07T00:00:00.000Z";"CONCLUSO";"8.8593961";"44.8895812";"OK"
"ALESSANDRIA";"ARQUATA SCRIVIA";"526";"01-00526";"AL-00010";"Presenza di sostanze inquinanti dovuta a cattiva gestione di impianti o strutture";"BONIFICA E RIPRISTINO AMBIENTALE CON MISURE DI SICUREZZA";"491019,0";"4949405,0";"2026-09-07T00:00:00.000Z";"CONCLUSO";"8.8866440";"44.6979625";"OK"
"ALESSANDRIA";"ARQUATA SCRIVIA";"558";"01-00558";"AL-00011";"Presenza di sostanze inquinanti dovuta a gestione scorretta dei rifiuti";"MESSA IN SICUREZZA PERMANENTE; BONIFICA E RIPRISTINO AMBIENTALE CON MISURE DI SICUREZZA";"491852,0";"4948310,0";"2026-09-07T00:00:00.000Z";"ATTIVO";"8.8971754";"44.6881148";"OK"
"ALESSANDRIA";"NOVI LIGURE";"585";"01-00585";"AL-00012";"Presenza di sostanze inquinanti dovuta a cattiva gestione di impianti o strutture";"BONIFICA E RIPRISTINO AMBIENTALE";"484023,0";"4955887,0";"2026-09-07T00:00:00.000Z";"CONCLUSO";"8.7981398";"44.7561936";"OK"
"ALESSANDRIA";"CASTELLAZZO BORMIDA";"603";"01-00603";"AL-00013";"Incidenti a pipe line; Presenza di sostanze inquinanti dovuta a cattiva gestione di impianti o strutture";"BONIFICA E RIPRISTINO AMBIENTALE";"466347,0";"4966225,0";"2026-09-07T00:00:00.000Z";"ATTIVO";"8.5741341";"44.8486432";"OK"
"ALESSANDRIA";"SERRAVALLE SCRIVIA";"607";"01-00607";"AL-00014";"Presenza di sostanze inquinanti dovuta a cattiva gestione di impianti o strutture";"BONIFICA E RIPRISTINO AMBIENTALE";"487659,0";"4955954,0";"2026-09-07T00:00:00.000Z";"ATTIVO";"8.8440767";"44.7568687";"OK"
"ALESSANDRIA";"CONIOLO";"613";"01-00613";"AL-00016";"Presenza di sostanze inquinanti dovuta a cattiva gestione di impianti o strutture; Eventi accidentali";"BONIFICA E RIPRISTINO AMBIENTALE";"453061,0";"5000898,0";"2026-09-07T00:00:00.000Z";"ATTIVO";"8.4027785";"45.1599992";"OK"
"ALESSANDRIA";"CARTOSIO";"626";"01-00626";"AL-00018";"Presenza di sostanze inquinanti dovuta a cattiva gestione di impianti o strutture";"BONIFICA E RIPRISTINO AMBIENTALE CON MISURE DI SICUREZZA";"453851,0";"4938606,0";"2026-09-07T00:00:00.000Z";"CONCLUSO";"8.4185051";"44.5993206";"OK"
"ALESSANDRIA";"TORTONA";"667";"01-00667";"AL-00021";"Sversamenti incidentali su suolo e acque";"BONIFICA E RIPRISTINO AMBIENTALE";"487349,0";"4970396,0";"2026-09-07T00:00:00.000Z";"CONCLUSO";"8.8398004";"44.8868727";"OK"
"ALESSANDRIA";"OVADA";"692";"01-00692";"AL-00023";"Sversamenti incidentali su suolo e acque";"BONIFICA E RIPRISTINO AMBIENTALE";"473923,0";"4939780,0";"2026-09-07T00:00:00.000Z";"CONCLUSO";"8.6713546";"44.6108971";"OK"
"ALESSANDRIA";"NOVI LIGURE";"710";"01-00710";"AL-00024";"Presenza di sostanze inquinanti dovuta a cattiva gestione di impianti o strutture";"BONIFICA E RIPRISTINO AMBIENTALE";"487986,0";"4956152,0";"2026-09-07T00:00:00.000Z";"CONCLUSO";"8.8482036";"44.7586568";"OK"
"ALESSANDRIA";"ALESSANDRIA";"721";"01-00721";"AL-00025";"Eventi accidentali; Presenza di sostanze inquinanti dovuta a cattiva gestione di impianti o strutture";"VERIFICA IN CORSO";"473506,0";"4969929,0";"2026-09-07T00:00:00.000Z";"ATTIVO";"8.6645332";"44.8822884";"OK"
"ALESSANDRIA";"ALESSANDRIA";"724";"01-00724";"AL-00026";"Eventi accidentali; Presenza di sostanze inquinanti dovuta a cattiva gestione di impianti o strutture";"BONIFICA E RIPRISTINO AMBIENTALE";"474128,0";"4970081,0";"2026-09-07T00:00:00.000Z";"ATTIVO";"8.6724010";"44.8836796";"OK"
"ALESSANDRIA";"POZZOLO FORMIGARO";"731";"01-00731";"AL-00027";"Presenza di sostanze inquinanti dovuta a cattiva gestione di impianti o strutture";"BONIFICA E RIPRISTINO AMBIENTALE";"480175,0";"4963196,0";"2026-09-07T00:00:00.000Z";"CONCLUSO";"8.7492382";"44.8218943";"OK"
"ALESSANDRIA";"SERRAVALLE SCRIVIA";"740";"01-00740";"AL-00029";"";"BONIFICA E RIPRISTINO AMBIENTALE; MESSA IN SICUREZZA OPERATIVA";"489595,0";"4950868,0";"2026-09-07T00:00:00.000Z";"ATTIVO";"8.8686409";"44.7111137";"OK"
"ALESSANDRIA";"VOLTAGGIO";"742";"01-00742";"AL-00030";"Incidenti a pipe line";"BONIFICA E RIPRISTINO AMBIENTALE";"488654,0";"4940796,0";"2026-09-07T00:00:00.000Z";"CONCLUSO";"8.8569843";"44.6204270";"OK"
"ALESSANDRIA";"ALESSANDRIA";"747";"01-00747";"AL-00031";"Eventi accidentali; Presenza di sostanze inquinanti dovuta a cattiva gestione di impianti o strutture";"VERIFICA IN CORSO";"474018,0";"4970201,0";"2026-09-07T00:00:00.000Z";"ATTIVO";"8.6710020";"44.8847558";"OK"
"ALESSANDRIA";"CASALE MONFERRATO";"749";"01-00749";"AL-00032";"Presenza di sostanze inquinanti dovuta a cattiva gestione di impianti o strutture";"BONIFICA E RIPRISTINO AMBIENTALE";"458473,0";"4997655,0";"2026-09-07T00:00:00.000Z";"CONCLUSO";"8.4719038";"45.1311472";"OK"
"ALESSANDRIA";"ARQUATA SCRIVIA";"752";"01-00752";"AL-00033";"Presenza di sostanze inquinanti dovuta a cattiva gestione di impianti o strutture";"BONIFICA E RIPRISTINO AMBIENTALE; BONIFICA E RIPRISTINO AMBIENTALE";"492551,0";"4946324,0";"2026-09-07T00:00:00.000Z";"ATTIVO";"8.9060254";"44.6702436";"OK"
"ALESSANDRIA";"QUATTORDIO";"766";"01-00766";"AL-00035";"Presenza di sostanze inquinanti dovuta a cattiva gestione di impianti o strutture";"BONIFICA E RIPRISTINO AMBIENTALE; BONIFICA E RIPRISTINO AMBIENTALE";"449919,0";"4972484,0";"2026-09-07T00:00:00.000Z";"ATTIVO";"8.3656359";"44.9040196";"OK"
"ALESSANDRIA";"TORTONA";"772";"01-00772";"AL-00038";"Presenza di sostanze inquinanti dovuta a cattiva gestione di impianti o strutture";"BONIFICA E RIPRISTINO AMBIENTALE CON MISURE DI SICUREZZA";"489006,0";"4970843,0";"2026-09-07T00:00:00.000Z";"CONCLUSO";"8.8607732";"44.8909242";"OK"
"ALESSANDRIA";"SALE";"780";"01-00780";"AL-00039";"Presenza di sostanze inquinanti dovuta a cattiva gestione di impianti o strutture";"BONIFICA E RIPRISTINO AMBIENTALE";"485297,0";"4980351,0";"2026-09-07T00:00:00.000Z";"CONCLUSO";"8.8135263";"44.9764481";"OK"
"ALESSANDRIA";"BERGAMASCO";"822";"01-00822";"AL-00044";"Presenza di sostanze inquinanti dovuta a cattiva gestione di impianti o strutture";"BONIFICA E RIPRISTINO AMBIENTALE";"456938,0";"4963908,0";"2026-09-07T00:00:00.000Z";"CONCLUSO";"8.4552681";"44.8272800";"OK"
"ALESSANDRIA";"NOVI LIGURE";"838";"01-00838";"AL-00045";"Presenza di sostanze inquinanti dovuta a cattiva gestione di impianti o strutture";"BONIFICA E RIPRISTINO AMBIENTALE";"483414,0";"4956349,0";"2026-09-07T00:00:00.000Z";"ATTIVO";"8.7904304";"44.7603388";"OK"
"ALESSANDRIA";"ALESSANDRIA";"840";"01-00840";"AL-00046";"Presenza di sostanze inquinanti dovuta a cattiva gestione di impianti o strutture";"BONIFICA E RIPRISTINO AMBIENTALE CON MISURE DI SICUREZZA";"471008,0";"4972928,0";"2026-09-07T00:00:00.000Z";"CONCLUSO";"8.6327323";"44.9091878";"OK"
"ALESSANDRIA";"TORTONA";"1028";"01-01028";"AL-00050";"Presenza di sostanze inquinanti dovuta a cattiva gestione di impianti o strutture";"BONIFICA E RIPRISTINO AMBIENTALE";"488522,0";"4972041,0";"2026-09-07T00:00:00.000Z";"CONCLUSO";"8.8546167";"44.9017010";"OK"
"ALESSANDRIA";"ALESSANDRIA";"1029";"01-01029";"AL-00051";"Incidenti a pipe line";"BONIFICA E RIPRISTINO AMBIENTALE";"467331,0";"4974915,0";"2026-09-07T00:00:00.000Z";"CONCLUSO";"8.5860252";"44.9269152";"OK"
"ALESSANDRIA";"CASALE MONFERRATO";"1041";"01-01041";"AL-00053";"Presenza di sostanze inquinanti dovuta a gestione scorretta dei rifiuti";"VERIFICA IN CORSO";"";"";"2026-09-07T00:00:00.000Z";"CONCLUSO";"";"";"NULL"
"ALESSANDRIA";"NOVI LIGURE";"1102";"01-01102";"AL-00054";"Presenza di sostanze inquinanti dovuta a cattiva gestione di impianti o strutture";"BONIFICA E RIPRISTINO AMBIENTALE CON MISURE DI SICUREZZA";"484097,0";"4955875,0";"2026-09-07T00:00:00.000Z";"CONCLUSO";"8.7990751";"44.7560873";"OK"
"ALESSANDRIA";"TORTONA";"1131";"01-01131";"AL-00055";"Presenza di sostanze inquinanti dovuta a gestione scorretta dei rifiuti";"BONIFICA E RIPRISTINO AMBIENTALE";"488914,0";"4971515,0";"2026-09-07T00:00:00.000Z";"ATTIVO";"8.8595934";"44.8969721";"OK"
"ALESSANDRIA";"TORTONA";"1132";"01-01132";"AL-00056";"Presenza di sostanze inquinanti dovuta a cattiva gestione di impianti o strutture";"BONIFICA E RIPRISTINO AMBIENTALE";"489385,0";"4971883,0";"2026-09-07T00:00:00.000Z";"CONCLUSO";"8.8655510";"44.9002921";"OK"
"ALESSANDRIA";"PREDOSA";"1134";"01-01134";"AL-00058";"Presenza di sostanze inquinanti dovuta a cattiva gestione di impianti o strutture";"BONIFICA E RIPRISTINO AMBIENTALE";"472978,0";"4955954,0";"2026-09-07T00:00:00.000Z";"CONCLUSO";"8.6585910";"44.7564649";"OK"
"ALESSANDRIA";"ALESSANDRIA";"1206";"01-01206";"AL-00062";"Presenza di sostanze inquinanti dovuta a cattiva gestione di impianti o strutture";"BONIFICA E RIPRISTINO AMBIENTALE";"468912,0";"4972283,0";"2026-09-07T00:00:00.000Z";"CONCLUSO";"8.6062207";"44.9032932";"OK"
"ALESSANDRIA";"CASALE MONFERRATO";"1225";"01-01225";"AL-00063";"Incidenti a pipe line";"BONIFICA E RIPRISTINO AMBIENTALE CON MISURE DI SICUREZZA; BONIFICA E RIPRISTINO AMBIENTALE";"464057,0";"5001660,0";"2026-09-07T00:00:00.000Z";"ATTIVO";"8.5426245";"45.1675041";"OK"
"ALESSANDRIA";"ALESSANDRIA";"1246";"01-01246";"AL-00064";"Presenza di sostanze inquinanti dovuta a cattiva gestione di impianti o strutture";"BONIFICA E RIPRISTINO AMBIENTALE CON MISURE DI SICUREZZA";"468808,0";"4973209,0";"2026-09-07T00:00:00.000Z";"ATTIVO";"8.6048463";"44.9116243";"OK"
"ALESSANDRIA";"ARQUATA SCRIVIA";"1248";"01-01248";"AL-00065";"Presenza di sostanze inquinanti dovuta a cattiva gestione di impianti o strutture";"BONIFICA E RIPRISTINO AMBIENTALE CON MISURE DI SICUREZZA";"492589,0";"4946396,0";"2026-09-07T00:00:00.000Z";"CONCLUSO";"8.9065037";"44.6708922";"OK"
"ALESSANDRIA";"OCCIMIANO";"1274";"01-01274";"AL-00067";"Presenza di sostanze inquinanti dovuta a cattiva gestione di impianti o strutture";"BONIFICA E RIPRISTINO AMBIENTALE";"461487,0";"4991457,0";"2026-09-07T00:00:00.000Z";"ATTIVO";"8.5107079";"45.0755271";"OK"
"ALESSANDRIA";"CASTELLAZZO BORMIDA";"361";"01-00361";"AL-00068";"Presenza di sostanze inquinanti dovuta a gestione scorretta dei rifiuti";"BONIFICA E RIPRISTINO AMBIENTALE CON MISURE DI SICUREZZA";"469353,0";"4968408,0";"2026-09-07T00:00:00.000Z";"ATTIVO";"8.6120410";"44.8684299";"OK"
"ALESSANDRIA";"CASTELNUOVO SCRIVIA";"1282";"01-01282";"AL-00069";"Presenza di sostanze inquinanti dovuta a cattiva gestione di impianti o strutture";"INTERVENTO NON NECESSARIO A SEGUITO ANALISI DI RISCHIO";"490317,0";"4981086,0";"2026-09-07T00:00:00.000Z";"CONCLUSO";"8.8771791";"44.9831507";"OK"
"ALESSANDRIA";"TORTONA";"1304";"01-01304";"AL-00071";"Presenza di sostanze inquinanti dovuta a cattiva gestione di impianti o strutture";"BONIFICA E RIPRISTINO AMBIENTALE";"490753,0";"4973454,0";"2026-09-07T00:00:00.000Z";"CONCLUSO";"8.8828493";"44.9144534";"OK"
"ALESSANDRIA";"CARBONARA SCRIVIA";"383";"01-00383";"AL-00073";"Presenza di sostanze inquinanti dovuta a gestione scorretta dei rifiuti";"BONIFICA E RIPRISTINO AMBIENTALE";"488519,0";"4966201,0";"2026-09-07T00:00:00.000Z";"CONCLUSO";"8.8547111";"44.8491287";"OK"
"ALESSANDRIA";"PECETTO DI VALENZA";"841";"01-00841";"AL-00074";"Presenza di sostanze inquinanti dovuta a cattiva gestione di impianti o strutture";"BONIFICA E RIPRISTINO AMBIENTALE; MESSA IN SICUREZZA OPERATIVA";"475868,0";"4982601,0";"2026-09-07T00:00:00.000Z";"ATTIVO";"8.6938347";"44.9964443";"OK"
"ALESSANDRIA";"CASTELNUOVO SCRIVIA";"635";"01-00635";"AL-00075";"Presenza di sostanze inquinanti dovuta a cattiva gestione di impianti o strutture";"BONIFICA E RIPRISTINO AMBIENTALE";"490698,0";"4980406,0";"2026-09-07T00:00:00.000Z";"CONCLUSO";"8.8820243";"44.9770345";"OK"
"ALESSANDRIA";"BOSCO MARENGO";"362";"01-00362";"AL-00076";"Presenza di sostanze inquinanti dovuta a gestione scorretta dei rifiuti";"VERIFICA IN CORSO";"475405,0";"4963604,0";"2026-09-07T00:00:00.000Z";"ATTIVO";"8.6888846";"44.8254187";"OK"
"ALESSANDRIA";"CASSINE";"1312";"01-01312";"AL-00077";"Incidenti a pipe line";"BONIFICA E RIPRISTINO AMBIENTALE";"463145,0";"4955292,0";"2026-09-07T00:00:00.000Z";"CONCLUSO";"8.5344075";"44.7500666";"OK"
"ALESSANDRIA";"MORANO SUL PO";"553";"01-00553";"AL-00078";"Sversamenti incidentali su suolo e acque";"VERIFICA IN CORSO";"449115,0";"5001946,0";"2026-09-07T00:00:00.000Z";"ATTIVO";"8.3524684";"45.1691588";"OK"
"ALESSANDRIA";"PONTESTURA";"58";"01-00058";"AL-00079";"Presenza di sostanze inquinanti dovuta a gestione scorretta dei rifiuti";"VERIFICA IN CORSO";"446338,0";"4996782,0";"2026-09-07T00:00:00.000Z";"ATTIVO";"8.3176871";"45.1224715";"OK"
"ALESSANDRIA";"ALESSANDRIA";"1321";"01-01321";"AL-00081";"Presenza di sostanze inquinanti dovuta a cattiva gestione di impianti o strutture";"BONIFICA E RIPRISTINO AMBIENTALE";"469561,0";"4974140,0";"2026-09-07T00:00:00.000Z";"CONCLUSO";"8.6143293";"44.9200377";"OK"
"ALESSANDRIA";"ACQUI TERME";"1337";"01-01337";"AL-00084";"Presenza di sostanze inquinanti dovuta a cattiva gestione di impianti o strutture";"BONIFICA E RIPRISTINO AMBIENTALE";"457575,0";"4947180,0";"2026-09-07T00:00:00.000Z";"CONCLUSO";"8.4647176";"44.6767339";"OK"
"ALESSANDRIA";"SAREZZANO";"1366";"01-01366";"AL-00085";"Incidenti a pipe line";"BONIFICA E RIPRISTINO AMBIENTALE";"494599,0";"4968708,0";"2026-09-07T00:00:00.000Z";"CONCLUSO";"8.9316250";"44.8717690";"OK"
"ALESSANDRIA";"ALESSANDRIA";"1388";"01-01388";"AL-00087";"Presenza di sostanze inquinanti dovuta a cattiva gestione di impianti o strutture";"BONIFICA E RIPRISTINO AMBIENTALE";"466696,0";"4974514,0";"2026-09-07T00:00:00.000Z";"CONCLUSO";"8.5780053";"44.9232760";"OK"
"ALESSANDRIA";"ALESSANDRIA";"1481";"01-01481";"AL-00090";"Sversamenti incidentali su suolo e acque";"INTERVENTO NON NECESSARIO A SEGUITO ANALISI DI RISCHIO";"467408,0";"4974787,0";"2026-09-07T00:00:00.000Z";"CONCLUSO";"8.5870092";"44.9257665";"OK"
"ALESSANDRIA";"QUATTORDIO";"1495";"01-01495";"AL-00092";"Presenza di sostanze inquinanti dovuta a cattiva gestione di impianti o strutture";"INTERVENTO NON NECESSARIO A SEGUITO ANALISI DI RISCHIO";"452837,0";"4971851,0";"2026-09-07T00:00:00.000Z";"CONCLUSO";"8.4026545";"44.8985209";"OK"
"ALESSANDRIA";"ALESSANDRIA";"1497";"01-01497";"AL-00093";"Incidenti a pipe line";"BONIFICA E RIPRISTINO AMBIENTALE";"467101,0";"4974670,0";"2026-09-07T00:00:00.000Z";"CONCLUSO";"8.5831267";"44.9246991";"OK"
"ALESSANDRIA";"ALESSANDRIA";"1501";"01-01501";"AL-00094";"Presenza di sostanze inquinanti dovuta a gestione scorretta dei rifiuti";"INTERVENTO NON NECESSARIO A SEGUITO ANALISI DI RISCHIO";"478657,0";"4973926,0";"2026-09-07T00:00:00.000Z";"CONCLUSO";"8.7295857";"44.9184423";"OK"
"ALESSANDRIA";"ARQUATA SCRIVIA";"1505";"01-01505";"AL-00095";"Presenza di sostanze inquinanti dovuta a cattiva gestione di impianti o strutture";"BONIFICA E RIPRISTINO AMBIENTALE; MESSA IN SICUREZZA OPERATIVA";"490311,0";"4949171,0";"2026-09-07T00:00:00.000Z";"ATTIVO";"8.8777123";"44.6958467";"OK"
"ALESSANDRIA";"BISTAGNO";"1506";"01-01506";"AL-00096";"Presenza di sostanze inquinanti dovuta a cattiva gestione di impianti o strutture";"VERIFICA IN CORSO";"449761,0";"4947279,0";"2026-09-07T00:00:00.000Z";"ATTIVO";"8.3661231";"44.6771205";"OK"
"ALESSANDRIA";"NOVI LIGURE";"1507";"01-01507";"AL-00097";"Presenza di sostanze inquinanti dovuta a cattiva gestione di impianti o strutture";"BONIFICA E RIPRISTINO AMBIENTALE";"484080,0";"4956101,0";"2026-09-07T00:00:00.000Z";"CONCLUSO";"8.7988533";"44.7581214";"OK"
"ALESSANDRIA";"TORTONA";"1509";"01-01509";"AL-00098";"Presenza di sostanze inquinanti dovuta a cattiva gestione di impianti o strutture";"INTERVENTO NON NECESSARIO A SEGUITO ANALISI DI RISCHIO";"490831,0";"4973588,0";"2026-09-07T00:00:00.000Z";"CONCLUSO";"8.8838350";"44.9156607";"OK"
"ALESSANDRIA";"ALESSANDRIA";"1512";"01-01512";"AL-00099";"Presenza di sostanze inquinanti dovuta a cattiva gestione di impianti o strutture";"INTERVENTO NON NECESSARIO A SEGUITO ANALISI DI RISCHIO";"476422,0";"4972479,0";"2026-09-07T00:00:00.000Z";"CONCLUSO";"8.7013362";"44.9053459";"OK"
"ALESSANDRIA";"OVADA";"1524";"01-01524";"AL-00100";"Presenza di sostanze inquinanti dovuta a cattiva gestione di impianti o strutture";"INTERVENTO NON NECESSARIO A SEGUITO ANALISI DI RISCHIO";"472083,0";"4943290,0";"2026-09-07T00:00:00.000Z";"CONCLUSO";"8.6479748";"44.6424262";"OK"
"ALESSANDRIA";"ALESSANDRIA";"1527";"01-01527";"AL-00101";"Presenza di sostanze inquinanti dovuta a gestione scorretta dei rifiuti";"VERIFICA IN CORSO";"480654,0";"4967569,0";"2026-09-07T00:00:00.000Z";"ATTIVO";"8.7551302";"44.8612736";"OK"
"ALESSANDRIA";"ACQUI TERME";"1530";"01-01530";"AL-00102";"Presenza di sostanze inquinanti dovuta a cattiva gestione di impianti o strutture";"VERIFICA IN CORSO";"455417,0";"4945786,0";"2026-09-07T00:00:00.000Z";"ATTIVO";"8.4376125";"44.6640543";"OK"
"ALESSANDRIA";"FELIZZANO";"1559";"01-01559";"AL-00108";"Presenza di sostanze inquinanti dovuta a cattiva gestione di impianti o strutture";"VERIFICA IN CORSO";"454787,0";"4971889,0";"2026-09-07T00:00:00.000Z";"ATTIVO";"8.4273477";"44.8989895";"OK"
"ALESSANDRIA";"BELFORTE MONFERRATO";"1617";"01-01617";"AL-00109";"Presenza di sostanze inquinanti dovuta a cattiva gestione di impianti o strutture";"BONIFICA E RIPRISTINO AMBIENTALE";"473502,0";"4937691,0";"2026-09-07T00:00:00.000Z";"CONCLUSO";"8.6661566";"44.5920757";"OK"
"ALESSANDRIA";"BELFORTE MONFERRATO";"1618";"01-01618";"AL-00110";"Presenza di sostanze inquinanti dovuta a cattiva gestione di impianti o strutture";"VERIFICA IN CORSO";"473382,0";"4937765,0";"2026-09-07T00:00:00.000Z";"CONCLUSO";"8.6646409";"44.5927374";"OK"
"ALESSANDRIA";"VIGUZZOLO";"1628";"01-01628";"AL-00111";"Incidenti a pipe line";"INTERVENTO NON NECESSARIO A SEGUITO ANALISI DI RISCHIO";"495128,0";"4969546,0";"2026-09-07T00:00:00.000Z";"CONCLUSO";"8.9383139";"44.8793166";"OK"
"ALESSANDRIA";"CASALE MONFERRATO";"1632";"01-01632";"AL-00113";"Presenza di sostanze inquinanti dovuta a cattiva gestione di impianti o strutture";"INTERVENTO NON NECESSARIO A SEGUITO ANALISI DI RISCHIO";"457027,0";"5000487,0";"2026-09-07T00:00:00.000Z";"CONCLUSO";"8.4532723";"45.1565524";"OK"
"ALESSANDRIA";"ALESSANDRIA";"1712";"01-01712";"AL-00117";"Sversamenti incidentali su suolo e acque";"INTERVENTO NON NECESSARIO A SEGUITO ANALISI DI RISCHIO";"470030,0";"4972332,0";"2026-09-07T00:00:00.000Z";"CONCLUSO";"8.6203787";"44.9037822";"OK"
"ALESSANDRIA";"TORTONA";"1719";"01-01719";"AL-00118";"Sversamenti incidentali su suolo e acque";"BONIFICA E RIPRISTINO AMBIENTALE";"486171,0";"4967931,0";"2026-09-07T00:00:00.000Z";"CONCLUSO";"8.8249507";"44.8646607";"OK"
"ALESSANDRIA";"BOSCO MARENGO";"1725";"01-01725";"AL-00119";"Presenza di sostanze inquinanti dovuta a cattiva gestione di impianti o strutture";"INTERVENTO NON NECESSARIO A SEGUITO ANALISI DI RISCHIO";"479913,0";"4963975,0";"2026-09-07T00:00:00.000Z";"CONCLUSO";"8.7458935";"44.8288996";"OK"
"ALESSANDRIA";"ALESSANDRIA";"1778";"01-01778";"AL-00122";"Presenza di sostanze inquinanti dovuta a cattiva gestione di impianti o strutture";"INTERVENTO NON NECESSARIO A SEGUITO ANALISI DI RISCHIO";"470447,0";"4972501,0";"2026-09-07T00:00:00.000Z";"CONCLUSO";"8.6256507";"44.9053209";"OK"
"ALESSANDRIA";"NOVI LIGURE";"1780";"01-01780";"AL-00123";"Presenza di sostanze inquinanti dovuta a cattiva gestione di impianti o strutture";"BONIFICA E RIPRISTINO AMBIENTALE";"487114,0";"4956308,0";"2026-09-07T00:00:00.000Z";"CONCLUSO";"8.8371820";"44.7600459";"OK"
"ALESSANDRIA";"TORTONA";"1800";"01-01800";"AL-00125";"Presenza di sostanze inquinanti dovuta a cattiva gestione di impianti o strutture";"INTERVENTO NON NECESSARIO A SEGUITO ANALISI DI RISCHIO";"489268,0";"4971838,0";"2026-09-07T00:00:00.000Z";"ATTIVO";"8.8640700";"44.8998852";"OK"
"ALESSANDRIA";"TORTONA";"1809";"01-01809";"AL-00126";"Presenza di sostanze inquinanti dovuta a gestione scorretta dei rifiuti";"INTERVENTO NON NECESSARIO A SEGUITO ANALISI DI RISCHIO";"488514,0";"4974233,0";"2026-09-07T00:00:00.000Z";"CONCLUSO";"8.8544656";"44.9214333";"OK"
"ALESSANDRIA";"ALESSANDRIA";"1815";"01-01815";"AL-00132";"Presenza di sostanze inquinanti dovuta a cattiva gestione di impianti o strutture";"INTERVENTO NON NECESSARIO A SEGUITO ANALISI DI RISCHIO";"470022,0";"4973909,0";"2026-09-07T00:00:00.000Z";"CONCLUSO";"8.6201839";"44.9179778";"OK"
"ALESSANDRIA";"CASTELLAZZO BORMIDA";"1818";"01-01818";"AL-00134";"Presenza di sostanze inquinanti dovuta a cattiva gestione di impianti o strutture";"BONIFICA E RIPRISTINO AMBIENTALE";"475188,0";"4964322,0";"2026-09-07T00:00:00.000Z";"CONCLUSO";"8.6861046";"44.8318747";"OK"
"ALESSANDRIA";"ALESSANDRIA";"1823";"01-01823";"AL-00135";"Presenza di sostanze inquinanti dovuta a cattiva gestione di impianti o strutture";"BONIFICA E RIPRISTINO AMBIENTALE; BONIFICA E RIPRISTINO AMBIENTALE";"475284,0";"4970795,0";"2026-09-07T00:00:00.000Z";"ATTIVO";"8.6870036";"44.8901480";"OK"
"ALESSANDRIA";"ARQUATA SCRIVIA";"1851";"01-01851";"AL-00137";"Presenza di sostanze inquinanti dovuta a cattiva gestione di impianti o strutture";"MESSA IN SICUREZZA OPERATIVA";"491199,0";"4949319,0";"2026-09-07T00:00:00.000Z";"ATTIVO";"8.8889174";"44.6971905";"OK"
"ALESSANDRIA";"ACQUI TERME";"1874";"01-01874";"AL-00138";"Presenza di sostanze inquinanti dovuta a cattiva gestione di impianti o strutture";"INTERVENTO NON NECESSARIO A SEGUITO ANALISI DI RISCHIO";"458063,0";"4945900,0";"2026-09-07T00:00:00.000Z";"CONCLUSO";"8.4709794";"44.6652400";"OK"
"ALESSANDRIA";"QUATTORDIO";"1875";"01-01875";"AL-00139";"Presenza di sostanze inquinanti dovuta a cattiva gestione di impianti o strutture";"VERIFICA IN CORSO";"452694,0";"4972003,0";"2026-09-07T00:00:00.000Z";"ATTIVO";"8.4008292";"44.8998797";"OK"
"ALESSANDRIA";"CASALE MONFERRATO";"1878";"01-01878";"AL-00140";"";"VERIFICA IN CORSO";"459757,0";"4998575,0";"2026-09-07T00:00:00.000Z";"ATTIVO";"8.4881576";"45.1395028";"OK"
"ALESSANDRIA";"ACQUI TERME";"1883";"01-01883";"AL-00141";"Presenza di sostanze inquinanti dovuta a cattiva gestione di impianti o strutture";"VERIFICA IN CORSO";"461183,0";"4947951,0";"2026-09-07T00:00:00.000Z";"ATTIVO";"8.5101801";"44.6838788";"OK"
"ALESSANDRIA";"OVIGLIO";"1955";"01-01955";"AL-00145";"Presenza di sostanze inquinanti dovuta a cattiva gestione di impianti o strutture";"INTERVENTO NON NECESSARIO A SEGUITO ANALISI DI RISCHIO";"459967,0";"4967623,0";"2026-09-07T00:00:00.000Z";"CONCLUSO";"8.4932902";"44.8608981";"OK"
"ALESSANDRIA";"ACQUI TERME";"1986";"01-01986";"AL-00149";"Presenza di sostanze inquinanti dovuta a cattiva gestione di impianti o strutture";"BONIFICA E RIPRISTINO AMBIENTALE";"458002,0";"4946256,0";"2026-09-07T00:00:00.000Z";"ATTIVO";"8.4701807";"44.6684412";"OK"
"ALESSANDRIA";"CAPRIATA D'ORBA";"2002";"01-02002";"AL-00150";"Eventi accidentali";"INTERVENTO NON NECESSARIO A SEGUITO ANALISI DI RISCHIO";"475182,0";"4956089,0";"2026-09-07T00:00:00.000Z";"CONCLUSO";"8.6864304";"44.7577600";"OK"
"ALESSANDRIA";"OVADA";"2037";"01-02037";"AL-00156";"Presenza di sostanze inquinanti dovuta a gestione scorretta dei rifiuti";"BONIFICA E RIPRISTINO AMBIENTALE";"470257,0";"4941203,0";"2026-09-07T00:00:00.000Z";"CONCLUSO";"8.6250709";"44.6235651";"OK"
"ALESSANDRIA";"SERRAVALLE SCRIVIA";"2054";"01-02054";"AL-00160";"Presenza di sostanze inquinanti dovuta a cattiva gestione di impianti o strutture";"INTERVENTO NON NECESSARIO A SEGUITO ANALISI DI RISCHIO";"488066,0";"4955887,0";"2026-09-07T00:00:00.000Z";"CONCLUSO";"8.8492206";"44.7562725";"OK"
"ALESSANDRIA";"VALENZA";"2068";"01-02068";"AL-00162";"Incendi";"INTERVENTO NON NECESSARIO A SEGUITO ANALISI DI RISCHIO";"472891,0";"4984235,0";"2026-09-07T00:00:00.000Z";"CONCLUSO";"8.6559778";"45.0110457";"OK"
"ALESSANDRIA";"NOVI LIGURE";"2112";"01-02112";"AL-00167";"Presenza di sostanze inquinanti dovuta a cattiva gestione di impianti o strutture";"VERIFICA IN CORSO";"482994,0";"4956651,0";"2026-09-07T00:00:00.000Z";"ATTIVO";"8.7851136";"44.7630476";"OK"
"ALESSANDRIA";"OVADA";"2120";"01-02120";"AL-00168";"Presenza di sostanze inquinanti dovuta a gestione scorretta dei rifiuti";"VERIFICA IN CORSO";"470902,0";"4942526,0";"2026-09-07T00:00:00.000Z";"ATTIVO";"8.6331264";"44.6355016";"OK"
"ALESSANDRIA";"ALESSANDRIA";"2127";"01-02127";"AL-00170";"Presenza di sostanze inquinanti dovuta a cattiva gestione di impianti o strutture";"INTERVENTO NON NECESSARIO A SEGUITO ANALISI DI RISCHIO";"466859,0";"4978069,0";"2026-09-07T00:00:00.000Z";"CONCLUSO";"8.5798372";"44.9552849";"OK"
"ALESSANDRIA";"PONTESTURA";"2153";"01-02153";"AL-00172";"Presenza di sostanze inquinanti dovuta a cattiva gestione di impianti o strutture";"INTERVENTO NON NECESSARIO A SEGUITO ANALISI DI RISCHIO";"445712,0";"4995805,0";"2026-09-07T00:00:00.000Z";"CONCLUSO";"8.3098341";"45.1136296";"OK"
"ALESSANDRIA";"NOVI LIGURE";"2165";"01-02165";"AL-00173";"Presenza di sostanze inquinanti dovuta a cattiva gestione di impianti o strutture";"INTERVENTO NON NECESSARIO A SEGUITO ANALISI DI RISCHIO";"481628,0";"4957067,0";"2026-09-07T00:00:00.000Z";"CONCLUSO";"8.7678380";"44.7667588";"OK"
"ALESSANDRIA";"CASALNOCETO";"2237";"01-02237";"AL-00182";"";"VERIFICA IN CORSO";"496194,0";"4974630,0";"2026-09-07T00:00:00.000Z";"ATTIVO";"8.9517727";"44.9250897";"OK"
"ALESSANDRIA";"ALESSANDRIA";"2244";"01-02244";"AL-00184";"Presenza di sostanze inquinanti dovuta a cattiva gestione di impianti o strutture";"INTERVENTO NON NECESSARIO A SEGUITO ANALISI DI RISCHIO";"470346,0";"4973686,0";"2026-09-07T00:00:00.000Z";"CONCLUSO";"8.6243019";"44.9159840";"OK"
"ALESSANDRIA";"NOVI LIGURE";"2257";"01-02257";"AL-00190";"Presenza di sostanze inquinanti dovuta a cattiva gestione di impianti o strutture";"VERIFICA IN CORSO";"483162,0";"4956984,0";"2026-09-07T00:00:00.000Z";"ATTIVO";"8.7872254";"44.7660493";"OK"
"ALESSANDRIA";"TORTONA";"2275";"01-02275";"AL-00191";"";"VERIFICA IN CORSO";"486926,0";"4974203,0";"2026-09-07T00:00:00.000Z";"ATTIVO";"8.8343456";"44.9211359";"OK"
"ALESSANDRIA";"GAVI";"2285";"01-02285";"AL-00196";"";"VERIFICA IN CORSO";"";"";"2026-09-07T00:00:00.000Z";"ATTIVO";"";"";"NULL"
"ALESSANDRIA";"ALESSANDRIA";"2304";"01-02304";"AL-00199";"Presenza di sostanze inquinanti dovuta a cattiva gestione di impianti o strutture";"INTERVENTO NON NECESSARIO A SEGUITO ANALISI DI RISCHIO";"468633,0";"4972228,0";"2026-09-07T00:00:00.000Z";"CONCLUSO";"8.6026902";"44.9027858";"OK"
"ALESSANDRIA";"VIGUZZOLO";"2305";"01-02305";"AL-00200";"Presenza di sostanze inquinanti dovuta a cattiva gestione di impianti o strutture";"VERIFICA IN CORSO";"495324,0";"4972195,0";"2026-09-07T00:00:00.000Z";"CONCLUSO";"8.9407711";"44.9031645";"OK"
"ALESSANDRIA";"SAN SALVATORE MONFERRATO";"2341";"01-02341";"AL-00205";"Presenza di sostanze inquinanti dovuta a cattiva gestione di impianti o strutture";"INTERVENTO NON NECESSARIO A SEGUITO ANALISI DI RISCHIO";"466295,0";"4982655,0";"2026-09-07T00:00:00.000Z";"CONCLUSO";"8.5723803";"44.9965403";"OK"
"ALESSANDRIA";"BASALUZZO";"2380";"01-02380";"AL-00207";"Sversamenti incidentali su suolo e acque";"MESSA IN SICUREZZA OPERATIVA";"479241,0";"4957276,0";"2026-09-07T00:00:00.000Z";"ATTIVO";"8.7376659";"44.7685749";"OK"
"ASTI";"ASTI";"1642";"01-01642";"AT-00037";"Presenza di sostanze inquinanti dovuta a cattiva gestione di impianti o strutture";"BONIFICA E RIPRISTINO AMBIENTALE";"436621,0";"4967084,0";"2026-09-07T00:00:00.000Z";"CONCLUSO";"8.1978838";"44.8543531";"OK"
"ASTI";"ASTI";"1768";"01-01768";"AT-00049";"Presenza di sostanze inquinanti dovuta a cattiva gestione di impianti o strutture";"BONIFICA E RIPRISTINO AMBIENTALE";"438469,0";"4973421,0";"2026-09-07T00:00:00.000Z";"ATTIVO";"8.2204997";"44.9115561";"OK"
"ASTI";"NIZZA MONFERRATO";"1769";"01-01769";"AT-00050";"Presenza di sostanze inquinanti dovuta a cattiva gestione di impianti o strutture";"VERIFICA IN CORSO";"448745,0";"4956640,0";"2026-09-07T00:00:00.000Z";"ATTIVO";"8.3523654";"44.7613145";"OK"
"ASTI";"VILLANOVA D'ASTI";"1770";"01-01770";"AT-00051";"Presenza di sostanze inquinanti dovuta a gestione scorretta dei rifiuti; Presenza di sostanze inquinanti dovuta a cattiva gestione di impianti o strutture";"BONIFICA E RIPRISTINO AMBIENTALE";"415809,0";"4976761,0";"2026-09-07T00:00:00.000Z";"CONCLUSO";"7.9329200";"44.9392978";"OK"
"ASTI";"ASTI";"1772";"01-01772";"AT-00052";"Presenza di sostanze inquinanti dovuta a cattiva gestione di impianti o strutture";"VERIFICA IN CORSO";"434838,0";"4972441,0";"2026-09-07T00:00:00.000Z";"ATTIVO";"8.1746316";"44.9024118";"OK"
"ASTI";"SAN DAMIANO D'ASTI";"1866";"01-01866";"AT-00054";"Presenza di sostanze inquinanti dovuta a cattiva gestione di impianti o strutture";"VERIFICA IN CORSO";"426099,0";"4964993,0";"2026-09-07T00:00:00.000Z";"CONCLUSO";"8.0650397";"44.8345193";"OK"
"ASTI";"ASTI";"2001";"01-02001";"AT-00055";"Presenza di sostanze inquinanti dovuta a cattiva gestione di impianti o strutture";"BONIFICA E RIPRISTINO AMBIENTALE";"438572,0";"4973778,0";"2026-09-07T00:00:00.000Z";"ATTIVO";"8.2217611";"44.9147784";"OK"
"ASTI";"ASTI";"2009";"01-02009";"AT-00056";"Presenza di sostanze inquinanti dovuta a cattiva gestione di impianti o strutture";"VERIFICA IN CORSO";"438878,0";"4972743,0";"2026-09-07T00:00:00.000Z";"CONCLUSO";"8.2257625";"44.9054885";"OK"
"ASTI";"VILLANOVA D'ASTI";"2010";"01-02010";"AT-00057";"Presenza di sostanze inquinanti dovuta a cattiva gestione di impianti o strutture";"VERIFICA IN CORSO";"417305,0";"4977856,0";"2026-09-07T00:00:00.000Z";"ATTIVO";"7.9516985";"44.9493289";"OK"
"ASTI";"ISOLA D'ASTI";"2011";"01-02011";"AT-00058";"Presenza di sostanze inquinanti dovuta a cattiva gestione di impianti o strutture";"BONIFICA E RIPRISTINO AMBIENTALE";"435998,0";"4964098,0";"2026-09-07T00:00:00.000Z";"ATTIVO";"8.1903765";"44.8274197";"OK"
"ASTI";"CASTELLO DI ANNONE";"2082";"01-02082";"AT-00059";"Incidenti a pipe line; Presenza di sostanze inquinanti dovuta a cattiva gestione di impianti o strutture";"VERIFICA IN CORSO";"449740,0";"4972563,0";"2026-09-07T00:00:00.000Z";"ATTIVO";"8.3633609";"44.9047181";"OK"
"ASTI";"ANTIGNANO";"2132";"01-02132";"AT-00062";"Presenza di sostanze inquinanti dovuta a cattiva gestione di impianti o strutture; Eventi accidentali";"VERIFICA IN CORSO";"431582,0";"4966140,0";"2026-09-07T00:00:00.000Z";"CONCLUSO";"8.1342452";"44.8453904";"OK"
"ASTI";"VILLANOVA D'ASTI";"2133";"01-02133";"AT-00063";"Incidenti a pipe line; Presenza di sostanze inquinanti dovuta a cattiva gestione di impianti o strutture";"VERIFICA IN CORSO";"417292,0";"4977979,0";"2026-09-07T00:00:00.000Z";"ATTIVO";"7.9515136";"44.9504345";"OK"
"ASTI";"COCCONATO";"2169";"01-02169";"AT-00064";"Presenza di sostanze inquinanti dovuta a gestione scorretta dei rifiuti";"VERIFICA IN CORSO";"426790,0";"4992471,0";"2026-09-07T00:00:00.000Z";"ATTIVO";"8.0697930";"45.0819147";"OK"
"ASTI";"TIGLIOLE";"2199";"01-02199";"AT-00066";"Presenza di sostanze inquinanti dovuta a gestione scorretta dei rifiuti";"BONIFICA E RIPRISTINO AMBIENTALE";"429383,0";"4969126,0";"2026-09-07T00:00:00.000Z";"CONCLUSO";"8.1060067";"44.8720532";"OK"
"ASTI";"ASTI";"2252";"01-02252";"AT-00067";"Presenza di sostanze inquinanti dovuta a gestione scorretta dei rifiuti";"BONIFICA E RIPRISTINO AMBIENTALE";"439065,0";"4972894,0";"2026-09-07T00:00:00.000Z";"ATTIVO";"8.2281129";"44.9068637";"OK"
"ASTI";"COSTIGLIOLE D'ASTI";"2273";"01-02273";"AT-00068";"Presenza di sostanze inquinanti dovuta a cattiva gestione di impianti o strutture";"VERIFICA IN CORSO";"432715,0";"4962391,0";"2026-09-07T00:00:00.000Z";"CONCLUSO";"8.1490771";"44.8117527";"OK"
"ASTI";"ASTI";"2319";"01-02319";"AT-00071";"Presenza di sostanze inquinanti dovuta a cattiva gestione di impianti o strutture";"BONIFICA E RIPRISTINO AMBIENTALE";"435364,0";"4967678,0";"2026-09-07T00:00:00.000Z";"ATTIVO";"8.1819013";"44.8595870";"OK"
"ASTI";"MONTECHIARO D'ASTI";"2327";"01-02327";"AT-00072";"Presenza di sostanze inquinanti dovuta a gestione scorretta dei rifiuti";"VERIFICA IN CORSO";"430507,0";"4984559,0";"2026-09-07T00:00:00.000Z";"ATTIVO";"8.1181104";"45.0110754";"OK"
"ASTI";"ROBELLA";"2342";"01-02342";"AT-00073";"Presenza di sostanze inquinanti dovuta a gestione scorretta dei rifiuti";"VERIFICA IN CORSO";"428508,0";"4993562,0";"2026-09-07T00:00:00.000Z";"ATTIVO";"8.0914634";"45.0919102";"OK"
"ASTI";"VESIME";"2387";"01-02387";"AT-00078";"Eventi accidentali";"VERIFICA IN CORSO";"438936,0";"4943733,0";"2026-09-07T00:00:00.000Z";"ATTIVO";"8.2299755";"44.6443610";"OK"
"ASTI";"ASTI";"2420";"01-02420";"AT-00082";"Presenza di sostanze inquinanti dovuta a cattiva gestione di impianti o strutture";"VERIFICA IN CORSO";"437759,0";"4970685,0";"2026-09-07T00:00:00.000Z";"ATTIVO";"8.2118425";"44.8868670";"OK"
"ASTI";"ASTI";"2439";"01-02439";"AT-00086";"Presenza di sostanze inquinanti dovuta a cattiva gestione di impianti o strutture; Eventi accidentali";"VERIFICA IN CORSO";"440551,0";"4972874,0";"2026-09-07T00:00:00.000Z";"ATTIVO";"8.2469373";"44.9068094";"OK"
"ASTI";"ASTI";"2481";"01-02481";"AT-00087";"Presenza di sostanze inquinanti dovuta a gestione scorretta dei rifiuti; Presenza di sostanze inquinanti dovuta a cattiva gestione di impianti o strutture";"VERIFICA IN CORSO";"439052,0";"4973117,0";"2026-09-07T00:00:00.000Z";"ATTIVO";"8.2279213";"44.9088699";"OK"
"ASTI";"MONALE";"2483";"01-02483";"AT-00088";"Eventi accidentali; Presenza di sostanze inquinanti dovuta a cattiva gestione di impianti o strutture";"VERIFICA IN CORSO";"426847,0";"4976159,0";"2026-09-07T00:00:00.000Z";"ATTIVO";"8.0728888";"44.9351007";"OK"
"ASTI";"CERRETO D'ASTI";"2499";"01-02499";"AT-00090";"Eventi accidentali; Presenza di sostanze inquinanti dovuta a cattiva gestione di impianti o strutture";"VERIFICA IN CORSO";"423756,0";"4987787,0";"2026-09-07T00:00:00.000Z";"ATTIVO";"8.0319601";"45.0394357";"OK"
"ASTI";"ASTI";"2533";"01-02533";"AT-00095";"Eventi accidentali";"VERIFICA IN CORSO";"438441,0";"4971746,0";"2026-09-07T00:00:00.000Z";"CONCLUSO";"8.2203488";"44.8964766";"OK"
"ASTI";"ASTI";"2534";"01-02534";"AT-00096";"Presenza di sostanze inquinanti dovuta a cattiva gestione di impianti o strutture; Presenza di sostanze inquinanti dovuta a gestione scorretta dei rifiuti";"VERIFICA IN CORSO";"438730,0";"4971148,0";"2026-09-07T00:00:00.000Z";"ATTIVO";"8.2240811";"44.8911188";"OK"
"ASTI";"VILLANOVA D'ASTI";"2661";"01-02661";"AT-00097";"Presenza di sostanze inquinanti dovuta a cattiva gestione di impianti o strutture";"VERIFICA IN CORSO";"415830,0";"4979512,0";"2026-09-07T00:00:00.000Z";"ATTIVO";"7.9327273";"44.9640605";"OK"
"ASTI";"VILLANOVA D'ASTI";"2703";"01-02703";"AT-00098";"Sversamenti incidentali su suolo e acque";"VERIFICA IN CORSO";"415799,0";"4976775,0";"2026-09-07T00:00:00.000Z";"ATTIVO";"7.9327909";"44.9394226";"OK"
"ASTI";"CASTAGNOLE DELLE LANZE";"2729";"01-02729";"AT-00099";"Sversamenti incidentali su suolo e acque";"VERIFICA IN CORSO";"432867,0";"4955615,0";"2026-09-07T00:00:00.000Z";"ATTIVO";"8.1518927";"44.7507743";"OK"
"ASTI";"ASTI";"2785";"01-02785";"AT-00100";"Presenza di sostanze inquinanti dovuta a gestione scorretta dei rifiuti";"VERIFICA IN CORSO";"437391,0";"4975532,0";"2026-09-07T00:00:00.000Z";"ATTIVO";"8.2065829";"44.9304636";"OK"
"ASTI";"VILLANOVA D'ASTI";"2789";"01-02789";"AT-00104";"Presenza di sostanze inquinanti dovuta a cattiva gestione di impianti o strutture";"VERIFICA IN CORSO";"415903,0";"4976836,0";"2026-09-07T00:00:00.000Z";"ATTIVO";"7.9340987";"44.9399840";"OK"
"ASTI";"ASTI";"2791";"01-02791";"AT-00106";"Presenza di sostanze inquinanti dovuta a cattiva gestione di impianti o strutture";"VERIFICA IN CORSO";"440896,0";"4972847,0";"2026-09-07T00:00:00.000Z";"ATTIVO";"8.2513103";"44.9065951";"OK"
"ASTI";"ASTI";"2792";"01-02792";"AT-00107";"Eventi accidentali";"VERIFICA IN CORSO";"436712,0";"4968706,0";"2026-09-07T00:00:00.000Z";"ATTIVO";"8.1988329";"44.8689613";"OK"
"ASTI";"CASTELLO DI ANNONE";"2868";"01-02868";"AT-00121";"Eventi accidentali";"VERIFICA IN CORSO";"445146,0";"4970967,0";"2026-09-07T00:00:00.000Z";"ATTIVO";"8.3053462";"44.8900126";"OK"
"ASTI";"CALAMANDRANA";"2896";"01-02896";"AT-00122";"Incendi";"VERIFICA IN CORSO";"448119,0";"4955362,0";"2026-09-07T00:00:00.000Z";"ATTIVO";"8.3445862";"44.7497651";"OK"
"ASTI";"VILLANOVA D'ASTI";"2964";"01-02964";"AT-00124";"Sversamenti incidentali su suolo e acque";"VERIFICA IN CORSO";"417194,0";"4977923,0";"2026-09-07T00:00:00.000Z";"ATTIVO";"7.9502806";"44.9499190";"OK"
"ASTI";"ASTI";"2993";"01-02993";"AT-00125";"Presenza di sostanze inquinanti dovuta a cattiva gestione di impianti o strutture";"VERIFICA IN CORSO";"438494,0";"4971964,0";"2026-09-07T00:00:00.000Z";"ATTIVO";"8.2209935";"44.8984435";"OK"
"ASTI";"SAN DAMIANO D'ASTI";"3046";"01-03046";"AT-00126";"Presenza di sostanze inquinanti dovuta a cattiva gestione di impianti o strutture";"VERIFICA IN CORSO";"425893,0";"4964582,0";"2026-09-07T00:00:00.000Z";"ATTIVO";"8.0624938";"44.8307985";"OK"
"ASTI";"FERRERE";"3047";"01-03047";"AT-00127";"Presenza di sostanze inquinanti dovuta a cattiva gestione di impianti o strutture";"VERIFICA IN CORSO";"419785,0";"4967286,0";"2026-09-07T00:00:00.000Z";"ATTIVO";"7.9848076";"44.8544761";"OK"
"BIELLA";"MASSAZZA";"318";"01-00318";"BI-00001";"Presenza di sostanze inquinanti dovuta a gestione scorretta dei rifiuti";"BONIFICA E RIPRISTINO AMBIENTALE";"434975,0";"5036783,0";"2026-09-07T00:00:00.000Z";"ATTIVO";"8.1679705";"45.4815462";"OK"
"BIELLA";"SALUSSOLA";"319";"01-00319";"BI-00002";"Presenza di sostanze inquinanti dovuta a gestione scorretta dei rifiuti";"BONIFICA E RIPRISTINO AMBIENTALE";"432747,0";"5030419,0";"2026-09-07T00:00:00.000Z";"CONCLUSO";"8.1403359";"45.4240578";"OK"
"BIELLA";"GAGLIANICO";"373";"01-00373";"BI-00003";"Eventi accidentali";"BONIFICA E RIPRISTINO AMBIENTALE";"429671,0";"5040894,0";"2026-09-07T00:00:00.000Z";"ATTIVO";"8.0995215";"45.5180308";"OK"
"BIELLA";"CREVACUORE";"387";"01-00387";"BI-00004";"Presenza di sostanze inquinanti dovuta a cattiva gestione di impianti o strutture";"BONIFICA E RIPRISTINO AMBIENTALE CON MISURE DI SICUREZZA";"442072,0";"5059552,0";"2026-09-07T00:00:00.000Z";"CONCLUSO";"8.2560703";"45.6870981";"OK"
"BIELLA";"CAMBURZANO";"394";"01-00394";"BI-00005";"Presenza di sostanze inquinanti dovuta a cattiva gestione di impianti o strutture";"BONIFICA E RIPRISTINO AMBIENTALE CON MISURE DI SICUREZZA";"422965,0";"5043816,0";"2026-09-07T00:00:00.000Z";"CONCLUSO";"8.0132116";"45.5436190";"OK"
"BIELLA";"DORZANO";"397";"01-00397";"BI-00007";"Presenza di sostanze inquinanti dovuta a gestione scorretta dei rifiuti";"BONIFICA E RIPRISTINO AMBIENTALE";"430017,0";"5030711,0";"2026-09-07T00:00:00.000Z";"CONCLUSO";"8.1054023";"45.4264179";"OK"
"BIELLA";"BIELLA";"472";"01-00472";"BI-00010";"Presenza di sostanze inquinanti dovuta a cattiva gestione di impianti o strutture";"BONIFICA E RIPRISTINO AMBIENTALE";"420586,0";"5053185,0";"2026-09-07T00:00:00.000Z";"CONCLUSO";"7.9812182";"45.6276688";"OK"
"BIELLA";"VALDILANA";"523";"01-00523";"BI-00011";"Eventi accidentali";"BONIFICA E RIPRISTINO AMBIENTALE";"436321,0";"5055640,0";"2026-09-07T00:00:00.000Z";"CONCLUSO";"8.1827340";"45.6513855";"OK"
"BIELLA";"COSSATO";"594";"01-00594";"BI-00014";"Presenza di sostanze inquinanti dovuta a cattiva gestione di impianti o strutture";"BONIFICA E RIPRISTINO AMBIENTALE";"436559,0";"5047247,0";"2026-09-07T00:00:00.000Z";"CONCLUSO";"8.1868806";"45.5758699";"OK"
"BIELLA";"VIGLIANO BIELLESE";"606";"01-00606";"BI-00016";"Incidenti a pipe line";"BONIFICA E RIPRISTINO AMBIENTALE CON MISURE DI SICUREZZA";"430634,0";"5045631,0";"2026-09-07T00:00:00.000Z";"ATTIVO";"8.1111785";"45.5607603";"OK"
"BIELLA";"COGGIOLA";"639";"01-00639";"BI-00018";"Incidenti a pipe line";"BONIFICA E RIPRISTINO AMBIENTALE";"437301,0";"5059145,0";"2026-09-07T00:00:00.000Z";"CONCLUSO";"8.1948581";"45.6830197";"OK"
"BIELLA";"CERRIONE";"649";"01-00649";"BI-00019";"Presenza di sostanze inquinanti dovuta a cattiva gestione di impianti o strutture";"BONIFICA E RIPRISTINO AMBIENTALE";"429263,0";"5035968,0";"2026-09-07T00:00:00.000Z";"CONCLUSO";"8.0950087";"45.4736554";"OK"
"BIELLA";"OCCHIEPPO SUPERIORE";"753";"01-00753";"BI-00022";"Presenza di sostanze inquinanti dovuta a cattiva gestione di impianti o strutture";"BONIFICA E RIPRISTINO AMBIENTALE CON MISURE DI SICUREZZA";"422913,0";"5045685,0";"2026-09-07T00:00:00.000Z";"CONCLUSO";"8.0122510";"45.5604337";"OK"
"BIELLA";"BIELLA";"832";"01-00832";"BI-00023";"Incidenti a pipe line";"BONIFICA E RIPRISTINO AMBIENTALE CON MISURE DI SICUREZZA";"425111,0";"5045354,0";"2026-09-07T00:00:00.000Z";"CONCLUSO";"8.0404616";"45.5576948";"OK"
"BIELLA";"BIELLA";"833";"01-00833";"BI-00024";"Incidenti a pipe line";"BONIFICA E RIPRISTINO AMBIENTALE";"426957,0";"5045211,0";"2026-09-07T00:00:00.000Z";"ATTIVO";"8.0641322";"45.5566041";"OK"
"BIELLA";"CAVAGLIA'";"1008";"01-01008";"BI-00025";"Presenza di sostanze inquinanti dovuta a cattiva gestione di impianti o strutture; Presenza di sostanze inquinanti dovuta a gestione scorretta dei rifiuti";"BONIFICA E RIPRISTINO AMBIENTALE";"431154,0";"5026295,0";"2026-09-07T00:00:00.000Z";"CONCLUSO";"8.1205519";"45.3867858";"OK"
"BIELLA";"BIELLA";"1010";"01-01010";"BI-00027";"Incidenti a pipe line";"BONIFICA E RIPRISTINO AMBIENTALE";"426539,0";"5044979,0";"2026-09-07T00:00:00.000Z";"CONCLUSO";"8.0588121";"45.5544721";"OK"
"BIELLA";"CREVACUORE";"1011";"01-01011";"BI-00028";"Incidenti a pipe line";"BONIFICA E RIPRISTINO AMBIENTALE";"441117,0";"5058658,0";"2026-09-07T00:00:00.000Z";"CONCLUSO";"8.2439154";"45.6789715";"OK"
"BIELLA";"BIELLA";"1026";"01-01026";"BI-00031";"Incidenti a pipe line";"BONIFICA E RIPRISTINO AMBIENTALE";"424409,0";"5046201,0";"2026-09-07T00:00:00.000Z";"CONCLUSO";"8.0313373";"45.5652417";"OK"
"BIELLA";"PONDERANO";"1049";"01-01049";"BI-00032";"Presenza di sostanze inquinanti dovuta a cattiva gestione di impianti o strutture";"BONIFICA E RIPRISTINO AMBIENTALE";"425719,0";"5043410,0";"2026-09-07T00:00:00.000Z";"CONCLUSO";"8.0485460";"45.5402644";"OK"
"BIELLA";"BIELLA";"1050";"01-01050";"BI-00033";"Presenza di sostanze inquinanti dovuta a cattiva gestione di impianti o strutture";"BONIFICA E RIPRISTINO AMBIENTALE";"425136,0";"5045405,0";"2026-09-07T00:00:00.000Z";"CONCLUSO";"8.0407741";"45.5581565";"OK"
"BIELLA";"COSSATO";"1054";"01-01054";"BI-00034";"Presenza di sostanze inquinanti dovuta a cattiva gestione di impianti o strutture";"BONIFICA E RIPRISTINO AMBIENTALE";"436558,0";"5047246,0";"2026-09-07T00:00:00.000Z";"ATTIVO";"8.1868679";"45.5758609";"OK"
"BIELLA";"BIELLA";"1126";"01-01126";"BI-00038";"Presenza di sostanze inquinanti dovuta a cattiva gestione di impianti o strutture";"BONIFICA E RIPRISTINO AMBIENTALE CON MISURE DI SICUREZZA";"425183,0";"5045390,0";"2026-09-07T00:00:00.000Z";"CONCLUSO";"8.0413785";"45.5580266";"OK"
"BIELLA";"BIELLA";"1249";"01-01249";"BI-00041";"Presenza di sostanze inquinanti dovuta a cattiva gestione di impianti o strutture";"BONIFICA E RIPRISTINO AMBIENTALE CON MISURE DI SICUREZZA";"427231,0";"5046599,0";"2026-09-07T00:00:00.000Z";"CONCLUSO";"8.0674357";"45.5691246";"OK"
"BIELLA";"MONGRANDO";"1309";"01-01309";"BI-00043";"Presenza di sostanze inquinanti dovuta a cattiva gestione di impianti o strutture";"BONIFICA E RIPRISTINO AMBIENTALE CON MISURE DI SICUREZZA";"422744,0";"5042081,0";"2026-09-07T00:00:00.000Z";"CONCLUSO";"8.0106550";"45.5279800";"OK"
"BIELLA";"OCCHIEPPO INFERIORE";"1329";"01-01329";"BI-00048";"Presenza di sostanze inquinanti dovuta a cattiva gestione di impianti o strutture";"INTERVENTO NON NECESSARIO A SEGUITO ANALISI DI RISCHIO";"424150,0";"5045290,0";"2026-09-07T00:00:00.000Z";"CONCLUSO";"8.0281602";"45.5570148";"OK"
"BIELLA";"COSSATO";"1330";"01-01330";"BI-00049";"Presenza di sostanze inquinanti dovuta a cattiva gestione di impianti o strutture";"BONIFICA E RIPRISTINO AMBIENTALE";"435644,0";"5046261,0";"2026-09-07T00:00:00.000Z";"CONCLUSO";"8.1752842";"45.5669118";"OK"
"BIELLA";"PRAY";"1333";"01-01333";"BI-00052";"Presenza di sostanze inquinanti dovuta a cattiva gestione di impianti o strutture";"BONIFICA E RIPRISTINO AMBIENTALE";"439125,0";"5057842,0";"2026-09-07T00:00:00.000Z";"CONCLUSO";"8.2184418";"45.6714554";"OK"
"BIELLA";"BIELLA";"1410";"01-01410";"BI-00058";"Incidenti a pipe line";"BONIFICA E RIPRISTINO AMBIENTALE";"425634,0";"5045621,0";"2026-09-07T00:00:00.000Z";"CONCLUSO";"8.0471212";"45.5601539";"OK"
"BIELLA";"PONDERANO";"1411";"01-01411";"BI-00059";"Eventi accidentali; Presenza di sostanze inquinanti dovuta a cattiva gestione di impianti o strutture";"BONIFICA E RIPRISTINO AMBIENTALE";"427308,0";"5044038,0";"2026-09-07T00:00:00.000Z";"CONCLUSO";"8.0688032";"45.5460840";"OK"
"BIELLA";"QUAREGNA CERRETO";"1588";"01-01588";"BI-00061";"Presenza di sostanze inquinanti dovuta a cattiva gestione di impianti o strutture";"BONIFICA E RIPRISTINO AMBIENTALE CON MISURE DI SICUREZZA";"435037,0";"5048122,0";"2026-09-07T00:00:00.000Z";"CONCLUSO";"8.1672589";"45.5836045";"OK"
"BIELLA";"VALDILANA";"1679";"01-01679";"BI-00067";"Presenza di sostanze inquinanti dovuta a cattiva gestione di impianti o strutture";"BONIFICA E RIPRISTINO AMBIENTALE";"434461,0";"5057504,0";"2026-09-07T00:00:00.000Z";"CONCLUSO";"8.1586138";"45.6679881";"OK"
"BIELLA";"SANDIGLIANO";"1830";"01-01830";"BI-00075";"Presenza di sostanze inquinanti dovuta a cattiva gestione di impianti o strutture";"BONIFICA E RIPRISTINO AMBIENTALE";"428221,0";"5039933,0";"2026-09-07T00:00:00.000Z";"CONCLUSO";"8.0810991";"45.5092340";"OK"
"BIELLA";"CERRIONE";"1903";"01-01903";"BI-00076";"Presenza di sostanze inquinanti dovuta a cattiva gestione di impianti o strutture";"BONIFICA E RIPRISTINO AMBIENTALE";"428835,0";"5037620,0";"2026-09-07T00:00:00.000Z";"CONCLUSO";"8.0892941";"45.4884800";"OK"
"BIELLA";"STRONA";"1935";"01-01935";"BI-00077";"Presenza di sostanze inquinanti dovuta a gestione scorretta dei rifiuti";"BONIFICA E RIPRISTINO AMBIENTALE";"435312,0";"5052513,0";"2026-09-07T00:00:00.000Z";"CONCLUSO";"8.1702012";"45.6231493";"OK"
"BIELLA";"SANDIGLIANO";"1962";"01-01962";"BI-00078";"Presenza di sostanze inquinanti dovuta a cattiva gestione di impianti o strutture";"VERIFICA IN CORSO";"427746,0";"5041500,0";"2026-09-07T00:00:00.000Z";"ATTIVO";"8.0747880";"45.5232878";"OK"
"BIELLA";"COSSATO";"1963";"01-01963";"BI-00079";"Presenza di sostanze inquinanti dovuta a cattiva gestione di impianti o strutture";"VERIFICA IN CORSO";"436494,0";"5047336,0";"2026-09-07T00:00:00.000Z";"ATTIVO";"8.1860360";"45.5766650";"OK"
"BIELLA";"ANDORNO MICCA";"1970";"01-01970";"BI-00081";"Presenza di sostanze inquinanti dovuta a cattiva gestione di impianti o strutture";"INTERVENTO NON NECESSARIO A SEGUITO ANALISI DI RISCHIO";"426239,0";"5051663,0";"2026-09-07T00:00:00.000Z";"CONCLUSO";"8.0539591";"45.6145949";"OK"
"BIELLA";"CERRIONE";"1971";"01-01971";"BI-00082";"Presenza di sostanze inquinanti dovuta a cattiva gestione di impianti o strutture";"BONIFICA E RIPRISTINO AMBIENTALE";"429189,0";"5035341,0";"2026-09-07T00:00:00.000Z";"CONCLUSO";"8.0941524";"45.4680049";"OK"
"CUNEO";"BRA";"2592";"01-02592";"CN-00096";"Sversamenti incidentali su suolo e acque";"BONIFICA E RIPRISTINO AMBIENTALE";"413439,0";"4948441,0";"2026-09-07T00:00:00.000Z";"CONCLUSO";"7.9077092";"44.6841168";"OK"
"CUNEO";"DOGLIANI";"2593";"01-02593";"CN-00097";"Presenza di sostanze inquinanti dovuta a cattiva gestione di impianti o strutture";"BONIFICA E RIPRISTINO AMBIENTALE";"416143,0";"4931575,0";"2026-09-07T00:00:00.000Z";"ATTIVO";"7.9445774";"44.5326269";"OK"
"CUNEO";"LESEGNO";"2671";"01-02671";"CN-00098";"Presenza di sostanze inquinanti dovuta a cattiva gestione di impianti o strutture";"VERIFICA IN CORSO";"417204,0";"4917021,0";"2026-09-07T00:00:00.000Z";"ATTIVO";"7.9602573";"44.4017449";"OK"
"CUNEO";"SALUZZO";"2810";"01-02810";"CN-00101";"Presenza di sostanze inquinanti dovuta a cattiva gestione di impianti o strutture";"BONIFICA E RIPRISTINO AMBIENTALE";"381471,0";"4944465,0";"2026-09-07T00:00:00.000Z";"CONCLUSO";"7.5053518";"44.6437655";"OK"
"CUNEO";"MORETTA";"2862";"01-02862";"CN-00103";"Presenza di sostanze inquinanti dovuta a cattiva gestione di impianti o strutture";"BONIFICA E RIPRISTINO AMBIENTALE";"383959,0";"4956828,0";"2026-09-07T00:00:00.000Z";"CONCLUSO";"7.5339095";"44.7554320";"OK"
"CUNEO";"GOVONE";"2864";"01-02864";"CN-00105";"Presenza di sostanze inquinanti dovuta a gestione scorretta dei rifiuti";"VERIFICA IN CORSO";"430944,0";"4960223,0";"2026-09-07T00:00:00.000Z";"ATTIVO";"8.1269770";"44.7920690";"OK"
"CUNEO";"BRA";"3007";"01-03007";"CN-00107";"Presenza di sostanze inquinanti dovuta a cattiva gestione di impianti o strutture; Presenza di sostanze inquinanti dovuta a gestione scorretta dei rifiuti";"VERIFICA IN CORSO";"408631,0";"4949678,0";"2026-09-07T00:00:00.000Z";"ATTIVO";"7.8468294";"44.6946542";"OK"
"CUNEO";"MOIOLA";"3022";"01-03022";"CN-00108";"";"VERIFICA IN CORSO";"371288,0";"4907587,0";"2026-09-07T00:00:00.000Z";"ATTIVO";"7.3861691";"44.3101422";"OK"
"CUNEO";"CUNEO";"3023";"01-03023";"CN-00109";"";"VERIFICA IN CORSO";"382588,0";"4925469,0";"2026-09-07T00:00:00.000Z";"ATTIVO";"7.5237623";"44.4729921";"OK"
"CUNEO";"CARRU'";"3120";"01-03120";"CN-00110";"";"VERIFICA IN CORSO";"407472,0";"4926938,0";"2026-09-07T00:00:00.000Z";"ATTIVO";"7.8362967";"44.4898295";"OK"
"NOVARA";"GALLIATE";"25";"01-00025";"NO-00002";"Presenza di sostanze inquinanti dovuta a gestione scorretta dei rifiuti";"BONIFICA E RIPRISTINO AMBIENTALE";"479628,0";"5037114,0";"2026-09-07T00:00:00.000Z";"ATTIVO";"8.7393032";"45.4872584";"OK"
"NOVARA";"NOVARA";"265";"01-00265";"NO-00003";"Presenza di sostanze inquinanti dovuta a cattiva gestione di impianti o strutture";"BONIFICA E RIPRISTINO AMBIENTALE";"472328,0";"5033879,0";"2026-09-07T00:00:00.000Z";"ATTIVO";"8.6460703";"45.4578887";"OK"
"NOVARA";"BORGOMANERO";"341";"01-00341";"NO-00004";"Presenza di sostanze inquinanti dovuta a cattiva gestione di impianti o strutture";"BONIFICA E RIPRISTINO AMBIENTALE";"456629,0";"5063131,0";"2026-09-07T00:00:00.000Z";"ATTIVO";"8.4426855";"45.7203748";"OK"
"NOVARA";"NOVARA";"343";"01-00343";"NO-00005";"Presenza di sostanze inquinanti dovuta a cattiva gestione di impianti o strutture";"BONIFICA E RIPRISTINO AMBIENTALE";"468909,0";"5033386,0";"2026-09-07T00:00:00.000Z";"CONCLUSO";"8.6023729";"45.4533074";"OK"
"NOVARA";"TRECATE";"366";"01-00366";"NO-00009";"Esplosioni";"BONIFICA E RIPRISTINO AMBIENTALE CON MISURE DI SICUREZZA";"480022,0";"5033772,0";"2026-09-07T00:00:00.000Z";"ATTIVO";"8.7444811";"45.4571881";"OK"
"NOVARA";"NOVARA";"385";"01-00385";"NO-00010";"Presenza di sostanze inquinanti dovuta a gestione scorretta dei rifiuti";"BONIFICA E RIPRISTINO AMBIENTALE";"473499,0";"5031873,0";"2026-09-07T00:00:00.000Z";"CONCLUSO";"8.6611554";"45.4398780";"OK"
"NOVARA";"TRECATE";"403";"01-00403";"NO-00011";"Incidenti a pipe line";"INTERVENTO NON NECESSARIO";"481624,0";"5032913,0";"2026-09-07T00:00:00.000Z";"CONCLUSO";"8.7650026";"45.4495002";"OK"
"NOVARA";"VARALLO POMBIA";"425";"01-00425";"NO-00012";"Presenza di sostanze inquinanti dovuta a gestione scorretta dei rifiuti";"BONIFICA E RIPRISTINO AMBIENTALE";"470340,0";"5057462,0";"2026-09-07T00:00:00.000Z";"CONCLUSO";"8.6192126";"45.6700738";"OK"
"NOVARA";"GHEMME";"436";"01-00436";"NO-00013";"Presenza di sostanze inquinanti dovuta a cattiva gestione di impianti o strutture";"BONIFICA E RIPRISTINO AMBIENTALE";"457437,0";"5051341,0";"2026-09-07T00:00:00.000Z";"ATTIVO";"8.4541003";"45.6143096";"OK"
"NOVARA";"NOVARA";"452";"01-00452";"NO-00014";"Presenza di sostanze inquinanti dovuta a cattiva gestione di impianti o strutture";"INTERVENTO NON NECESSARIO";"470224,0";"5034016,0";"2026-09-07T00:00:00.000Z";"CONCLUSO";"8.6191520";"45.4590353";"OK"
"NOVARA";"PETTENASCO";"462";"01-00462";"NO-00015";"Presenza di sostanze inquinanti dovuta a gestione scorretta dei rifiuti";"INTERVENTO NON NECESSARIO";"454793,0";"5074076,0";"2026-09-07T00:00:00.000Z";"CONCLUSO";"8.4180707";"45.8187650";"OK"
"NOVARA";"TRECATE";"463";"01-00463";"NO-00016";"Incidenti a pipe line";"BONIFICA E RIPRISTINO AMBIENTALE CON MISURE DI SICUREZZA";"484539,0";"5032258,0";"2026-09-07T00:00:00.000Z";"CONCLUSO";"8.8023008";"45.4436750";"OK"
"NOVARA";"GOZZANO";"471";"01-00471";"NO-00017";"Presenza di sostanze inquinanti dovuta a gestione scorretta dei rifiuti";"BONIFICA E RIPRISTINO AMBIENTALE CON MISURE DI SICUREZZA";"455791,0";"5065819,0";"2026-09-07T00:00:00.000Z";"ATTIVO";"8.4316725";"45.7445147";"OK"
"NOVARA";"PARUZZARO";"481";"01-00481";"NO-00018";"Presenza di sostanze inquinanti dovuta a gestione scorretta dei rifiuti";"BONIFICA E RIPRISTINO AMBIENTALE; INTERVENTO NON NECESSARIO";"462566,0";"5067191,0";"2026-09-07T00:00:00.000Z";"ATTIVO";"8.5186588";"45.7572633";"OK"
"NOVARA";"TORNACO";"485";"01-00485";"NO-00020";"Presenza di sostanze inquinanti dovuta a gestione scorretta dei rifiuti; Incendi";"INTERVENTO NON NECESSARIO";"478773,0";"5021521,0";"2026-09-07T00:00:00.000Z";"CONCLUSO";"8.7290341";"45.3468777";"OK"
"NOVARA";"TRECATE";"486";"01-00486";"NO-00021";"Sversamenti incidentali su suolo e acque";"BONIFICA E RIPRISTINO AMBIENTALE";"477134,0";"5031316,0";"2026-09-07T00:00:00.000Z";"CONCLUSO";"8.7076582";"45.4349928";"OK"
"NOVARA";"NOVARA";"510";"01-00510";"NO-00022";"Presenza di sostanze inquinanti dovuta a cattiva gestione di impianti o strutture";"INTERVENTO NON NECESSARIO";"472122,0";"5030394,0";"2026-09-07T00:00:00.000Z";"CONCLUSO";"8.6436331";"45.4265119";"OK"
"NOVARA";"CARPIGNANO SESIA";"521";"01-00521";"NO-00024";"Presenza di sostanze inquinanti dovuta a gestione scorretta dei rifiuti";"INTERVENTO NON NECESSARIO";"454797,0";"5043731,0";"2026-09-07T00:00:00.000Z";"CONCLUSO";"8.4209467";"45.5456486";"OK"
"NOVARA";"INVORIO";"548";"01-00548";"NO-00026";"Eventi accidentali";"INTERVENTO NON NECESSARIO";"459823,0";"5067135,0";"2026-09-07T00:00:00.000Z";"CONCLUSO";"8.4833942";"45.7566052";"OK"
"NOVARA";"NOVARA";"551";"01-00551";"NO-00027";"Presenza di sostanze inquinanti dovuta a cattiva gestione di impianti o strutture";"BONIFICA E RIPRISTINO AMBIENTALE";"471086,0";"5031535,0";"2026-09-07T00:00:00.000Z";"CONCLUSO";"8.6303230";"45.4367400";"OK"
"NOVARA";"OLEGGIO";"562";"01-00562";"NO-00028";"Sversamenti incidentali su suolo e acque";"INTERVENTO NON NECESSARIO";"475108,0";"5048943,0";"2026-09-07T00:00:00.000Z";"CONCLUSO";"8.6808606";"45.5935838";"OK"
"NOVARA";"NOVARA";"570";"01-00570";"NO-00029";"Sversamenti incidentali su suolo e acque";"INTERVENTO NON NECESSARIO";"471918,0";"5029802,0";"2026-09-07T00:00:00.000Z";"CONCLUSO";"8.6410592";"45.4211751";"OK"
"NOVARA";"POGNO";"573";"01-00573";"NO-00030";"Presenza di sostanze inquinanti dovuta a gestione scorretta dei rifiuti";"VERIFICA IN CORSO";"451985,0";"5066785,0";"2026-09-07T00:00:00.000Z";"ATTIVO";"8.3826515";"45.7529550";"OK"
"NOVARA";"SAN PIETRO MOSEZZO";"589";"01-00589";"NO-00032";"Eventi accidentali";"INTERVENTO NON NECESSARIO";"465685,0";"5035985,0";"2026-09-07T00:00:00.000Z";"CONCLUSO";"8.5609603";"45.4765498";"OK"
"NOVARA";"ROMENTINO";"595";"01-00595";"NO-00033";"Incidenti a pipe line";"BONIFICA E RIPRISTINO AMBIENTALE CON MISURE DI SICUREZZA";"481155,0";"5035329,0";"2026-09-07T00:00:00.000Z";"CONCLUSO";"8.7589123";"45.4712344";"OK"
"NOVARA";"NOVARA";"608";"01-00608";"NO-00034";"Presenza di sostanze inquinanti dovuta a gestione scorretta dei rifiuti";"BONIFICA E RIPRISTINO AMBIENTALE";"469873,0";"5031235,0";"2026-09-07T00:00:00.000Z";"CONCLUSO";"8.6148331";"45.4339884";"OK"
"NOVARA";"TRECATE";"615";"01-00615";"NO-00035";"Eventi accidentali";"INTERVENTO NON NECESSARIO";"483360,0";"5031967,0";"2026-09-07T00:00:00.000Z";"CONCLUSO";"8.7872349";"45.4410286";"OK"
"NOVARA";"ARONA";"621";"01-00621";"NO-00036";"";"INTERVENTO NON NECESSARIO";"465419,0";"5066401,0";"2026-09-07T00:00:00.000Z";"CONCLUSO";"8.5553991";"45.7503016";"OK"
"NOVARA";"ROMAGNANO SESIA";"634";"01-00634";"NO-00037";"Presenza di sostanze inquinanti dovuta a gestione scorretta dei rifiuti";"BONIFICA E RIPRISTINO AMBIENTALE";"453560,0";"5051301,0";"2026-09-07T00:00:00.000Z";"CONCLUSO";"8.4043815";"45.6137011";"OK"
"NOVARA";"BORGOMANERO";"636";"01-00636";"NO-00038";"Presenza di sostanze inquinanti dovuta a cattiva gestione di impianti o strutture";"INTERVENTO NON NECESSARIO";"458797,0";"5061799,0";"2026-09-07T00:00:00.000Z";"CONCLUSO";"8.4706561";"45.7085188";"OK"
"NOVARA";"NOVARA";"658";"01-00658";"NO-00039";"Presenza di sostanze inquinanti dovuta a cattiva gestione di impianti o strutture";"BONIFICA E RIPRISTINO AMBIENTALE; INTERVENTO NON NECESSARIO A SEGUITO ANALISI DI RISCHIO";"470780,0";"5034597,0";"2026-09-07T00:00:00.000Z";"CONCLUSO";"8.6262288";"45.4642884";"OK"
"NOVARA";"INVORIO";"661";"01-00661";"NO-00040";"Eventi accidentali";"INTERVENTO NON NECESSARIO";"458075,0";"5066122,0";"2026-09-07T00:00:00.000Z";"CONCLUSO";"8.4610068";"45.7473840";"OK"
"NOVARA";"NOVARA";"684";"01-00684";"NO-00042";"Sversamenti incidentali su suolo e acque";"INTERVENTO NON NECESSARIO";"472130,0";"5034497,0";"2026-09-07T00:00:00.000Z";"CONCLUSO";"8.6435028";"45.4634435";"OK"
"NOVARA";"NOVARA";"1448";"01-01448";"NO-00186";"Presenza di sostanze inquinanti dovuta a cattiva gestione di impianti o strutture";"BONIFICA E RIPRISTINO AMBIENTALE";"473183,0";"5035086,0";"2026-09-07T00:00:00.000Z";"CONCLUSO";"8.6569398";"45.4687863";"OK"
"NOVARA";"ARONA";"1463";"01-01463";"NO-00188";"Presenza di sostanze inquinanti dovuta a cattiva gestione di impianti o strutture";"BONIFICA E RIPRISTINO AMBIENTALE";"465689,0";"5066786,0";"2026-09-07T00:00:00.000Z";"CONCLUSO";"8.5588430";"45.7537802";"OK"
"NOVARA";"TRECATE";"1500";"01-01500";"NO-00190";"Incidenti a pipe line";"MESSA IN SICUREZZA OPERATIVA";"483316,0";"5031532,0";"2026-09-07T00:00:00.000Z";"CONCLUSO";"8.7866871";"45.4371120";"OK"
"NOVARA";"ARONA";"1504";"01-01504";"NO-00191";"Presenza di sostanze inquinanti dovuta a gestione scorretta dei rifiuti";"BONIFICA E RIPRISTINO AMBIENTALE";"465870,0";"5066498,0";"2026-09-07T00:00:00.000Z";"CONCLUSO";"8.5611905";"45.7511970";"OK"
"NOVARA";"TRECATE";"1513";"01-01513";"NO-00192";"Presenza di sostanze inquinanti dovuta a gestione scorretta dei rifiuti";"BONIFICA E RIPRISTINO AMBIENTALE";"483069,0";"5030551,0";"2026-09-07T00:00:00.000Z";"CONCLUSO";"8.7835628";"45.4282759";"OK"
"NOVARA";"POGNO";"1516";"01-01516";"NO-00193";"Presenza di sostanze inquinanti dovuta a gestione scorretta dei rifiuti";"INTERVENTO NON NECESSARIO";"451836,0";"5067411,0";"2026-09-07T00:00:00.000Z";"CONCLUSO";"8.3806735";"45.7585788";"OK"
"NOVARA";"BORGOMANERO";"1520";"01-01520";"NO-00194";"Presenza di sostanze inquinanti dovuta a cattiva gestione di impianti o strutture";"BONIFICA E RIPRISTINO AMBIENTALE CON MISURE DI SICUREZZA";"457388,0";"5062435,0";"2026-09-07T00:00:00.000Z";"CONCLUSO";"8.4524993";"45.7141577";"OK"
"NOVARA";"MIASINO";"1537";"01-01537";"NO-00195";"Eventi accidentali";"INTERVENTO NON NECESSARIO";"455703,0";"5072175,0";"2026-09-07T00:00:00.000Z";"CONCLUSO";"8.4299587";"45.8017147";"OK"
"NOVARA";"NOVARA";"1539";"01-01539";"NO-00196";"";"BONIFICA E RIPRISTINO AMBIENTALE CON MISURE DI SICUREZZA";"472310,0";"5033565,0";"2026-09-07T00:00:00.000Z";"CONCLUSO";"8.6458577";"45.4550617";"OK"
"NOVARA";"NOVARA";"1540";"01-01540";"NO-00197";"Presenza di sostanze inquinanti dovuta a gestione scorretta dei rifiuti";"BONIFICA E RIPRISTINO AMBIENTALE CON MISURE DI SICUREZZA";"472950,0";"5033833,0";"2026-09-07T00:00:00.000Z";"ATTIVO";"8.6540281";"45.4574991";"OK"
"NOVARA";"NOVARA";"1548";"01-01548";"NO-00198";"Presenza di sostanze inquinanti dovuta a cattiva gestione di impianti o strutture";"BONIFICA E RIPRISTINO AMBIENTALE CON MISURE DI SICUREZZA";"471874,0";"5032932,0";"2026-09-07T00:00:00.000Z";"CONCLUSO";"8.6403178";"45.4493466";"OK"
"NOVARA";"BORGOLAVEZZARO";"1553";"01-01553";"NO-00199";"Eventi accidentali";"INTERVENTO NON NECESSARIO";"477676,0";"5018918,0";"2026-09-07T00:00:00.000Z";"CONCLUSO";"8.7151484";"45.3234133";"OK"
"NOVARA";"GARBAGNA NOVARESE";"1563";"01-01563";"NO-00200";"Presenza di sostanze inquinanti dovuta a gestione scorretta dei rifiuti; Eventi accidentali";"VERIFICA IN CORSO";"473333,0";"5027646,0";"2026-09-07T00:00:00.000Z";"CONCLUSO";"8.6592619";"45.4018241";"OK"
"NOVARA";"NOVARA";"1586";"01-01586";"NO-00201";"Eventi accidentali";"VERIFICA IN CORSO";"472862,0";"5033471,0";"2026-09-07T00:00:00.000Z";"ATTIVO";"8.6529226";"45.4542373";"OK"
"NOVARA";"NOVARA";"1605";"01-01605";"NO-00202";"Eventi accidentali";"BONIFICA E RIPRISTINO AMBIENTALE CON MISURE DI SICUREZZA";"469059,0";"5031538,0";"2026-09-07T00:00:00.000Z";"CONCLUSO";"8.6044075";"45.4366802";"OK"
"NOVARA";"ROMENTINO";"1637";"01-01637";"NO-00203";"";"MESSA IN SICUREZZA OPERATIVA";"477822,0";"5034492,0";"2026-09-07T00:00:00.000Z";"ATTIVO";"8.7163109";"45.4636025";"OK"
"NOVARA";"BRIGA NOVARESE";"1644";"01-01644";"NO-00204";"Presenza di sostanze inquinanti dovuta a cattiva gestione di impianti o strutture";"BONIFICA E RIPRISTINO AMBIENTALE CON MISURE DI SICUREZZA; INTERVENTO NON NECESSARIO A SEGUITO ANALISI DI RISCHIO";"457333,0";"5063555,0";"2026-09-07T00:00:00.000Z";"ATTIVO";"8.4516941";"45.7242348";"OK"
"NOVARA";"NOVARA";"1651";"01-01651";"NO-00205";"Eventi accidentali";"INTERVENTO NON NECESSARIO A SEGUITO ANALISI DI RISCHIO";"471380,0";"5032456,0";"2026-09-07T00:00:00.000Z";"CONCLUSO";"8.6340283";"45.4450421";"OK"
"NOVARA";"TRECATE";"1652";"01-01652";"NO-00206";"Incidenti a pipe line";"BONIFICA E RIPRISTINO AMBIENTALE";"479426,0";"5033218,0";"2026-09-07T00:00:00.000Z";"CONCLUSO";"8.7368815";"45.4521842";"OK"
"NOVARA";"TRECATE";"1708";"01-01708";"NO-00208";"Eventi accidentali";"BONIFICA E RIPRISTINO AMBIENTALE";"483713,0";"5032302,0";"2026-09-07T00:00:00.000Z";"CONCLUSO";"8.7917374";"45.4440523";"OK"
"NOVARA";"NOVARA";"1733";"01-01733";"NO-00209";"Presenza di sostanze inquinanti dovuta a gestione scorretta dei rifiuti";"VERIFICA IN CORSO";"472303,0";"5033655,0";"2026-09-07T00:00:00.000Z";"ATTIVO";"8.6457631";"45.4558715";"OK"
"NOVARA";"CAMERI";"1738";"01-01738";"NO-00211";"Presenza di sostanze inquinanti dovuta a cattiva gestione di impianti o strutture";"BONIFICA E RIPRISTINO AMBIENTALE; INTERVENTO NON NECESSARIO A SEGUITO ANALISI DI RISCHIO";"472532,0";"5036914,0";"2026-09-07T00:00:00.000Z";"ATTIVO";"8.6485097";"45.4852149";"OK"
"NOVARA";"TRECATE";"1743";"01-01743";"NO-00212";"Presenza di sostanze inquinanti dovuta a cattiva gestione di impianti o strutture";"INTERVENTO NON NECESSARIO A SEGUITO ANALISI DI RISCHIO";"480283,0";"5030978,0";"2026-09-07T00:00:00.000Z";"CONCLUSO";"8.7479312";"45.4320464";"OK"
"NOVARA";"NOVARA";"1885";"01-01885";"NO-00215";"Sversamenti incidentali su suolo e acque";"INTERVENTO NON NECESSARIO A SEGUITO ANALISI DI RISCHIO; INTERVENTO NON NECESSARIO A SEGUITO ANALISI DI RISCHIO";"470754,0";"5032212,0";"2026-09-07T00:00:00.000Z";"CONCLUSO";"8.6260381";"45.4428199";"OK"
"NOVARA";"BORGOMANERO";"1887";"01-01887";"NO-00216";"Eventi accidentali";"BONIFICA E RIPRISTINO AMBIENTALE";"458600,0";"5060190,0";"2026-09-07T00:00:00.000Z";"CONCLUSO";"8.4682627";"45.6940253";"OK"
"NOVARA";"NOVARA";"1898";"01-01898";"NO-00217";"Eventi accidentali";"BONIFICA E RIPRISTINO AMBIENTALE CON MISURE DI SICUREZZA";"470060,0";"5034027,0";"2026-09-07T00:00:00.000Z";"ATTIVO";"8.6170538";"45.4591273";"OK"
"NOVARA";"TRECATE";"1902";"01-01902";"NO-00219";"Incidenti a pipe line";"INTERVENTO NON NECESSARIO A SEGUITO ANALISI DI RISCHIO";"483713,0";"5032302,0";"2026-09-07T00:00:00.000Z";"CONCLUSO";"8.7917374";"45.4440523";"OK"
"NOVARA";"GOZZANO";"1906";"01-01906";"NO-00220";"Presenza di sostanze inquinanti dovuta a gestione scorretta dei rifiuti";"VERIFICA IN CORSO";"455489,0";"5066867,0";"2026-09-07T00:00:00.000Z";"ATTIVO";"8.4276939";"45.7539276";"OK"
"NOVARA";"NOVARA";"1927";"01-01927";"NO-00221";"Eventi accidentali";"BONIFICA E RIPRISTINO AMBIENTALE CON MISURE DI SICUREZZA";"469330,0";"5032828,0";"2026-09-07T00:00:00.000Z";"CONCLUSO";"8.6077918";"45.4483034";"OK"
"NOVARA";"NOVARA";"1943";"01-01943";"NO-00222";"Eventi accidentali";"VERIFICA IN CORSO";"471879,0";"5032930,0";"2026-09-07T00:00:00.000Z";"CONCLUSO";"8.6403819";"45.4493288";"OK"
"NOVARA";"NOVARA";"1949";"01-01949";"NO-00223";"Presenza di sostanze inquinanti dovuta a cattiva gestione di impianti o strutture";"VERIFICA IN CORSO";"470633,0";"5031072,0";"2026-09-07T00:00:00.000Z";"ATTIVO";"8.6245590";"45.4325536";"OK"
"NOVARA";"NOVARA";"1990";"01-01990";"NO-00224";"Eventi accidentali";"VERIFICA IN CORSO";"466845,0";"5030136,0";"2026-09-07T00:00:00.000Z";"ATTIVO";"8.5761958";"45.4239592";"OK"
"NOVARA";"MOMO";"1999";"01-01999";"NO-00228";"Sversamenti incidentali su suolo e acque";"BONIFICA E RIPRISTINO AMBIENTALE";"464491,0";"5047555,0";"2026-09-07T00:00:00.000Z";"CONCLUSO";"8.5448451";"45.5806294";"OK"
"NOVARA";"TRECATE";"2018";"01-02018";"NO-00233";"Presenza di sostanze inquinanti dovuta a gestione scorretta dei rifiuti";"VERIFICA IN CORSO";"483676,0";"5031287,0";"2026-09-07T00:00:00.000Z";"ATTIVO";"8.7912979";"45.4349152";"OK"
"NOVARA";"NOVARA";"2065";"01-02065";"NO-00237";"Presenza di sostanze inquinanti dovuta a cattiva gestione di impianti o strutture";"VERIFICA IN CORSO";"471339,0";"5031198,0";"2026-09-07T00:00:00.000Z";"ATTIVO";"8.6335773";"45.4337171";"OK"
"NOVARA";"NOVARA";"2066";"01-02066";"NO-00238";"Eventi accidentali";"BONIFICA E RIPRISTINO AMBIENTALE";"469122,0";"5032690,0";"2026-09-07T00:00:00.000Z";"CONCLUSO";"8.6051406";"45.4470521";"OK"
"NOVARA";"NOVARA";"2114";"01-02114";"NO-00243";"";"VERIFICA IN CORSO";"468418,0";"5036675,0";"2026-09-07T00:00:00.000Z";"ATTIVO";"8.5958821";"45.4828895";"OK"
"NOVARA";"CAMERI";"2121";"01-02121";"NO-00244";"";"VERIFICA IN CORSO";"474708,0";"5040833,0";"2026-09-07T00:00:00.000Z";"ATTIVO";"8.6761519";"45.5205720";"OK"
"NOVARA";"NOVARA";"2123";"01-02123";"NO-00245";"Presenza di sostanze inquinanti dovuta a cattiva gestione di impianti o strutture";"INTERVENTO NON NECESSARIO A SEGUITO ANALISI DI RISCHIO";"469328,0";"5035549,0";"2026-09-07T00:00:00.000Z";"CONCLUSO";"8.6075963";"45.4727950";"OK"
"NOVARA";"ROMENTINO";"2130";"01-02130";"NO-00247";"Eventi accidentali";"VERIFICA IN CORSO";"479029,0";"5033627,0";"2026-09-07T00:00:00.000Z";"CONCLUSO";"8.7317869";"45.4558539";"OK"
"NOVARA";"TRECATE";"2151";"01-02151";"NO-00248";"Presenza di sostanze inquinanti dovuta a gestione scorretta dei rifiuti";"BONIFICA E RIPRISTINO AMBIENTALE";"482908,0";"5031311,0";"2026-09-07T00:00:00.000Z";"CONCLUSO";"8.7814783";"45.4351129";"OK"
"NOVARA";"TRECATE";"2167";"01-02167";"NO-00249";"Eventi accidentali";"BONIFICA E RIPRISTINO AMBIENTALE";"483245,0";"5031726,0";"2026-09-07T00:00:00.000Z";"CONCLUSO";"8.7857727";"45.4388566";"OK"
"NOVARA";"BORGOMANERO";"2168";"01-02168";"NO-00250";"Presenza di sostanze inquinanti dovuta a gestione scorretta dei rifiuti";"INTERVENTO NON NECESSARIO A SEGUITO ANALISI DI RISCHIO";"455685,0";"5061401,0";"2026-09-07T00:00:00.000Z";"CONCLUSO";"8.4307139";"45.7047444";"OK"
"NOVARA";"GATTICO VERUNO";"2188";"01-02188";"NO-00253";"Presenza di sostanze inquinanti dovuta a cattiva gestione di impianti o strutture";"VERIFICA IN CORSO";"462778,0";"5061797,0";"2026-09-07T00:00:00.000Z";"CONCLUSO";"8.5217992";"45.7087263";"OK"
"NOVARA";"ROMAGNANO SESIA";"700";"01-00700";"NO-00043";"Presenza di sostanze inquinanti dovuta a cattiva gestione di impianti o strutture";"INTERVENTO NON NECESSARIO";"451823,0";"5053641,0";"2026-09-07T00:00:00.000Z";"ATTIVO";"8.3818734";"45.6346438";"OK"
"NOVARA";"TRECATE";"705";"01-00705";"NO-00044";"Presenza di sostanze inquinanti dovuta a cattiva gestione di impianti o strutture";"BONIFICA E RIPRISTINO AMBIENTALE";"483676,0";"5031287,0";"2026-09-07T00:00:00.000Z";"ATTIVO";"8.7912979";"45.4349152";"OK"
"NOVARA";"BOCA";"707";"01-00707";"NO-00045";"Presenza di sostanze inquinanti dovuta a cattiva gestione di impianti o strutture";"BONIFICA E RIPRISTINO AMBIENTALE";"456225,0";"5056885,0";"2026-09-07T00:00:00.000Z";"ATTIVO";"8.4380577";"45.6641329";"OK"
"NOVARA";"MOMO";"718";"01-00718";"NO-00046";"Presenza di sostanze inquinanti dovuta a cattiva gestione di impianti o strutture";"BONIFICA E RIPRISTINO AMBIENTALE CON MISURE DI SICUREZZA";"464423,0";"5048262,0";"2026-09-07T00:00:00.000Z";"CONCLUSO";"8.5439220";"45.5869895";"OK"
"NOVARA";"GALLIATE";"723";"01-00723";"NO-00047";"Presenza di sostanze inquinanti dovuta a cattiva gestione di impianti o strutture";"BONIFICA E RIPRISTINO AMBIENTALE";"479192,0";"5036857,0";"2026-09-07T00:00:00.000Z";"CONCLUSO";"8.7337347";"45.4849323";"OK"
"NOVARA";"DORMELLETTO";"729";"01-00729";"NO-00048";"Presenza di sostanze inquinanti dovuta a cattiva gestione di impianti o strutture";"BONIFICA E RIPRISTINO AMBIENTALE CON MISURE DI SICUREZZA";"467160,0";"5063959,0";"2026-09-07T00:00:00.000Z";"ATTIVO";"8.5779478";"45.7284072";"OK"
"NOVARA";"NOVARA";"732";"01-00732";"NO-00050";"Presenza di sostanze inquinanti dovuta a cattiva gestione di impianti o strutture";"BONIFICA E RIPRISTINO AMBIENTALE CON MISURE DI SICUREZZA";"472128,0";"5034254,0";"2026-09-07T00:00:00.000Z";"CONCLUSO";"8.6434910";"45.4612562";"OK"
"NOVARA";"SAN PIETRO MOSEZZO";"743";"01-00743";"NO-00051";"Presenza di sostanze inquinanti dovuta a cattiva gestione di impianti o strutture";"BONIFICA E RIPRISTINO AMBIENTALE";"466506,0";"5033115,0";"2026-09-07T00:00:00.000Z";"CONCLUSO";"8.5716598";"45.4507570";"OK"
"NOVARA";"TRECATE";"744";"01-00744";"NO-00052";"Presenza di sostanze inquinanti dovuta a cattiva gestione di impianti o strutture";"BONIFICA E RIPRISTINO AMBIENTALE CON MISURE DI SICUREZZA";"483401,0";"5031825,0";"2026-09-07T00:00:00.000Z";"ATTIVO";"8.7877639";"45.4397514";"OK"
"NOVARA";"TRECATE";"759";"01-00759";"NO-00054";"Presenza di sostanze inquinanti dovuta a cattiva gestione di impianti o strutture";"BONIFICA E RIPRISTINO AMBIENTALE CON MISURE DI SICUREZZA";"483767,0";"5031974,0";"2026-09-07T00:00:00.000Z";"CONCLUSO";"8.7924387";"45.4411012";"OK"
"NOVARA";"TRECATE";"763";"01-00763";"NO-00056";"Presenza di sostanze inquinanti dovuta a cattiva gestione di impianti o strutture";"BONIFICA E RIPRISTINO AMBIENTALE";"483692,0";"5031113,0";"2026-09-07T00:00:00.000Z";"CONCLUSO";"8.7915083";"45.4333494";"OK"
"NOVARA";"TRECATE";"773";"01-00773";"NO-00058";"Presenza di sostanze inquinanti dovuta a cattiva gestione di impianti o strutture";"INTERVENTO NON NECESSARIO";"477077,0";"5031144,0";"2026-09-07T00:00:00.000Z";"CONCLUSO";"8.7069374";"45.4334428";"OK"
"NOVARA";"NOVARA";"774";"01-00774";"NO-00059";"Sversamenti incidentali su suolo e acque";"BONIFICA E RIPRISTINO AMBIENTALE";"472484,0";"5035111,0";"2026-09-07T00:00:00.000Z";"CONCLUSO";"8.6479965";"45.4689842";"OK"
"NOVARA";"CERANO";"804";"01-00804";"NO-00061";"Incidenti a pipe line";"INTERVENTO NON NECESSARIO";"484154,0";"5029435,0";"2026-09-07T00:00:00.000Z";"CONCLUSO";"8.7974687";"45.4182560";"OK"
"NOVARA";"GALLIATE";"808";"01-00808";"NO-00062";"Presenza di sostanze inquinanti dovuta a cattiva gestione di impianti o strutture";"INTERVENTO NON NECESSARIO";"476913,0";"5036859,0";"2026-09-07T00:00:00.000Z";"CONCLUSO";"8.7045723";"45.4848786";"OK"
"NOVARA";"TRECATE";"823";"01-00823";"NO-00064";"Eventi accidentali";"INTERVENTO NON NECESSARIO";"483396,0";"5032074,0";"2026-09-07T00:00:00.000Z";"CONCLUSO";"8.7876916";"45.4419926";"OK"
"NOVARA";"NOVARA";"829";"01-00829";"NO-00065";"Presenza di sostanze inquinanti dovuta a cattiva gestione di impianti o strutture";"BONIFICA E RIPRISTINO AMBIENTALE";"470627,0";"5033905,0";"2026-09-07T00:00:00.000Z";"CONCLUSO";"8.6243131";"45.4580533";"OK"
"NOVARA";"BOCA";"837";"01-00837";"NO-00066";"Presenza di sostanze inquinanti dovuta a cattiva gestione di impianti o strutture";"INTERVENTO NON NECESSARIO";"455993,0";"5056811,0";"2026-09-07T00:00:00.000Z";"CONCLUSO";"8.4350863";"45.6634522";"OK"
"NOVARA";"TRECATE";"848";"01-00848";"NO-00067";"Incidenti a pipe line";"BONIFICA E RIPRISTINO AMBIENTALE";"482930,0";"5031469,0";"2026-09-07T00:00:00.000Z";"CONCLUSO";"8.7817541";"45.4365356";"OK"
"NOVARA";"BORGOLAVEZZARO";"849";"01-00849";"NO-00068";"Eventi accidentali";"INTERVENTO NON NECESSARIO";"476754,0";"5016771,0";"2026-09-07T00:00:00.000Z";"CONCLUSO";"8.7034848";"45.3040575";"OK"
"NOVARA";"AMENO";"1070";"01-01070";"NO-00069";"Presenza di sostanze inquinanti dovuta a gestione scorretta dei rifiuti";"INTERVENTO NON NECESSARIO";"456812,0";"5068810,0";"2026-09-07T00:00:00.000Z";"CONCLUSO";"8.4445302";"45.7714991";"OK"
"NOVARA";"CAMERI";"1071";"01-01071";"NO-00070";"Eventi accidentali";"INTERVENTO NON NECESSARIO";"470966,0";"5037542,0";"2026-09-07T00:00:00.000Z";"CONCLUSO";"8.6284338";"45.4908041";"OK"
"NOVARA";"CASALINO";"1073";"01-01073";"NO-00072";"Eventi accidentali";"INTERVENTO NON NECESSARIO";"463738,0";"5027321,0";"2026-09-07T00:00:00.000Z";"CONCLUSO";"8.5366890";"45.3984672";"OK"
"NOVARA";"NOVARA";"1077";"01-01077";"NO-00075";"Presenza di sostanze inquinanti dovuta a gestione scorretta dei rifiuti";"INTERVENTO NON NECESSARIO";"470658,0";"5030235,0";"2026-09-07T00:00:00.000Z";"CONCLUSO";"8.6249285";"45.4250208";"OK"
"NOVARA";"MOMO";"1078";"01-01078";"NO-00076";"Presenza di sostanze inquinanti dovuta a gestione scorretta dei rifiuti";"INTERVENTO NON NECESSARIO";"465628,0";"5045940,0";"2026-09-07T00:00:00.000Z";"CONCLUSO";"8.5595324";"45.5661503";"OK"
"NOVARA";"MOMO";"1081";"01-01081";"NO-00078";"Presenza di sostanze inquinanti dovuta a gestione scorretta dei rifiuti";"INTERVENTO NON NECESSARIO";"464854,0";"5046746,0";"2026-09-07T00:00:00.000Z";"CONCLUSO";"8.5495561";"45.5733663";"OK"
"NOVARA";"NOVARA";"1090";"01-01090";"NO-00086";"Presenza di sostanze inquinanti dovuta a gestione scorretta dei rifiuti";"BONIFICA E RIPRISTINO AMBIENTALE";"474291,0";"5032128,0";"2026-09-07T00:00:00.000Z";"ATTIVO";"8.6712685";"45.4422029";"OK"
"NOVARA";"NOVARA";"1091";"01-01091";"NO-00087";"Presenza di sostanze inquinanti dovuta a cattiva gestione di impianti o strutture";"INTERVENTO NON NECESSARIO";"470051,0";"5035464,0";"2026-09-07T00:00:00.000Z";"CONCLUSO";"8.6168510";"45.4720614";"OK"
"NOVARA";"NOVARA";"1092";"01-01092";"NO-00088";"Presenza di sostanze inquinanti dovuta a cattiva gestione di impianti o strutture; Presenza di sostanze inquinanti dovuta a gestione scorretta dei rifiuti";"BONIFICA E RIPRISTINO AMBIENTALE";"471894,0";"5033753,0";"2026-09-07T00:00:00.000Z";"ATTIVO";"8.6405267";"45.4567373";"OK"
"NOVARA";"AMENO";"1093";"01-01093";"NO-00089";"Presenza di sostanze inquinanti dovuta a cattiva gestione di impianti o strutture";"BONIFICA E RIPRISTINO AMBIENTALE CON MISURE DI SICUREZZA";"456413,0";"5070699,0";"2026-09-07T00:00:00.000Z";"ATTIVO";"8.4392282";"45.7884755";"OK"
"NOVARA";"NOVARA";"1094";"01-01094";"NO-00090";"Sversamenti incidentali su suolo e acque";"INTERVENTO NON NECESSARIO";"469643,0";"5035031,0";"2026-09-07T00:00:00.000Z";"CONCLUSO";"8.6116582";"45.4681463";"OK"
"NOVARA";"NOVARA";"1095";"01-01095";"NO-00091";"Presenza di sostanze inquinanti dovuta a gestione scorretta dei rifiuti";"INTERVENTO NON NECESSARIO";"471315,0";"5033328,0";"2026-09-07T00:00:00.000Z";"CONCLUSO";"8.6331462";"45.4528883";"OK"
"NOVARA";"SAN PIETRO MOSEZZO";"1099";"01-01099";"NO-00095";"Presenza di sostanze inquinanti dovuta a cattiva gestione di impianti o strutture";"VERIFICA IN CORSO";"466637,0";"5032803,0";"2026-09-07T00:00:00.000Z";"ATTIVO";"8.5733563";"45.4479550";"OK"
"NOVARA";"FARA NOVARESE";"1101";"01-01101";"NO-00097";"Presenza di sostanze inquinanti dovuta a gestione scorretta dei rifiuti";"BONIFICA E RIPRISTINO AMBIENTALE";"458052,0";"5044121,0";"2026-09-07T00:00:00.000Z";"ATTIVO";"8.4626081";"45.5493626";"OK"
"NOVARA";"GALLIATE";"1103";"01-01103";"NO-00098";"Presenza di sostanze inquinanti dovuta a gestione scorretta dei rifiuti";"BONIFICA E RIPRISTINO AMBIENTALE";"474887,0";"5035103,0";"2026-09-07T00:00:00.000Z";"CONCLUSO";"8.6787372";"45.4690028";"OK"
"NOVARA";"TRECATE";"1106";"01-01106";"NO-00100";"Sversamenti incidentali su suolo e acque";"INTERVENTO NON NECESSARIO";"483692,0";"5031113,0";"2026-09-07T00:00:00.000Z";"CONCLUSO";"8.7915083";"45.4333494";"OK"
"NOVARA";"NOVARA";"1107";"01-01107";"NO-00101";"Presenza di sostanze inquinanti dovuta a gestione scorretta dei rifiuti";"INTERVENTO NON NECESSARIO";"472221,0";"5035006,0";"2026-09-07T00:00:00.000Z";"CONCLUSO";"8.6446380";"45.4680286";"OK"
"NOVARA";"GOZZANO";"1110";"01-01110";"NO-00103";"";"VERIFICA IN CORSO";"456234,0";"5064708,0";"2026-09-07T00:00:00.000Z";"ATTIVO";"8.4374676";"45.7345435";"OK"
"NOVARA";"CALTIGNAGA";"1111";"01-01111";"NO-00104";"Presenza di sostanze inquinanti dovuta a gestione scorretta dei rifiuti";"INTERVENTO NON NECESSARIO";"466664,0";"5042444,0";"2026-09-07T00:00:00.000Z";"CONCLUSO";"8.5730464";"45.5347339";"OK"
"NOVARA";"ARMENO";"1112";"01-01112";"NO-00105";"Presenza di sostanze inquinanti dovuta a cattiva gestione di impianti o strutture";"INTERVENTO NON NECESSARIO";"457051,0";"5074675,0";"2026-09-07T00:00:00.000Z";"CONCLUSO";"8.4470822";"45.8243004";"OK"
"NOVARA";"NOVARA";"1113";"01-01113";"NO-00106";"Sversamenti incidentali su suolo e acque";"BONIFICA E RIPRISTINO AMBIENTALE";"471132,0";"5033127,0";"2026-09-07T00:00:00.000Z";"CONCLUSO";"8.6308177";"45.4510716";"OK"
"NOVARA";"NOVARA";"1114";"01-01114";"NO-00107";"Presenza di sostanze inquinanti dovuta a cattiva gestione di impianti o strutture";"BONIFICA E RIPRISTINO AMBIENTALE";"471453,0";"5032805,0";"2026-09-07T00:00:00.000Z";"CONCLUSO";"8.6349415";"45.4481864";"OK"
"NOVARA";"POMBIA";"1115";"01-01115";"NO-00108";"";"VERIFICA IN CORSO";"470215,0";"5054978,0";"2026-09-07T00:00:00.000Z";"ATTIVO";"8.6177600";"45.6477108";"OK"
"NOVARA";"POMBIA";"1117";"01-01117";"NO-00109";"Presenza di sostanze inquinanti dovuta a cattiva gestione di impianti o strutture";"MESSA IN SICUREZZA OPERATIVA";"470376,0";"5054869,0";"2026-09-07T00:00:00.000Z";"CONCLUSO";"8.6198327";"45.6467366";"OK"
"NOVARA";"OLEGGIO";"1122";"01-01122";"NO-00113";"Presenza di sostanze inquinanti dovuta a gestione scorretta dei rifiuti";"INTERVENTO NON NECESSARIO";"471752,0";"5049809,0";"2026-09-07T00:00:00.000Z";"CONCLUSO";"8.6377841";"45.6012502";"OK"
"NOVARA";"SAN MAURIZIO D'OPAGLIO";"1123";"01-01123";"NO-00114";"";"VERIFICA IN CORSO";"452705,0";"5069971,0";"2026-09-07T00:00:00.000Z";"ATTIVO";"8.3915966";"45.7816793";"OK"
"NOVARA";"NOVARA";"1138";"01-01138";"NO-00117";"Presenza di sostanze inquinanti dovuta a cattiva gestione di impianti o strutture";"BONIFICA E RIPRISTINO AMBIENTALE CON MISURE DI SICUREZZA";"470825,0";"5035149,0";"2026-09-07T00:00:00.000Z";"CONCLUSO";"8.6267716";"45.4692588";"OK"
"NOVARA";"DORMELLETTO";"1139";"01-01139";"NO-00118";"Presenza di sostanze inquinanti dovuta a cattiva gestione di impianti o strutture";"BONIFICA E RIPRISTINO AMBIENTALE";"466795,0";"5064704,0";"2026-09-07T00:00:00.000Z";"CONCLUSO";"8.5732059";"45.7350952";"OK"
"NOVARA";"NOVARA";"1140";"01-01140";"NO-00119";"Presenza di sostanze inquinanti dovuta a cattiva gestione di impianti o strutture";"BONIFICA E RIPRISTINO AMBIENTALE";"469101,0";"5031852,0";"2026-09-07T00:00:00.000Z";"CONCLUSO";"8.6049247";"45.4395084";"OK"
"NOVARA";"ROMAGNANO SESIA";"1154";"01-01154";"NO-00121";"Presenza di sostanze inquinanti dovuta a gestione scorretta dei rifiuti";"BONIFICA E RIPRISTINO AMBIENTALE";"451915,0";"5053495,0";"2026-09-07T00:00:00.000Z";"CONCLUSO";"8.3830681";"45.6333361";"OK"
"NOVARA";"NOVARA";"1155";"01-01155";"NO-00122";"Presenza di sostanze inquinanti dovuta a gestione scorretta dei rifiuti";"BONIFICA E RIPRISTINO AMBIENTALE";"471942,0";"5033841,0";"2026-09-07T00:00:00.000Z";"ATTIVO";"8.6411355";"45.4575313";"OK"
"NOVARA";"SAN PIETRO MOSEZZO";"1189";"01-01189";"NO-00129";"Sversamenti incidentali su suolo e acque";"INTERVENTO NON NECESSARIO";"462160,0";"5034978,0";"2026-09-07T00:00:00.000Z";"CONCLUSO";"8.5159392";"45.4673037";"OK"
"NOVARA";"NOVARA";"1197";"01-01197";"NO-00130";"Sversamenti incidentali su suolo e acque";"BONIFICA E RIPRISTINO AMBIENTALE";"471517,0";"5035153,0";"2026-09-07T00:00:00.000Z";"CONCLUSO";"8.6356238";"45.4693234";"OK"
"NOVARA";"OLEGGIO CASTELLO";"1200";"01-01200";"NO-00131";"Presenza di sostanze inquinanti dovuta a gestione scorretta dei rifiuti";"BONIFICA E RIPRISTINO AMBIENTALE";"462740,0";"5067133,0";"2026-09-07T00:00:00.000Z";"CONCLUSO";"8.5209005";"45.7567507";"OK"
"NOVARA";"SAN MAURIZIO D'OPAGLIO";"1219";"01-01219";"NO-00134";"Presenza di sostanze inquinanti dovuta a gestione scorretta dei rifiuti";"BONIFICA E RIPRISTINO AMBIENTALE";"452753,0";"5069892,0";"2026-09-07T00:00:00.000Z";"ATTIVO";"8.3922218";"45.7809716";"OK"
"NOVARA";"GOZZANO";"1220";"01-01220";"NO-00135";"Presenza di sostanze inquinanti dovuta a gestione scorretta dei rifiuti";"BONIFICA E RIPRISTINO AMBIENTALE CON MISURE DI SICUREZZA; INTERVENTO NON NECESSARIO";"455431,0";"5068608,0";"2026-09-07T00:00:00.000Z";"ATTIVO";"8.4267878";"45.7695933";"OK"
"NOVARA";"NOVARA";"1223";"01-01223";"NO-00138";"Sversamenti incidentali su suolo e acque";"INTERVENTO NON NECESSARIO";"469874,0";"5035384,0";"2026-09-07T00:00:00.000Z";"CONCLUSO";"8.6145916";"45.4713337";"OK"
"NOVARA";"NOVARA";"1226";"01-01226";"NO-00140";"Presenza di sostanze inquinanti dovuta a cattiva gestione di impianti o strutture";"BONIFICA E RIPRISTINO AMBIENTALE";"469114,0";"5031589,0";"2026-09-07T00:00:00.000Z";"CONCLUSO";"8.6051074";"45.4371417";"OK"
"NOVARA";"CAMERI";"1227";"01-01227";"NO-00141";"Presenza di sostanze inquinanti dovuta a gestione scorretta dei rifiuti";"INTERVENTO NON NECESSARIO";"472854,0";"5041245,0";"2026-09-07T00:00:00.000Z";"CONCLUSO";"8.6523902";"45.5242106";"OK"
"NOVARA";"BELLINZAGO NOVARESE";"1234";"01-01234";"NO-00143";"Presenza di sostanze inquinanti dovuta a gestione scorretta dei rifiuti";"INTERVENTO NON NECESSARIO";"470364,0";"5042303,0";"2026-09-07T00:00:00.000Z";"CONCLUSO";"8.6204419";"45.5336321";"OK"
"NOVARA";"VESPOLATE";"1235";"01-01235";"NO-00144";"Presenza di sostanze inquinanti dovuta a gestione scorretta dei rifiuti";"BONIFICA E RIPRISTINO AMBIENTALE";"474019,0";"5021890,0";"2026-09-07T00:00:00.000Z";"ATTIVO";"8.6683302";"45.3500391";"OK"
"NOVARA";"NOVARA";"1236";"01-01236";"NO-00145";"Presenza di sostanze inquinanti dovuta a cattiva gestione di impianti o strutture";"BONIFICA E RIPRISTINO AMBIENTALE";"466012,0";"5029255,0";"2026-09-07T00:00:00.000Z";"CONCLUSO";"8.5656091";"45.4159894";"OK"
"NOVARA";"NOVARA";"1238";"01-01238";"NO-00147";"Presenza di sostanze inquinanti dovuta a cattiva gestione di impianti o strutture";"BONIFICA E RIPRISTINO AMBIENTALE CON MISURE DI SICUREZZA";"471082,0";"5032735,0";"2026-09-07T00:00:00.000Z";"ATTIVO";"8.6302013";"45.4475411";"OK"
"NOVARA";"NOVARA";"1239";"01-01239";"NO-00148";"Incidenti a pipe line; Presenza di sostanze inquinanti dovuta a cattiva gestione di impianti o strutture";"BONIFICA E RIPRISTINO AMBIENTALE";"472227,0";"5033982,0";"2026-09-07T00:00:00.000Z";"CONCLUSO";"8.6447727";"45.4588118";"OK"
"NOVARA";"PELLA";"1261";"01-01261";"NO-00150";"Presenza di sostanze inquinanti dovuta a cattiva gestione di impianti o strutture";"INTERVENTO NON NECESSARIO";"452320,0";"5072518,0";"2026-09-07T00:00:00.000Z";"CONCLUSO";"8.3863927";"45.8045762";"OK"
"NOVARA";"TRECATE";"1285";"01-01285";"NO-00152";"Presenza di sostanze inquinanti dovuta a cattiva gestione di impianti o strutture";"BONIFICA E RIPRISTINO AMBIENTALE";"480917,0";"5031171,0";"2026-09-07T00:00:00.000Z";"CONCLUSO";"8.7560290";"45.4338012";"OK"
"NOVARA";"TRECATE";"1291";"01-01291";"NO-00153";"Presenza di sostanze inquinanti dovuta a cattiva gestione di impianti o strutture";"BONIFICA E RIPRISTINO AMBIENTALE";"479386,0";"5030504,0";"2026-09-07T00:00:00.000Z";"ATTIVO";"8.7364837";"45.4277540";"OK"
"NOVARA";"NOVARA";"1303";"01-01303";"NO-00155";"Sversamenti incidentali su suolo e acque";"INTERVENTO NON NECESSARIO";"472279,0";"5034685,0";"2026-09-07T00:00:00.000Z";"CONCLUSO";"8.6453981";"45.4651416";"OK"
"NOVARA";"TRECATE";"1311";"01-01311";"NO-00156";"Eventi accidentali";"BONIFICA E RIPRISTINO AMBIENTALE";"483451,0";"5032402,0";"2026-09-07T00:00:00.000Z";"CONCLUSO";"8.7883838";"45.4449463";"OK"
"NOVARA";"CALTIGNAGA";"1314";"01-01314";"NO-00157";"Presenza di sostanze inquinanti dovuta a gestione scorretta dei rifiuti";"MESSA IN SICUREZZA PERMANENTE";"466355,0";"5044588,0";"2026-09-07T00:00:00.000Z";"CONCLUSO";"8.5689415";"45.5540168";"OK"
"NOVARA";"NOVARA";"1316";"01-01316";"NO-00159";"Presenza di sostanze inquinanti dovuta a cattiva gestione di impianti o strutture";"BONIFICA E RIPRISTINO AMBIENTALE";"469793,0";"5035536,0";"2026-09-07T00:00:00.000Z";"CONCLUSO";"8.6135460";"45.4726983";"OK"
"NOVARA";"NOVARA";"1334";"01-01334";"NO-00160";"Presenza di sostanze inquinanti dovuta a gestione scorretta dei rifiuti";"BONIFICA E RIPRISTINO AMBIENTALE CON MISURE DI SICUREZZA";"471815,0";"5033898,0";"2026-09-07T00:00:00.000Z";"CONCLUSO";"8.6395080";"45.4580392";"OK"
"NOVARA";"OLEGGIO";"1349";"01-01349";"NO-00164";"Presenza di sostanze inquinanti dovuta a cattiva gestione di impianti o strutture";"INTERVENTO NON NECESSARIO";"471791,0";"5048719,0";"2026-09-07T00:00:00.000Z";"CONCLUSO";"8.6383472";"45.5914409";"OK"
"NOVARA";"POGNO";"1367";"01-01367";"NO-00166";"";"MESSA IN SICUREZZA PERMANENTE";"453806,0";"5067778,0";"2026-09-07T00:00:00.000Z";"ATTIVO";"8.4059687";"45.7620164";"OK"
"NOVARA";"NOVARA";"1399";"01-01399";"NO-00172";"Incidenti a pipe line";"BONIFICA E RIPRISTINO AMBIENTALE";"468397,0";"5031447,0";"2026-09-07T00:00:00.000Z";"ATTIVO";"8.5959496";"45.4358315";"OK"
"NOVARA";"NOVARA";"1401";"01-01401";"NO-00173";"Presenza di sostanze inquinanti dovuta a cattiva gestione di impianti o strutture";"BONIFICA E RIPRISTINO AMBIENTALE";"470374,0";"5033675,0";"2026-09-07T00:00:00.000Z";"CONCLUSO";"8.6210911";"45.4559724";"OK"
"NOVARA";"ARONA";"1402";"01-01402";"NO-00174";"Eventi accidentali";"INTERVENTO NON NECESSARIO";"465846,0";"5067096,0";"2026-09-07T00:00:00.000Z";"CONCLUSO";"8.5608397";"45.7565781";"OK"
"NOVARA";"NOVARA";"1418";"01-01418";"NO-00178";"Sversamenti incidentali su suolo e acque";"INTERVENTO NON NECESSARIO";"472937,0";"5034986,0";"2026-09-07T00:00:00.000Z";"CONCLUSO";"8.6537984";"45.4678768";"OK"
"NOVARA";"NOVARA";"1419";"01-01419";"NO-00179";"Presenza di sostanze inquinanti dovuta a cattiva gestione di impianti o strutture";"BONIFICA E RIPRISTINO AMBIENTALE CON MISURE DI SICUREZZA";"472080,0";"5034220,0";"2026-09-07T00:00:00.000Z";"CONCLUSO";"8.6428790";"45.4609482";"OK"
"NOVARA";"TRECATE";"1429";"01-01429";"NO-00182";"Eventi accidentali";"INTERVENTO NON NECESSARIO A SEGUITO ANALISI DI RISCHIO";"483707,0";"5032267,0";"2026-09-07T00:00:00.000Z";"CONCLUSO";"8.7916618";"45.4437371";"OK"
"NOVARA";"GHEMME";"1431";"01-01431";"NO-00183";"Presenza di sostanze inquinanti dovuta a gestione scorretta dei rifiuti";"BONIFICA E RIPRISTINO AMBIENTALE CON MISURE DI SICUREZZA";"457215,0";"5050883,0";"2026-09-07T00:00:00.000Z";"ATTIVO";"8.4512933";"45.6101737";"OK"
"NOVARA";"NOVARA";"1445";"01-01445";"NO-00184";"Presenza di sostanze inquinanti dovuta a cattiva gestione di impianti o strutture";"INTERVENTO NON NECESSARIO";"466018,0";"5029201,0";"2026-09-07T00:00:00.000Z";"CONCLUSO";"8.5656895";"45.4155036";"OK"
"BIELLA";"BIELLA";"2055";"01-02055";"BI-00083";"Presenza di sostanze inquinanti dovuta a cattiva gestione di impianti o strutture";"BONIFICA E RIPRISTINO AMBIENTALE";"427020,0";"5044597,0";"2026-09-07T00:00:00.000Z";"ATTIVO";"8.0650309";"45.5510848";"OK"
"BIELLA";"BIELLA";"2056";"01-02056";"BI-00084";"Presenza di sostanze inquinanti dovuta a cattiva gestione di impianti o strutture";"VERIFICA IN CORSO";"427027,0";"5045026,0";"2026-09-07T00:00:00.000Z";"ATTIVO";"8.0650566";"45.5549465";"OK"
"BIELLA";"BIELLA";"2070";"01-02070";"BI-00085";"";"VERIFICA IN CORSO";"428018,0";"5044426,0";"2026-09-07T00:00:00.000Z";"ATTIVO";"8.0778401";"45.5496497";"OK"
"BIELLA";"SOSTEGNO";"2072";"01-02072";"BI-00087";"Presenza di sostanze inquinanti dovuta a cattiva gestione di impianti o strutture";"BONIFICA E RIPRISTINO AMBIENTALE";"443579,0";"5055793,0";"2026-09-07T00:00:00.000Z";"CONCLUSO";"8.2758585";"45.6533909";"OK"
"BIELLA";"BIELLA";"2139";"01-02139";"BI-00088";"Presenza di sostanze inquinanti dovuta a cattiva gestione di impianti o strutture";"INTERVENTO NON NECESSARIO A SEGUITO ANALISI DI RISCHIO";"426278,0";"5044860,0";"2026-09-07T00:00:00.000Z";"CONCLUSO";"8.0554866";"45.5533735";"OK"
"BIELLA";"COSSATO";"2143";"01-02143";"BI-00089";"Presenza di sostanze inquinanti dovuta a gestione scorretta dei rifiuti";"MESSA IN SICUREZZA PERMANENTE";"436721,0";"5043633,0";"2026-09-07T00:00:00.000Z";"CONCLUSO";"8.1894246";"45.5433582";"OK"
"BIELLA";"CAVAGLIA'";"2208";"01-02208";"BI-00093";"Presenza di sostanze inquinanti dovuta a cattiva gestione di impianti o strutture";"INTERVENTO NON NECESSARIO A SEGUITO ANALISI DI RISCHIO";"429790,0";"5028231,0";"2026-09-07T00:00:00.000Z";"CONCLUSO";"8.1028544";"45.4040747";"OK"
"BIELLA";"ANDORNO MICCA";"2248";"01-02248";"BI-00095";"Presenza di sostanze inquinanti dovuta a cattiva gestione di impianti o strutture";"VERIFICA IN CORSO";"426305,0";"5050700,0";"2026-09-07T00:00:00.000Z";"ATTIVO";"8.0549511";"45.6059351";"OK"
"BIELLA";"GAGLIANICO";"2310";"01-02310";"BI-00096";"Presenza di sostanze inquinanti dovuta a cattiva gestione di impianti o strutture";"BONIFICA E RIPRISTINO AMBIENTALE";"428569,0";"5042538,0";"2026-09-07T00:00:00.000Z";"ATTIVO";"8.0851737";"45.5327146";"OK"
"BIELLA";"COSSATO";"2314";"01-02314";"BI-00097";"Presenza di sostanze inquinanti dovuta a cattiva gestione di impianti o strutture";"BONIFICA E RIPRISTINO AMBIENTALE";"435747,0";"5045761,0";"2026-09-07T00:00:00.000Z";"CONCLUSO";"8.1766698";"45.5624213";"OK"
"BIELLA";"BIELLA";"2335";"01-02335";"BI-00098";"Presenza di sostanze inquinanti dovuta a cattiva gestione di impianti o strutture";"INTERVENTO NON NECESSARIO A SEGUITO ANALISI DI RISCHIO";"426207,0";"5047644,0";"2026-09-07T00:00:00.000Z";"CONCLUSO";"8.0541566";"45.5784215";"OK"
"BIELLA";"BIELLA";"2370";"01-02370";"BI-00099";"Presenza di sostanze inquinanti dovuta a cattiva gestione di impianti o strutture";"VERIFICA IN CORSO";"425959,0";"5044170,0";"2026-09-07T00:00:00.000Z";"ATTIVO";"8.0515046";"45.5471298";"OK"
"BIELLA";"BIELLA";"2418";"01-02418";"BI-00100";"Presenza di sostanze inquinanti dovuta a cattiva gestione di impianti o strutture";"VERIFICA IN CORSO";"427271,0";"5046696,0";"2026-09-07T00:00:00.000Z";"CONCLUSO";"8.0679338";"45.5700017";"OK"
"BIELLA";"BIELLA";"2523";"01-02523";"BI-00102";"Presenza di sostanze inquinanti dovuta a cattiva gestione di impianti o strutture";"INTERVENTO NON NECESSARIO A SEGUITO ANALISI DI RISCHIO";"426619,0";"5046223,0";"2026-09-07T00:00:00.000Z";"CONCLUSO";"8.0596502";"45.5656763";"OK"
"BIELLA";"VALDILANA";"2553";"01-02553";"BI-00104";"Presenza di sostanze inquinanti dovuta a cattiva gestione di impianti o strutture";"BONIFICA E RIPRISTINO AMBIENTALE; BONIFICA E RIPRISTINO AMBIENTALE";"436836,0";"5056057,0";"2026-09-07T00:00:00.000Z";"CONCLUSO";"8.1892888";"45.6551856";"OK"
"BIELLA";"COSSATO";"2555";"01-02555";"BI-00105";"";"INTERVENTO NON NECESSARIO A SEGUITO ANALISI DI RISCHIO";"435592,0";"5046235,0";"2026-09-07T00:00:00.000Z";"CONCLUSO";"8.1746214";"45.5666730";"OK"
"BIELLA";"OCCHIEPPO SUPERIORE";"2570";"01-02570";"BI-00106";"";"INTERVENTO NON NECESSARIO A SEGUITO ANALISI DI RISCHIO";"422913,0";"5045685,0";"2026-09-07T00:00:00.000Z";"CONCLUSO";"8.0122510";"45.5604337";"OK"
"BIELLA";"COSSATO";"2636";"01-02636";"BI-00108";"";"INTERVENTO NON NECESSARIO A SEGUITO ANALISI DI RISCHIO";"436825,0";"5046289,0";"2026-09-07T00:00:00.000Z";"CONCLUSO";"8.1904135";"45.5672720";"OK"
"BIELLA";"VERRONE";"2646";"01-02646";"BI-00110";"Presenza di sostanze inquinanti dovuta a gestione scorretta dei rifiuti";"VERIFICA IN CORSO";"429962,0";"5040808,0";"2026-09-07T00:00:00.000Z";"ATTIVO";"8.1032592";"45.5172861";"OK"
"BIELLA";"SAGLIANO MICCA";"2657";"01-02657";"BI-00113";"";"INTERVENTO NON NECESSARIO A SEGUITO ANALISI DI RISCHIO";"425623,0";"5054284,0";"2026-09-07T00:00:00.000Z";"CONCLUSO";"8.0456593";"45.6381174";"OK"
"BIELLA";"BIELLA";"2697";"01-02697";"BI-00114";"Presenza di sostanze inquinanti dovuta a cattiva gestione di impianti o strutture";"VERIFICA IN CORSO";"426333,0";"5046637,0";"2026-09-07T00:00:00.000Z";"ATTIVO";"8.0559233";"45.5693720";"OK"
"BIELLA";"BIELLA";"2718";"01-02718";"BI-00115";"";"VERIFICA IN CORSO";"425179,0";"5045018,0";"2026-09-07T00:00:00.000Z";"ATTIVO";"8.0413842";"45.5546782";"OK"
"BIELLA";"BRUSNENGO";"2728";"01-02728";"BI-00116";"Presenza di sostanze inquinanti dovuta a gestione scorretta dei rifiuti";"VERIFICA IN CORSO";"441495,0";"5047606,0";"2026-09-07T00:00:00.000Z";"ATTIVO";"8.2500963";"45.5795338";"OK"
"BIELLA";"BIELLA";"2805";"01-02805";"BI-00121";"";"VERIFICA IN CORSO";"428805,0";"5046422,0";"2026-09-07T00:00:00.000Z";"ATTIVO";"8.0876303";"45.5676945";"OK"
"BIELLA";"SALUSSOLA";"2968";"01-02968";"BI-00122";"Presenza di sostanze inquinanti dovuta a cattiva gestione di impianti o strutture";"MESSA IN SICUREZZA PERMANENTE";"432697,0";"5032537,0";"2026-09-07T00:00:00.000Z";"CONCLUSO";"8.1394072";"45.4431154";"OK"
"BIELLA";"BIELLA";"2969";"01-02969";"BI-00123";"Incidenti a pipe line";"VERIFICA IN CORSO";"426278,0";"5044860,0";"2026-09-07T00:00:00.000Z";"ATTIVO";"8.0554866";"45.5533735";"OK"
"BIELLA";"BIELLA";"3011";"01-03011";"BI-00124";"Presenza di sostanze inquinanti dovuta a gestione scorretta dei rifiuti";"VERIFICA IN CORSO";"";"";"2026-09-07T00:00:00.000Z";"ATTIVO";"";"";"NULL"
"BIELLA";"CAVAGLIA'";"3150";"01-03150";"BI-00125";"";"VERIFICA IN CORSO";"431154,0";"5026295,0";"2026-09-07T00:00:00.000Z";"ATTIVO";"8.1205519";"45.3867858";"OK"
"BIELLA";"MASSAZZA";"3168";"01-03168";"BI-00126";"";"VERIFICA IN CORSO";"434910,0";"5036970,0";"2026-09-07T00:00:00.000Z";"ATTIVO";"8.1671141";"45.4832232";"OK"
"CUNEO";"SALMOUR";"12";"01-00012";"CN-00002";"Presenza di sostanze inquinanti dovuta a gestione scorretta dei rifiuti";"BONIFICA E RIPRISTINO AMBIENTALE";"403905,0";"4936276,0";"2026-09-07T00:00:00.000Z";"CONCLUSO";"7.7897055";"44.5734118";"OK"
"CUNEO";"SALMOUR";"349";"01-00349";"CN-00003";"Eventi accidentali; Presenza di sostanze inquinanti dovuta a gestione scorretta dei rifiuti";"BONIFICA E RIPRISTINO AMBIENTALE";"403750,0";"4936474,0";"2026-09-07T00:00:00.000Z";"CONCLUSO";"7.7877167";"44.5751733";"OK"
"CUNEO";"SALMOUR";"377";"01-00377";"CN-00004";"Presenza di sostanze inquinanti dovuta a cattiva gestione di impianti o strutture; Presenza di sostanze inquinanti dovuta a gestione scorretta dei rifiuti";"INTERVENTO NON NECESSARIO A SEGUITO ANALISI DI RISCHIO";"403899,0";"4936288,0";"2026-09-07T00:00:00.000Z";"CONCLUSO";"7.7896277";"44.5735190";"OK"
"CUNEO";"NOVELLO";"410";"01-00410";"CN-00006";"Eventi accidentali";"BONIFICA E RIPRISTINO AMBIENTALE";"415450,0";"4939500,0";"2026-09-07T00:00:00.000Z";"CONCLUSO";"7.9345553";"44.6038793";"OK"
"CUNEO";"RACCONIGI";"454";"01-00454";"CN-00008";"Presenza di sostanze inquinanti dovuta a gestione scorretta dei rifiuti";"BONIFICA E RIPRISTINO AMBIENTALE CON MISURE DI SICUREZZA";"395193,0";"4956106,0";"2026-09-07T00:00:00.000Z";"CONCLUSO";"7.6759511";"44.7506678";"OK"
"CUNEO";"PAROLDO";"546";"01-00546";"CN-00010";"Sversamenti incidentali su suolo e acque";"BONIFICA E RIPRISTINO AMBIENTALE CON MISURE DI SICUREZZA";"425243,0";"4919738,0";"2026-09-07T00:00:00.000Z";"ATTIVO";"8.0608046";"44.4270766";"OK"
"CUNEO";"GARESSIO";"609";"01-00609";"CN-00012";"Presenza di sostanze inquinanti dovuta a cattiva gestione di impianti o strutture";"MESSA IN SICUREZZA PERMANENTE";"421560,0";"4896712,0";"2026-09-07T00:00:00.000Z";"ATTIVO";"8.0180046";"44.2194144";"OK"
"CUNEO";"SAVIGLIANO";"629";"01-00629";"CN-00014";"Presenza di sostanze inquinanti dovuta a cattiva gestione di impianti o strutture";"BONIFICA E RIPRISTINO AMBIENTALE";"394226,0";"4945310,0";"2026-09-07T00:00:00.000Z";"ATTIVO";"7.6659716";"44.6533620";"OK"
"CUNEO";"MONDOVI'";"711";"01-00711";"CN-00018";"Presenza di sostanze inquinanti dovuta a cattiva gestione di impianti o strutture; Presenza di sostanze inquinanti dovuta a gestione scorretta dei rifiuti";"BONIFICA E RIPRISTINO AMBIENTALE";"405977,0";"4916102,0";"2026-09-07T00:00:00.000Z";"CONCLUSO";"7.8194643";"44.3921027";"OK"
"CUNEO";"SAVIGLIANO";"712";"01-00712";"CN-00019";"Presenza di sostanze inquinanti dovuta a cattiva gestione di impianti o strutture";"BONIFICA E RIPRISTINO AMBIENTALE CON MISURE DI SICUREZZA";"394027,0";"4945215,0";"2026-09-07T00:00:00.000Z";"CONCLUSO";"7.6634822";"44.6524777";"OK"
"CUNEO";"CUNEO";"713";"01-00713";"CN-00020";"Presenza di sostanze inquinanti dovuta a cattiva gestione di impianti o strutture; Presenza di sostanze inquinanti dovuta a gestione scorretta dei rifiuti";"BONIFICA E RIPRISTINO AMBIENTALE CON MISURE DI SICUREZZA";"384860,0";"4916924,0";"2026-09-07T00:00:00.000Z";"CONCLUSO";"7.5542171";"44.3964531";"OK"
"CUNEO";"CLAVESANA";"798";"01-00798";"CN-00024";"Presenza di sostanze inquinanti dovuta a cattiva gestione di impianti o strutture";"BONIFICA E RIPRISTINO AMBIENTALE";"412552,0";"4926175,0";"2026-09-07T00:00:00.000Z";"CONCLUSO";"7.9003037";"44.4835947";"OK"
"CUNEO";"MONDOVI'";"1007";"01-01007";"CN-00027";"Presenza di sostanze inquinanti dovuta a cattiva gestione di impianti o strutture";"BONIFICA E RIPRISTINO AMBIENTALE";"400541,0";"4916845,0";"2026-09-07T00:00:00.000Z";"CONCLUSO";"7.7510843";"44.3980645";"OK"
"CUNEO";"ALBA";"450";"01-00450";"CN-00029";"Eventi accidentali";"BONIFICA E RIPRISTINO AMBIENTALE";"422842,0";"4950614,0";"2026-09-07T00:00:00.000Z";"CONCLUSO";"8.0260173";"44.7047493";"OK"
"CUNEO";"LA MORRA";"33";"01-00033";"CN-00030";"Presenza di sostanze inquinanti dovuta a gestione scorretta dei rifiuti";"BONIFICA E RIPRISTINO AMBIENTALE";"418460,0";"4943880,0";"2026-09-07T00:00:00.000Z";"CONCLUSO";"7.9717834";"44.6436516";"OK"
"CUNEO";"FARIGLIANO";"414";"01-00414";"CN-00031";"Presenza di sostanze inquinanti dovuta a gestione scorretta dei rifiuti";"INTERVENTO NON NECESSARIO A SEGUITO ANALISI DI RISCHIO";"413774,0";"4929569,0";"2026-09-07T00:00:00.000Z";"CONCLUSO";"7.9151017";"44.5142914";"OK"
"CUNEO";"SALICETO";"378";"01-00378";"CN-00032";"Presenza di sostanze inquinanti dovuta a cattiva gestione di impianti o strutture; Incidenti a pipe line; Presenza di sostanze inquinanti dovuta a gestione scorretta dei rifiuti";"BONIFICA E RIPRISTINO AMBIENTALE";"434587,0";"4916540,0";"2026-09-07T00:00:00.000Z";"CONCLUSO";"8.1785864";"44.3991934";"OK"
"CUNEO";"FOSSANO";"1047";"01-01047";"CN-00033";"Presenza di sostanze inquinanti dovuta a cattiva gestione di impianti o strutture";"BONIFICA E RIPRISTINO AMBIENTALE";"400631,0";"4934823,0";"2026-09-07T00:00:00.000Z";"ATTIVO";"7.7487602";"44.5598898";"OK"
"CUNEO";"SANT'ALBANO STURA";"1060";"01-01060";"CN-00034";"Presenza di sostanze inquinanti dovuta a gestione scorretta dei rifiuti";"MESSA IN SICUREZZA PERMANENTE";"397882,0";"4928758,0";"2026-09-07T00:00:00.000Z";"CONCLUSO";"7.7153545";"44.5049180";"OK"
"CUNEO";"MONDOVI'";"1062";"01-01062";"CN-00035";"Sversamenti incidentali su suolo e acque";"BONIFICA E RIPRISTINO AMBIENTALE";"401359,0";"4917482,0";"2026-09-07T00:00:00.000Z";"CONCLUSO";"7.7612326";"44.4039099";"OK"
"CUNEO";"MONDOVI'";"1064";"01-01064";"CN-00037";"Presenza di sostanze inquinanti dovuta a cattiva gestione di impianti o strutture";"BONIFICA E RIPRISTINO AMBIENTALE";"405563,0";"4915142,0";"2026-09-07T00:00:00.000Z";"CONCLUSO";"7.8144418";"44.3834080";"OK"
"CUNEO";"BARGE";"1187";"01-01187";"CN-00039";"Presenza di sostanze inquinanti dovuta a gestione scorretta dei rifiuti";"BONIFICA E RIPRISTINO AMBIENTALE";"375697,0";"4954262,0";"2026-09-07T00:00:00.000Z";"CONCLUSO";"7.4301883";"44.7309532";"OK"
"CUNEO";"REVELLO";"1190";"01-01190";"CN-00040";"Presenza di sostanze inquinanti dovuta a gestione scorretta dei rifiuti";"BONIFICA E RIPRISTINO AMBIENTALE";"374185,0";"4952713,0";"2026-09-07T00:00:00.000Z";"CONCLUSO";"7.4114823";"44.7167499";"OK"
"CUNEO";"FOSSANO";"1398";"01-01398";"CN-00047";"Presenza di sostanze inquinanti dovuta a cattiva gestione di impianti o strutture";"INTERVENTO NON NECESSARIO A SEGUITO ANALISI DI RISCHIO";"398361,0";"4932979,0";"2026-09-07T00:00:00.000Z";"CONCLUSO";"7.7205475";"44.5429764";"OK"
"CUNEO";"BARGE";"1427";"01-01427";"CN-00048";"Presenza di sostanze inquinanti dovuta a gestione scorretta dei rifiuti";"BONIFICA E RIPRISTINO AMBIENTALE";"374001,0";"4955835,0";"2026-09-07T00:00:00.000Z";"ATTIVO";"7.4083895";"44.7448120";"OK"
"CUNEO";"MONDOVI'";"1434";"01-01434";"CN-00049";"Presenza di sostanze inquinanti dovuta a cattiva gestione di impianti o strutture";"MESSA IN SICUREZZA OPERATIVA; BONIFICA E RIPRISTINO AMBIENTALE";"405870,0";"4918081,0";"2026-09-07T00:00:00.000Z";"ATTIVO";"7.8177624";"44.4099017";"OK"
"CUNEO";"NUCETTO";"1436";"01-01436";"CN-00050";"Presenza di sostanze inquinanti dovuta a cattiva gestione di impianti o strutture";"BONIFICA E RIPRISTINO AMBIENTALE";"424847,0";"4909805,0";"2026-09-07T00:00:00.000Z";"CONCLUSO";"8.0572663";"44.3376219";"OK"
"CUNEO";"CORTEMILIA";"1461";"01-01461";"CN-00051";"Presenza di sostanze inquinanti dovuta a cattiva gestione di impianti o strutture";"BONIFICA E RIPRISTINO AMBIENTALE";"436274,0";"4936599,0";"2026-09-07T00:00:00.000Z";"CONCLUSO";"8.1972956";"44.5799119";"OK"
"CUNEO";"ALBA";"1521";"01-01521";"CN-00053";"Presenza di sostanze inquinanti dovuta a cattiva gestione di impianti o strutture";"BONIFICA E RIPRISTINO AMBIENTALE";"422657,0";"4949369,0";"2026-09-07T00:00:00.000Z";"CONCLUSO";"8.0238707";"44.6935230";"OK"
"CUNEO";"MONDOVI'";"1522";"01-01522";"CN-00054";"Presenza di sostanze inquinanti dovuta a cattiva gestione di impianti o strutture";"BONIFICA E RIPRISTINO AMBIENTALE";"406960,0";"4918855,0";"2026-09-07T00:00:00.000Z";"CONCLUSO";"7.8313108";"44.4170094";"OK"
"CUNEO";"SAVIGLIANO";"1549";"01-01549";"CN-00055";"Presenza di sostanze inquinanti dovuta a cattiva gestione di impianti o strutture";"BONIFICA E RIPRISTINO AMBIENTALE";"393520,0";"4945529,0";"2026-09-07T00:00:00.000Z";"CONCLUSO";"7.6570245";"44.6552287";"OK"
"CUNEO";"DIANO D'ALBA";"1723";"01-01723";"CN-00065";"Presenza di sostanze inquinanti dovuta a cattiva gestione di impianti o strutture";"BONIFICA E RIPRISTINO AMBIENTALE";"423899,0";"4946962,0";"2026-09-07T00:00:00.000Z";"CONCLUSO";"8.0399014";"44.6719901";"OK"
"CUNEO";"BRA";"1724";"01-01724";"CN-00066";"Presenza di sostanze inquinanti dovuta a cattiva gestione di impianti o strutture";"BONIFICA E RIPRISTINO AMBIENTALE";"408300,0";"4949169,0";"2026-09-07T00:00:00.000Z";"ATTIVO";"7.8427439";"44.6900307";"OK"
"CUNEO";"NARZOLE";"1729";"01-01729";"CN-00067";"Presenza di sostanze inquinanti dovuta a gestione scorretta dei rifiuti";"BONIFICA E RIPRISTINO AMBIENTALE";"413012,0";"4939162,0";"2026-09-07T00:00:00.000Z";"CONCLUSO";"7.9038959";"44.6005463";"OK"
"CUNEO";"MONDOVI'";"1798";"01-01798";"CN-00070";"Presenza di sostanze inquinanti dovuta a cattiva gestione di impianti o strutture";"MESSA IN SICUREZZA OPERATIVA";"408498,0";"4920768,0";"2026-09-07T00:00:00.000Z";"CONCLUSO";"7.8502884";"44.4344243";"OK"
"CUNEO";"FOSSANO";"1889";"01-01889";"CN-00073";"Presenza di sostanze inquinanti dovuta a cattiva gestione di impianti o strutture; Eventi accidentali";"VERIFICA IN CORSO";"394682,0";"4931387,0";"2026-09-07T00:00:00.000Z";"ATTIVO";"7.6745727";"44.5281199";"OK"
"CUNEO";"PIANFEI";"1897";"01-01897";"CN-00075";"Presenza di sostanze inquinanti dovuta a gestione scorretta dei rifiuti";"VERIFICA IN CORSO";"398107,0";"4914678,0";"2026-09-07T00:00:00.000Z";"ATTIVO";"7.7209527";"44.3782219";"OK"
"CUNEO";"BARGE";"1921";"01-01921";"CN-00077";"Presenza di sostanze inquinanti dovuta a cattiva gestione di impianti o strutture";"BONIFICA E RIPRISTINO AMBIENTALE";"367166,0";"4953978,0";"2026-09-07T00:00:00.000Z";"CONCLUSO";"7.3225696";"44.7268662";"OK"
"CUNEO";"REVELLO";"1950";"01-01950";"CN-00080";"Presenza di sostanze inquinanti dovuta a gestione scorretta dei rifiuti";"VERIFICA IN CORSO";"374206,0";"4952782,0";"2026-09-07T00:00:00.000Z";"ATTIVO";"7.4117303";"44.7173745";"OK"
"CUNEO";"BARGE";"1951";"01-01951";"CN-00081";"Presenza di sostanze inquinanti dovuta a gestione scorretta dei rifiuti";"VERIFICA IN CORSO";"373995,0";"4955695,0";"2026-09-07T00:00:00.000Z";"ATTIVO";"7.4083483";"44.7435512";"OK"
"CUNEO";"BARGE";"1952";"01-01952";"CN-00082";"Presenza di sostanze inquinanti dovuta a gestione scorretta dei rifiuti";"VERIFICA IN CORSO";"374653,0";"4954410,0";"2026-09-07T00:00:00.000Z";"ATTIVO";"7.4169724";"44.7321031";"OK"
"CUNEO";"VILLANOVA SOLARO";"1953";"01-01953";"CN-00083";"Presenza di sostanze inquinanti dovuta a gestione scorretta dei rifiuti";"VERIFICA IN CORSO";"387023,0";"4952685,0";"2026-09-07T00:00:00.000Z";"ATTIVO";"7.5735258";"44.7186372";"OK"
"CUNEO";"ALBA";"1985";"01-01985";"CN-00084";"Presenza di sostanze inquinanti dovuta a cattiva gestione di impianti o strutture";"BONIFICA E RIPRISTINO AMBIENTALE";"419281,0";"4946123,0";"2026-09-07T00:00:00.000Z";"ATTIVO";"7.9817813";"44.6639337";"OK"
"CUNEO";"LESEGNO";"2672";"01-02672";"CN-00086";"Presenza di sostanze inquinanti dovuta a cattiva gestione di impianti o strutture";"INTERVENTO NON NECESSARIO A SEGUITO ANALISI DI RISCHIO";"416408,0";"4915941,0";"2026-09-07T00:00:00.000Z";"CONCLUSO";"7.9504367";"44.3919320";"OK"
"CUNEO";"PAESANA";"2119";"01-02119";"CN-00088";"Presenza di sostanze inquinanti dovuta a cattiva gestione di impianti o strutture";"BONIFICA E RIPRISTINO AMBIENTALE";"363429,0";"4949001,0";"2026-09-07T00:00:00.000Z";"CONCLUSO";"7.2767292";"44.6813788";"OK"
"CUNEO";"BAGNOLO PIEMONTE";"2124";"01-02124";"CN-00089";"Presenza di sostanze inquinanti dovuta a cattiva gestione di impianti o strutture";"BONIFICA E RIPRISTINO AMBIENTALE";"366635,0";"4957728,0";"2026-09-07T00:00:00.000Z";"CONCLUSO";"7.3148867";"44.7605117";"OK"
"CUNEO";"CORTEMILIA";"2179";"01-02179";"CN-00092";"Presenza di sostanze inquinanti dovuta a cattiva gestione di impianti o strutture";"BONIFICA E RIPRISTINO AMBIENTALE";"435885,0";"4936705,0";"2026-09-07T00:00:00.000Z";"CONCLUSO";"8.1923830";"44.5808316";"OK"
"CUNEO";"FOSSANO";"2315";"01-02315";"CN-00093";"";"VERIFICA IN CORSO";"403844,0";"4934159,0";"2026-09-07T00:00:00.000Z";"ATTIVO";"7.7893327";"44.5543494";"OK"
"CUNEO";"FOSSANO";"2331";"01-02331";"CN-00094";"Eventi accidentali; Presenza di sostanze inquinanti dovuta a cattiva gestione di impianti o strutture";"MESSA IN SICUREZZA OPERATIVA";"397518,0";"4933618,0";"2026-09-07T00:00:00.000Z";"ATTIVO";"7.7098112";"44.5486083";"OK"
"CUNEO";"SAN MICHELE MONDOVI'";"2351";"01-02351";"CN-00095";"Presenza di sostanze inquinanti dovuta a gestione scorretta dei rifiuti; Presenza di sostanze inquinanti dovuta a cattiva gestione di impianti o strutture";"INTERVENTO NON NECESSARIO A SEGUITO ANALISI DI RISCHIO";"412803,0";"4913414,0";"2026-09-07T00:00:00.000Z";"CONCLUSO";"7.9056050";"44.3687609";"OK"
"TORINO";"ROBASSOMERO";"365";"01-00365";"TO-00014";"Presenza di sostanze inquinanti dovuta a cattiva gestione di impianti o strutture; Presenza di sostanze inquinanti dovuta a gestione scorretta dei rifiuti";"MESSA IN SICUREZZA OPERATIVA; BONIFICA E RIPRISTINO AMBIENTALE";"388242,0";"5006168,0";"2026-09-07T00:00:00.000Z";"ATTIVO";"7.5770634";"45.2001344";"OK"
"TORINO";"NICHELINO";"371";"01-00371";"TO-00015";"Presenza di sostanze inquinanti dovuta a cattiva gestione di impianti o strutture";"VERIFICA IN CORSO";"393064,0";"4980857,0";"2026-09-07T00:00:00.000Z";"ATTIVO";"7.6438422";"44.9731026";"OK"
"TORINO";"CIRIE'";"379";"01-00379";"TO-00016";"Presenza di sostanze inquinanti dovuta a gestione scorretta dei rifiuti";"BONIFICA E RIPRISTINO AMBIENTALE";"388843,0";"5008635,0";"2026-09-07T00:00:00.000Z";"ATTIVO";"7.5841623";"45.2224296";"OK"
"TORINO";"SAN FRANCESCO AL CAMPO";"389";"01-00389";"TO-00017";"Sversamenti incidentali su suolo e acque";"BONIFICA E RIPRISTINO AMBIENTALE";"394223,0";"5009339,0";"2026-09-07T00:00:00.000Z";"CONCLUSO";"7.6525197";"45.2295938";"OK"
"TORINO";"VOLVERA";"391";"01-00391";"TO-00018";"Presenza di sostanze inquinanti dovuta a gestione scorretta dei rifiuti";"MESSA IN SICUREZZA PERMANENTE; BONIFICA E RIPRISTINO AMBIENTALE CON MISURE DI SICUREZZA";"382800,0";"4981629,0";"2026-09-07T00:00:00.000Z";"ATTIVO";"7.5135370";"44.9784302";"OK"
"TORINO";"LEINI'";"393";"01-00393";"TO-00019";"Presenza di sostanze inquinanti dovuta a cattiva gestione di impianti o strutture; Presenza di sostanze inquinanti dovuta a gestione scorretta dei rifiuti";"BONIFICA E RIPRISTINO AMBIENTALE";"398882,0";"5002278,0";"2026-09-07T00:00:00.000Z";"ATTIVO";"7.7132879";"45.1667343";"OK"
"TORINO";"BRUZOLO";"415";"01-00415";"TO-00020";"Presenza di sostanze inquinanti dovuta a gestione scorretta dei rifiuti";"BONIFICA E RIPRISTINO AMBIENTALE";"358294,0";"4998984,0";"2026-09-07T00:00:00.000Z";"CONCLUSO";"7.1979655";"45.1301126";"OK"
"TORINO";"NICHELINO";"430";"01-00430";"TO-00021";"Presenza di sostanze inquinanti dovuta a cattiva gestione di impianti o strutture";"BONIFICA E RIPRISTINO AMBIENTALE";"391967,0";"4984610,0";"2026-09-07T00:00:00.000Z";"ATTIVO";"7.6291291";"45.0067112";"OK"
"TORINO";"VOLPIANO";"434";"01-00434";"TO-00022";"Sversamenti incidentali su suolo e acque";"BONIFICA E RIPRISTINO AMBIENTALE";"403220,0";"5003809,0";"2026-09-07T00:00:00.000Z";"ATTIVO";"7.7681782";"45.1811211";"OK"
"TORINO";"COLLEGNO";"445";"01-00445";"TO-00024";"Presenza di sostanze inquinanti dovuta a cattiva gestione di impianti o strutture; Presenza di sostanze inquinanti dovuta a gestione scorretta dei rifiuti";"BONIFICA E RIPRISTINO AMBIENTALE CON MISURE DI SICUREZZA";"390370,0";"4992815,0";"2026-09-07T00:00:00.000Z";"ATTIVO";"7.6070791";"45.0803046";"OK"
"TORINO";"ROCCA CANAVESE";"459";"01-00459";"TO-00025";"Eventi accidentali";"VERIFICA IN CORSO";"388532,0";"5018077,0";"2026-09-07T00:00:00.000Z";"ATTIVO";"7.5780823";"45.3073465";"OK"
"TORINO";"CIRIE'";"464";"01-00464";"TO-00026";"Presenza di sostanze inquinanti dovuta a gestione scorretta dei rifiuti";"BONIFICA E RIPRISTINO AMBIENTALE";"388873,0";"5008742,0";"2026-09-07T00:00:00.000Z";"ATTIVO";"7.5845204";"45.2233972";"OK"
"TORINO";"VILLASTELLONE";"473";"01-00473";"TO-00027";"Presenza di sostanze inquinanti dovuta a cattiva gestione di impianti o strutture";"BONIFICA E RIPRISTINO AMBIENTALE";"400856,0";"4973499,0";"2026-09-07T00:00:00.000Z";"CONCLUSO";"7.7440800";"44.9080123";"OK"
"TORINO";"VILLAR DORA";"475";"01-00475";"TO-00028";"Presenza di sostanze inquinanti dovuta a gestione scorretta dei rifiuti";"BONIFICA E RIPRISTINO AMBIENTALE CON MISURE DI SICUREZZA";"372603,0";"4995916,0";"2026-09-07T00:00:00.000Z";"ATTIVO";"7.3806331";"45.1052322";"OK"
"TORINO";"NICHELINO";"477";"01-00477";"TO-00029";"Presenza di sostanze inquinanti dovuta a gestione scorretta dei rifiuti";"BONIFICA E RIPRISTINO AMBIENTALE";"391902,0";"4984751,0";"2026-09-07T00:00:00.000Z";"CONCLUSO";"7.6282742";"45.0079702";"OK"
"TORINO";"MONCALIERI";"484";"01-00484";"TO-00030";"Presenza di sostanze inquinanti dovuta a gestione scorretta dei rifiuti";"BONIFICA E RIPRISTINO AMBIENTALE";"397543,0";"4979067,0";"2026-09-07T00:00:00.000Z";"ATTIVO";"7.7009934";"44.9576536";"OK"
"TORINO";"BORGARO TORINESE";"507";"01-00507";"TO-00031";"Presenza di sostanze inquinanti dovuta a cattiva gestione di impianti o strutture";"MESSA IN SICUREZZA PERMANENTE";"393773,0";"5000323,0";"2026-09-07T00:00:00.000Z";"ATTIVO";"7.6487103";"45.1483900";"OK"
"TORINO";"BUSANO";"513";"01-00513";"TO-00033";"Presenza di sostanze inquinanti dovuta a cattiva gestione di impianti o strutture";"BONIFICA E RIPRISTINO AMBIENTALE";"395436,0";"5017582,0";"2026-09-07T00:00:00.000Z";"ATTIVO";"7.6662314";"45.3039544";"OK"
"TORINO";"BORGONE SUSA";"525";"01-00525";"TO-00035";"Presenza di sostanze inquinanti dovuta a gestione scorretta dei rifiuti";"MESSA IN SICUREZZA PERMANENTE";"360317,0";"4998618,0";"2026-09-07T00:00:00.000Z";"ATTIVO";"7.2237811";"45.1272225";"OK"
"TORINO";"GRUGLIASCO";"528";"01-00528";"TO-00037";"Presenza di sostanze inquinanti dovuta a cattiva gestione di impianti o strutture";"INTERVENTO NON NECESSARIO A SEGUITO ANALISI DI RISCHIO";"389418,0";"4991740,0";"2026-09-07T00:00:00.000Z";"CONCLUSO";"7.5952240";"45.0704824";"OK"
"TORINO";"BUTTIGLIERA ALTA";"532";"01-00532";"TO-00038";"Presenza di sostanze inquinanti dovuta a gestione scorretta dei rifiuti";"BONIFICA E RIPRISTINO AMBIENTALE CON MISURE DI SICUREZZA; MESSA IN SICUREZZA PERMANENTE";"375820,0";"4993928,0";"2026-09-07T00:00:00.000Z";"CONCLUSO";"7.4220022";"45.0879159";"OK"
"TORINO";"ORBASSANO";"537";"01-00537";"TO-00039";"";"BONIFICA E RIPRISTINO AMBIENTALE CON MISURE DI SICUREZZA; BONIFICA E RIPRISTINO AMBIENTALE";"386294,0";"4984791,0";"2026-09-07T00:00:00.000Z";"CONCLUSO";"7.5571236";"45.0074534";"OK"
"TORINO";"NICHELINO";"542";"01-00542";"TO-00041";"Presenza di sostanze inquinanti dovuta a cattiva gestione di impianti o strutture";"BONIFICA E RIPRISTINO AMBIENTALE";"392436,0";"4982488,0";"2026-09-07T00:00:00.000Z";"CONCLUSO";"7.6355320";"44.9876858";"OK"
"TORINO";"SAUZE D'OULX";"547";"01-00547";"TO-00042";"Sversamenti incidentali su suolo e acque";"BONIFICA E RIPRISTINO AMBIENTALE";"332236,0";"4987919,0";"2026-09-07T00:00:00.000Z";"ATTIVO";"6.8705073";"45.0248691";"OK"
"TORINO";"ORBASSANO";"549";"01-00549";"TO-00043";"Presenza di sostanze inquinanti dovuta a cattiva gestione di impianti o strutture";"BONIFICA E RIPRISTINO AMBIENTALE";"389333,0";"4984831,0";"2026-09-07T00:00:00.000Z";"ATTIVO";"7.5956666";"45.0082940";"OK"
"TORINO";"TORINO";"555";"01-00555";"TO-00044";"Incidenti a pipe line";"BONIFICA E RIPRISTINO AMBIENTALE";"398693,0";"4988738,0";"2026-09-07T00:00:00.000Z";"CONCLUSO";"7.7136236";"45.0448542";"OK"
"TORINO";"NICHELINO";"564";"01-00564";"TO-00047";"Presenza di sostanze inquinanti dovuta a gestione scorretta dei rifiuti";"MESSA IN SICUREZZA PERMANENTE";"393400,0";"4984500,0";"2026-09-07T00:00:00.000Z";"ATTIVO";"7.6473311";"45.0059381";"OK"
"TORINO";"CHIERI";"566";"01-00566";"TO-00048";"Presenza di sostanze inquinanti dovuta a cattiva gestione di impianti o strutture";"BONIFICA E RIPRISTINO AMBIENTALE";"406375,0";"4985874,0";"2026-09-07T00:00:00.000Z";"ATTIVO";"7.8116799";"45.0201353";"OK"
"TORINO";"TORINO";"568";"01-00568";"TO-00049";"Presenza di sostanze inquinanti dovuta a gestione scorretta dei rifiuti";"BONIFICA E RIPRISTINO AMBIENTALE CON MISURE DI SICUREZZA; MESSA IN SICUREZZA PERMANENTE";"396486,0";"4994114,0";"2026-09-07T00:00:00.000Z";"ATTIVO";"7.6844974";"45.0929161";"OK"
"TORINO";"PRATIGLIONE";"575";"01-00575";"TO-00050";"Presenza di sostanze inquinanti dovuta a gestione scorretta dei rifiuti";"MESSA IN SICUREZZA PERMANENTE";"390868,0";"5021667,0";"2026-09-07T00:00:00.000Z";"CONCLUSO";"7.6070804";"45.3400191";"OK"
"TORINO";"RIVALTA DI TORINO";"580";"01-00580";"TO-00053";"Presenza di sostanze inquinanti dovuta a gestione scorretta dei rifiuti";"BONIFICA E RIPRISTINO AMBIENTALE";"382475,0";"4982990,0";"2026-09-07T00:00:00.000Z";"ATTIVO";"7.5090989";"44.9906239";"OK"
"TORINO";"TORINO";"581";"01-00581";"TO-00054";"Presenza di sostanze inquinanti dovuta a gestione scorretta dei rifiuti; Presenza di sostanze inquinanti dovuta a cattiva gestione di impianti o strutture";"BONIFICA E RIPRISTINO AMBIENTALE";"393812,0";"4989910,0";"2026-09-07T00:00:00.000Z";"CONCLUSO";"7.6514146";"45.0546866";"OK"
"TORINO";"MONCALIERI";"590";"01-00590";"TO-00056";"Presenza di sostanze inquinanti dovuta a cattiva gestione di impianti o strutture";"VERIFICA IN CORSO";"396893,0";"4983213,0";"2026-09-07T00:00:00.000Z";"ATTIVO";"7.6919064";"44.9948720";"OK"
"TORINO";"SETTIMO TORINESE";"591";"01-00591";"TO-00057";"Presenza di sostanze inquinanti dovuta a cattiva gestione di impianti o strutture";"VERIFICA IN CORSO";"402796,0";"4999180,0";"2026-09-07T00:00:00.000Z";"ATTIVO";"7.7636842";"45.1394038";"OK"
"TORINO";"VOLPIANO";"602";"01-00602";"TO-00060";"Presenza di sostanze inquinanti dovuta a cattiva gestione di impianti o strutture";"MESSA IN SICUREZZA OPERATIVA";"404834,0";"5003393,0";"2026-09-07T00:00:00.000Z";"ATTIVO";"7.7887961";"45.1775970";"OK"
"TORINO";"MONCALIERI";"604";"01-00604";"TO-00061";"Presenza di sostanze inquinanti dovuta a cattiva gestione di impianti o strutture";"VERIFICA IN CORSO";"395113,0";"4985366,0";"2026-09-07T00:00:00.000Z";"ATTIVO";"7.6688813";"45.0139870";"OK"
"TORINO";"RIVOLI";"632";"01-00632";"TO-00069";"Presenza di sostanze inquinanti dovuta a cattiva gestione di impianti o strutture";"INTERVENTO NON NECESSARIO A SEGUITO ANALISI DI RISCHIO";"385883,0";"4991962,0";"2026-09-07T00:00:00.000Z";"CONCLUSO";"7.5502809";"45.0719191";"OK"
"TORINO";"FORNO CANAVESE";"637";"01-00637";"TO-00070";"Eventi accidentali";"BONIFICA E RIPRISTINO AMBIENTALE";"390121,0";"5021732,0";"2026-09-07T00:00:00.000Z";"ATTIVO";"7.5975344";"45.3404873";"OK"
"TORINO";"PINEROLO";"641";"01-00641";"TO-00071";"Presenza di sostanze inquinanti dovuta a cattiva gestione di impianti o strutture; Presenza di sostanze inquinanti dovuta a gestione scorretta dei rifiuti";"VERIFICA IN CORSO";"370231,0";"4971680,0";"2026-09-07T00:00:00.000Z";"ATTIVO";"7.3567409";"44.8867201";"OK"
"TORINO";"CARMAGNOLA";"645";"01-00645";"TO-00072";"Presenza di sostanze inquinanti dovuta a gestione scorretta dei rifiuti";"BONIFICA E RIPRISTINO AMBIENTALE; MESSA IN SICUREZZA PERMANENTE";"400024,0";"4967874,0";"2026-09-07T00:00:00.000Z";"ATTIVO";"7.7346535";"44.8572715";"OK"
"TORINO";"VILLAR PEROSA";"646";"01-00646";"TO-00073";"Presenza di sostanze inquinanti dovuta a gestione scorretta dei rifiuti";"BONIFICA E RIPRISTINO AMBIENTALE CON MISURE DI SICUREZZA; MESSA IN SICUREZZA PERMANENTE";"361248,0";"4975566,0";"2026-09-07T00:00:00.000Z";"ATTIVO";"7.2419757";"44.9199926";"OK"
"TORINO";"CIRIE'";"648";"01-00648";"TO-00074";"Presenza di sostanze inquinanti dovuta a cattiva gestione di impianti o strutture; Presenza di sostanze inquinanti dovuta a gestione scorretta dei rifiuti";"INTERVENTO NON NECESSARIO A SEGUITO ANALISI DI RISCHIO";"388109,0";"5009199,0";"2026-09-07T00:00:00.000Z";"CONCLUSO";"7.5746892";"45.2273887";"OK"
"TORINO";"RIVALTA DI TORINO";"659";"01-00659";"TO-00076";"Presenza di sostanze inquinanti dovuta a cattiva gestione di impianti o strutture; Presenza di sostanze inquinanti dovuta a gestione scorretta dei rifiuti";"VERIFICA IN CORSO";"381879,0";"4986569,0";"2026-09-07T00:00:00.000Z";"ATTIVO";"7.5007006";"45.0227318";"OK"
"TORINO";"RIVALTA DI TORINO";"660";"01-00660";"TO-00077";"";"VERIFICA IN CORSO";"382541,0";"4986481,0";"2026-09-07T00:00:00.000Z";"ATTIVO";"7.5091210";"45.0220499";"OK"
"TORINO";"RIVAROLO CANAVESE";"662";"01-00662";"TO-00078";"Presenza di sostanze inquinanti dovuta a gestione scorretta dei rifiuti";"BONIFICA E RIPRISTINO AMBIENTALE";"400939,0";"5020295,0";"2026-09-07T00:00:00.000Z";"ATTIVO";"7.7358646";"45.3291673";"OK"
"TORINO";"RIVALTA DI TORINO";"677";"01-00677";"TO-00085";"Presenza di sostanze inquinanti dovuta a cattiva gestione di impianti o strutture";"VERIFICA IN CORSO";"382921,0";"4985265,0";"2026-09-07T00:00:00.000Z";"ATTIVO";"7.5142257";"45.0111701";"OK"
"TORINO";"CAMBIANO";"678";"01-00678";"TO-00086";"Presenza di sostanze inquinanti dovuta a cattiva gestione di impianti o strutture";"BONIFICA E RIPRISTINO AMBIENTALE";"404667,0";"4982375,0";"2026-09-07T00:00:00.000Z";"CONCLUSO";"7.7906690";"44.9884170";"OK"
"TORINO";"PINO TORINESE";"682";"01-00682";"TO-00087";"Eventi accidentali";"VERIFICA IN CORSO";"404493,0";"4987696,0";"2026-09-07T00:00:00.000Z";"ATTIVO";"7.7874520";"45.0362820";"OK"
"TORINO";"COLLEGNO";"683";"01-00683";"TO-00088";"Presenza di sostanze inquinanti dovuta a gestione scorretta dei rifiuti; Presenza di sostanze inquinanti dovuta a cattiva gestione di impianti o strutture";"BONIFICA E RIPRISTINO AMBIENTALE CON MISURE DI SICUREZZA";"390360,0";"4992564,0";"2026-09-07T00:00:00.000Z";"ATTIVO";"7.6070070";"45.0780443";"OK"
"TORINO";"TORINO";"698";"01-00698";"TO-00092";"Presenza di sostanze inquinanti dovuta a cattiva gestione di impianti o strutture";"INTERVENTO NON NECESSARIO A SEGUITO ANALISI DI RISCHIO";"390272,0";"4992160,0";"2026-09-07T00:00:00.000Z";"CONCLUSO";"7.6059776";"45.0743950";"OK"
"TORINO";"TORINO";"714";"01-00714";"TO-00096";"Presenza di sostanze inquinanti dovuta a cattiva gestione di impianti o strutture";"BONIFICA E RIPRISTINO AMBIENTALE";"391839,0";"4994762,0";"2026-09-07T00:00:00.000Z";"ATTIVO";"7.6253180";"45.0980521";"OK"
"TORINO";"TORINO";"716";"01-00716";"TO-00097";"Presenza di sostanze inquinanti dovuta a cattiva gestione di impianti o strutture; Presenza di sostanze inquinanti dovuta a gestione scorretta dei rifiuti";"BONIFICA E RIPRISTINO AMBIENTALE CON MISURE DI SICUREZZA; BONIFICA E RIPRISTINO AMBIENTALE";"397811,0";"4992001,0";"2026-09-07T00:00:00.000Z";"ATTIVO";"7.7017626";"45.0740929";"OK"
"TORINO";"TORINO";"717";"01-00717";"TO-00098";"Presenza di sostanze inquinanti dovuta a gestione scorretta dei rifiuti";"VERIFICA IN CORSO";"395873,0";"4996829,0";"2026-09-07T00:00:00.000Z";"ATTIVO";"7.6761445";"45.1172594";"OK"
"TORINO";"VENARIA REALE";"719";"01-00719";"TO-00099";"Presenza di sostanze inquinanti dovuta a cattiva gestione di impianti o strutture";"BONIFICA E RIPRISTINO AMBIENTALE CON MISURE DI SICUREZZA";"392743,0";"4999100,0";"2026-09-07T00:00:00.000Z";"CONCLUSO";"7.6358742";"45.1372283";"OK"
"TORINO";"SETTIMO TORINESE";"722";"01-00722";"TO-00100";"Presenza di sostanze inquinanti dovuta a gestione scorretta dei rifiuti";"BONIFICA E RIPRISTINO AMBIENTALE CON MISURE DI SICUREZZA; MESSA IN SICUREZZA OPERATIVA";"403631,0";"4999787,0";"2026-09-07T00:00:00.000Z";"ATTIVO";"7.7741848";"45.1449810";"OK"
"TORINO";"RIVA PRESSO CHIERI";"725";"01-00725";"TO-00101";"Presenza di sostanze inquinanti dovuta a cattiva gestione di impianti o strutture";"BONIFICA E RIPRISTINO AMBIENTALE CON MISURE DI SICUREZZA";"413527,0";"4983561,0";"2026-09-07T00:00:00.000Z";"ATTIVO";"7.9028357";"45.0002261";"OK"
"TORINO";"ORBASSANO";"734";"01-00734";"TO-00102";"Presenza di sostanze inquinanti dovuta a cattiva gestione di impianti o strutture; Presenza di sostanze inquinanti dovuta a gestione scorretta dei rifiuti";"MESSA IN SICUREZZA PERMANENTE";"386014,0";"4984196,0";"2026-09-07T00:00:00.000Z";"CONCLUSO";"7.5537065";"45.0020540";"OK"
"TORINO";"VILLAR PEROSA";"737";"01-00737";"TO-00103";"Incidenti a pipe line; Presenza di sostanze inquinanti dovuta a cattiva gestione di impianti o strutture";"BONIFICA E RIPRISTINO AMBIENTALE CON MISURE DI SICUREZZA";"361322,0";"4975900,0";"2026-09-07T00:00:00.000Z";"ATTIVO";"7.2428212";"44.9230123";"OK"
"TORINO";"FROSSASCO";"738";"01-00738";"TO-00104";"Presenza di sostanze inquinanti dovuta a gestione scorretta dei rifiuti";"MESSA IN SICUREZZA PERMANENTE";"371045,0";"4976595,0";"2026-09-07T00:00:00.000Z";"CONCLUSO";"7.3657913";"44.9310951";"OK"
"TORINO";"VILLAR PEROSA";"739";"01-00739";"TO-00105";"Presenza di sostanze inquinanti dovuta a cattiva gestione di impianti o strutture";"BONIFICA E RIPRISTINO AMBIENTALE";"361868,0";"4973893,0";"2026-09-07T00:00:00.000Z";"ATTIVO";"7.2502845";"44.9050598";"OK"
"TORINO";"VOLPIANO";"741";"01-00741";"TO-00106";"Presenza di sostanze inquinanti dovuta a cattiva gestione di impianti o strutture";"BONIFICA E RIPRISTINO AMBIENTALE";"405062,0";"5004990,0";"2026-09-07T00:00:00.000Z";"ATTIVO";"7.7913931";"45.1920001";"OK"
"TORINO";"PINEROLO";"750";"01-00750";"TO-00107";"Presenza di sostanze inquinanti dovuta a cattiva gestione di impianti o strutture";"BONIFICA E RIPRISTINO AMBIENTALE";"369538,0";"4971625,0";"2026-09-07T00:00:00.000Z";"ATTIVO";"7.3479833";"44.8860986";"OK"
"TORINO";"CHIVASSO";"751";"01-00751";"TO-00108";"Presenza di sostanze inquinanti dovuta a cattiva gestione di impianti o strutture";"BONIFICA E RIPRISTINO AMBIENTALE CON MISURE DI SICUREZZA; MESSA IN SICUREZZA OPERATIVA";"410000,0";"5003802,0";"2026-09-07T00:00:00.000Z";"ATTIVO";"7.8544578";"45.1819562";"OK"
"TORINO";"TORINO";"754";"01-00754";"TO-00109";"Presenza di sostanze inquinanti dovuta a cattiva gestione di impianti o strutture";"BONIFICA E RIPRISTINO AMBIENTALE";"396178,0";"4988127,0";"2026-09-07T00:00:00.000Z";"ATTIVO";"7.6818233";"45.0389913";"OK"
"TORINO";"CARMAGNOLA";"757";"01-00757";"TO-00111";"Presenza di sostanze inquinanti dovuta a cattiva gestione di impianti o strutture";"BONIFICA E RIPRISTINO AMBIENTALE";"399243,0";"4967366,0";"2026-09-07T00:00:00.000Z";"ATTIVO";"7.7248721";"44.8525896";"OK"
"TORINO";"PINO TORINESE";"760";"01-00760";"TO-00112";"Presenza di sostanze inquinanti dovuta a cattiva gestione di impianti o strutture";"MESSA IN SICUREZZA OPERATIVA";"403435,0";"4988242,0";"2026-09-07T00:00:00.000Z";"ATTIVO";"7.7739178";"45.0410525";"OK"
"TORINO";"SAN GILLIO";"764";"01-00764";"TO-00113";"Eventi accidentali; Presenza di sostanze inquinanti dovuta a cattiva gestione di impianti o strutture";"VERIFICA IN CORSO";"383821,0";"4999200,0";"2026-09-07T00:00:00.000Z";"ATTIVO";"7.5224147";"45.1367167";"OK"
"TORINO";"BUSSOLENO";"783";"01-00783";"TO-00115";"Presenza di sostanze inquinanti dovuta a cattiva gestione di impianti o strutture";"INTERVENTO NON NECESSARIO A SEGUITO ANALISI DI RISCHIO";"355161,0";"4999926,0";"2026-09-07T00:00:00.000Z";"CONCLUSO";"7.1578715";"45.1379524";"OK"
"TORINO";"RIVALTA DI TORINO";"784";"01-00784";"TO-00116";"Presenza di sostanze inquinanti dovuta a cattiva gestione di impianti o strutture";"VERIFICA IN CORSO";"382978,0";"4983924,0";"2026-09-07T00:00:00.000Z";"ATTIVO";"7.5152607";"44.9991120";"OK"
"TORINO";"LA LOGGIA";"792";"01-00792";"TO-00117";"Presenza di sostanze inquinanti dovuta a gestione scorretta dei rifiuti";"BONIFICA E RIPRISTINO AMBIENTALE";"395355,0";"4979870,0";"2026-09-07T00:00:00.000Z";"CONCLUSO";"7.6730935";"44.9645614";"OK"
"TORINO";"TORINO";"796";"01-00796";"TO-00118";"Presenza di sostanze inquinanti dovuta a cattiva gestione di impianti o strutture";"BONIFICA E RIPRISTINO AMBIENTALE CON MISURE DI SICUREZZA";"393734,0";"4990009,0";"2026-09-07T00:00:00.000Z";"CONCLUSO";"7.6504033";"45.0555658";"OK"
"TORINO";"TORINO";"797";"01-00797";"TO-00119";"Presenza di sostanze inquinanti dovuta a gestione scorretta dei rifiuti";"MESSA IN SICUREZZA PERMANENTE";"394936,0";"4996590,0";"2026-09-07T00:00:00.000Z";"ATTIVO";"7.6642850";"45.1149698";"OK"
"TORINO";"TORINO";"1266";"01-01266";"TO-00219";"Presenza di sostanze inquinanti dovuta a cattiva gestione di impianti o strutture";"MESSA IN SICUREZZA PERMANENTE";"395284,0";"4995022,0";"2026-09-07T00:00:00.000Z";"CONCLUSO";"7.6690361";"45.1009105";"OK"
"TORINO";"NONE";"1268";"01-01268";"TO-00220";"Presenza di sostanze inquinanti dovuta a cattiva gestione di impianti o strutture";"BONIFICA E RIPRISTINO AMBIENTALE CON MISURE DI SICUREZZA";"385424,0";"4978077,0";"2026-09-07T00:00:00.000Z";"CONCLUSO";"7.5476136";"44.9468937";"OK"
"TORINO";"MERCENASCO";"1270";"01-01270";"TO-00221";"Sversamenti incidentali su suolo e acque";"VERIFICA IN CORSO";"411999,0";"5024153,0";"2026-09-07T00:00:00.000Z";"ATTIVO";"7.8762874";"45.3653628";"OK"
"TORINO";"MONCALIERI";"1271";"01-01271";"TO-00222";"Presenza di sostanze inquinanti dovuta a cattiva gestione di impianti o strutture; Presenza di sostanze inquinanti dovuta a gestione scorretta dei rifiuti";"VERIFICA IN CORSO";"394187,0";"4984889,0";"2026-09-07T00:00:00.000Z";"ATTIVO";"7.6572330";"45.0095567";"OK"
"TORINO";"TORINO";"1272";"01-01272";"TO-00223";"Presenza di sostanze inquinanti dovuta a cattiva gestione di impianti o strutture; Presenza di sostanze inquinanti dovuta a gestione scorretta dei rifiuti";"BONIFICA E RIPRISTINO AMBIENTALE";"390710,0";"4992568,0";"2026-09-07T00:00:00.000Z";"ATTIVO";"7.6114516";"45.0781344";"OK"
"TORINO";"TORINO";"1275";"01-01275";"TO-00224";"Presenza di sostanze inquinanti dovuta a cattiva gestione di impianti o strutture";"BONIFICA E RIPRISTINO AMBIENTALE; MESSA IN SICUREZZA PERMANENTE; MESSA IN SICUREZZA OPERATIVA";"394575,0";"4986645,0";"2026-09-07T00:00:00.000Z";"ATTIVO";"7.6617872";"45.0254175";"OK"
"TORINO";"IVREA";"1278";"01-01278";"TO-00225";"Presenza di sostanze inquinanti dovuta a gestione scorretta dei rifiuti";"INTERVENTO NON NECESSARIO A SEGUITO ANALISI DI RISCHIO";"412424,0";"5034572,0";"2026-09-07T00:00:00.000Z";"CONCLUSO";"7.8798611";"45.4591824";"OK"
"TORINO";"MONCALIERI";"1281";"01-01281";"TO-00227";"Presenza di sostanze inquinanti dovuta a gestione scorretta dei rifiuti";"MESSA IN SICUREZZA PERMANENTE";"394727,0";"4982216,0";"2026-09-07T00:00:00.000Z";"ATTIVO";"7.6646426";"44.9855815";"OK"
"TORINO";"TORINO";"1288";"01-01288";"TO-00230";"Presenza di sostanze inquinanti dovuta a gestione scorretta dei rifiuti";"BONIFICA E RIPRISTINO AMBIENTALE";"395665,0";"4987979,0";"2026-09-07T00:00:00.000Z";"ATTIVO";"7.6753425";"45.0375841";"OK"
"TORINO";"PIANEZZA";"1289";"01-01289";"TO-00231";"Presenza di sostanze inquinanti dovuta a cattiva gestione di impianti o strutture";"BONIFICA E RIPRISTINO AMBIENTALE";"387289,0";"4994692,0";"2026-09-07T00:00:00.000Z";"ATTIVO";"7.5675228";"45.0967116";"OK"
"TORINO";"PIANEZZA";"1290";"01-01290";"TO-00232";"Presenza di sostanze inquinanti dovuta a gestione scorretta dei rifiuti";"MESSA IN SICUREZZA PERMANENTE";"388766,0";"4996430,0";"2026-09-07T00:00:00.000Z";"ATTIVO";"7.5859025";"45.1125858";"OK"
"TORINO";"ORBASSANO";"1294";"01-01294";"TO-00233";"Presenza di sostanze inquinanti dovuta a gestione scorretta dei rifiuti";"VERIFICA IN CORSO";"383493,0";"4984090,0";"2026-09-07T00:00:00.000Z";"ATTIVO";"7.5217542";"45.0006906";"OK"
"TORINO";"TORINO";"1296";"01-01296";"TO-00234";"Presenza di sostanze inquinanti dovuta a cattiva gestione di impianti o strutture";"BONIFICA E RIPRISTINO AMBIENTALE";"395978,0";"4992349,0";"2026-09-07T00:00:00.000Z";"CONCLUSO";"7.6784096";"45.0769576";"OK"
"TORINO";"TORINO";"1297";"01-01297";"TO-00235";"Presenza di sostanze inquinanti dovuta a cattiva gestione di impianti o strutture";"VERIFICA IN CORSO";"395106,0";"4992929,0";"2026-09-07T00:00:00.000Z";"ATTIVO";"7.6672125";"45.0820485";"OK"
"TORINO";"MONCALIERI";"1299";"01-01299";"TO-00237";"Presenza di sostanze inquinanti dovuta a cattiva gestione di impianti o strutture";"BONIFICA E RIPRISTINO AMBIENTALE";"397632,0";"4983606,0";"2026-09-07T00:00:00.000Z";"CONCLUSO";"7.7011995";"44.9985158";"OK"
"TORINO";"COLLEGNO";"1306";"01-01306";"TO-00238";"Presenza di sostanze inquinanti dovuta a gestione scorretta dei rifiuti";"MESSA IN SICUREZZA PERMANENTE";"389773,0";"4995751,0";"2026-09-07T00:00:00.000Z";"ATTIVO";"7.5988500";"45.1066332";"OK"
"TORINO";"GRUGLIASCO";"1307";"01-01307";"TO-00239";"Presenza di sostanze inquinanti dovuta a cattiva gestione di impianti o strutture";"MESSA IN SICUREZZA PERMANENTE";"389218,0";"4990790,0";"2026-09-07T00:00:00.000Z";"ATTIVO";"7.5928939";"45.0619020";"OK"
"TORINO";"RIVAROLO CANAVESE";"1310";"01-01310";"TO-00241";"Presenza di sostanze inquinanti dovuta a cattiva gestione di impianti o strutture";"INTERVENTO NON NECESSARIO A SEGUITO ANALISI DI RISCHIO";"400305,0";"5020010,0";"2026-09-07T00:00:00.000Z";"CONCLUSO";"7.7278334";"45.3265128";"OK"
"TORINO";"TORINO";"1317";"01-01317";"TO-00242";"Presenza di sostanze inquinanti dovuta a cattiva gestione di impianti o strutture";"BONIFICA E RIPRISTINO AMBIENTALE; MESSA IN SICUREZZA PERMANENTE";"396587,0";"4993478,0";"2026-09-07T00:00:00.000Z";"ATTIVO";"7.6859119";"45.0872073";"OK"
"TORINO";"IVREA";"1318";"01-01318";"TO-00243";"Presenza di sostanze inquinanti dovuta a cattiva gestione di impianti o strutture";"VERIFICA IN CORSO";"412181,0";"5034679,0";"2026-09-07T00:00:00.000Z";"ATTIVO";"7.8767345";"45.4601148";"OK"
"TORINO";"BORGOFRANCO D'IVREA";"1319";"01-01319";"TO-00244";"Presenza di sostanze inquinanti dovuta a gestione scorretta dei rifiuti; Presenza di sostanze inquinanti dovuta a cattiva gestione di impianti o strutture";"BONIFICA E RIPRISTINO AMBIENTALE; MESSA IN SICUREZZA PERMANENTE";"409535,0";"5042161,0";"2026-09-07T00:00:00.000Z";"CONCLUSO";"7.8415173";"45.5271098";"OK"
"TORINO";"MONCALIERI";"1320";"01-01320";"TO-00245";"Presenza di sostanze inquinanti dovuta a cattiva gestione di impianti o strutture";"BONIFICA E RIPRISTINO AMBIENTALE";"397222,0";"4983113,0";"2026-09-07T00:00:00.000Z";"CONCLUSO";"7.6960996";"44.9940197";"OK"
"TORINO";"GRUGLIASCO";"1322";"01-01322";"TO-00246";"Presenza di sostanze inquinanti dovuta a gestione scorretta dei rifiuti";"BONIFICA E RIPRISTINO AMBIENTALE CON MISURE DI SICUREZZA";"389238,0";"4990853,0";"2026-09-07T00:00:00.000Z";"CONCLUSO";"7.5931339";"45.0624721";"OK"
"TORINO";"TORINO";"1335";"01-01335";"TO-00247";"Presenza di sostanze inquinanti dovuta a cattiva gestione di impianti o strutture";"INTERVENTO NON NECESSARIO A SEGUITO ANALISI DI RISCHIO";"398748,0";"4992016,0";"2026-09-07T00:00:00.000Z";"CONCLUSO";"7.7136604";"45.0743626";"OK"
"TORINO";"SETTIMO TORINESE";"1336";"01-01336";"TO-00248";"Presenza di sostanze inquinanti dovuta a gestione scorretta dei rifiuti";"VERIFICA IN CORSO";"401650,0";"5000448,0";"2026-09-07T00:00:00.000Z";"ATTIVO";"7.7488623";"45.1506565";"OK"
"TORINO";"OSASCO";"1341";"01-01341";"TO-00250";"Presenza di sostanze inquinanti dovuta a cattiva gestione di impianti o strutture";"VERIFICA IN CORSO";"368656,0";"4967802,0";"2026-09-07T00:00:00.000Z";"ATTIVO";"7.3378100";"44.8515359";"OK"
"TORINO";"PINEROLO";"1342";"01-01342";"TO-00251";"Presenza di sostanze inquinanti dovuta a cattiva gestione di impianti o strutture";"INTERVENTO NON NECESSARIO A SEGUITO ANALISI DI RISCHIO";"368588,0";"4971621,0";"2026-09-07T00:00:00.000Z";"CONCLUSO";"7.3359597";"44.8858880";"OK"
"TORINO";"BORGARO TORINESE";"1345";"01-01345";"TO-00254";"Presenza di sostanze inquinanti dovuta a gestione scorretta dei rifiuti";"BONIFICA E RIPRISTINO AMBIENTALE CON MISURE DI SICUREZZA; MESSA IN SICUREZZA PERMANENTE; BONIFICA E RIPRISTINO AMBIENTALE";"393362,0";"5000721,0";"2026-09-07T00:00:00.000Z";"ATTIVO";"7.6433986";"45.1519097";"OK"
"TORINO";"CESANA TORINESE";"1347";"01-01347";"TO-00255";"Presenza di sostanze inquinanti dovuta a cattiva gestione di impianti o strutture";"VERIFICA IN CORSO";"326907,0";"4979969,0";"2026-09-07T00:00:00.000Z";"ATTIVO";"6.8056448";"44.9520753";"OK"
"TORINO";"TORINO";"1352";"01-01352";"TO-00258";"Presenza di sostanze inquinanti dovuta a cattiva gestione di impianti o strutture";"INTERVENTO NON NECESSARIO A SEGUITO ANALISI DI RISCHIO";"392971,0";"4993130,0";"2026-09-07T00:00:00.000Z";"CONCLUSO";"7.6400498";"45.0835376";"OK"
"TORINO";"TORINO";"1353";"01-01353";"TO-00259";"Presenza di sostanze inquinanti dovuta a cattiva gestione di impianti o strutture";"VERIFICA IN CORSO";"399813,0";"4992038,0";"2026-09-07T00:00:00.000Z";"ATTIVO";"7.7271828";"45.0747121";"OK"
"TORINO";"TORINO";"1354";"01-01354";"TO-00260";"Presenza di sostanze inquinanti dovuta a cattiva gestione di impianti o strutture";"VERIFICA IN CORSO";"399264,0";"4992254,0";"2026-09-07T00:00:00.000Z";"ATTIVO";"7.7201664";"45.0765781";"OK"
"TORINO";"CHIVASSO";"1356";"01-01356";"TO-00262";"Presenza di sostanze inquinanti dovuta a gestione scorretta dei rifiuti";"MESSA IN SICUREZZA PERMANENTE";"411960,0";"5007753,0";"2026-09-07T00:00:00.000Z";"ATTIVO";"7.8787020";"45.2177622";"OK"
"TORINO";"NICHELINO";"1362";"01-01362";"TO-00265";"Presenza di sostanze inquinanti dovuta a cattiva gestione di impianti o strutture";"BONIFICA E RIPRISTINO AMBIENTALE";"392216,0";"4981452,0";"2026-09-07T00:00:00.000Z";"CONCLUSO";"7.6329637";"44.9783291";"OK"
"TORINO";"TORINO";"1363";"01-01363";"TO-00266";"Presenza di sostanze inquinanti dovuta a cattiva gestione di impianti o strutture";"MESSA IN SICUREZZA PERMANENTE";"394773,0";"4993410,0";"2026-09-07T00:00:00.000Z";"ATTIVO";"7.6628816";"45.0863278";"OK"
"TORINO";"GRUGLIASCO";"1370";"01-01370";"TO-00270";"Eventi accidentali; Presenza di sostanze inquinanti dovuta a cattiva gestione di impianti o strutture; Presenza di sostanze inquinanti dovuta a gestione scorretta dei rifiuti";"MESSA IN SICUREZZA PERMANENTE";"389308,0";"4990969,0";"2026-09-07T00:00:00.000Z";"CONCLUSO";"7.5939972";"45.0635269";"OK"
"TORINO";"NICHELINO";"799";"01-00799";"TO-00120";"Presenza di sostanze inquinanti dovuta a gestione scorretta dei rifiuti";"BONIFICA E RIPRISTINO AMBIENTALE CON MISURE DI SICUREZZA";"393682,0";"4981713,0";"2026-09-07T00:00:00.000Z";"ATTIVO";"7.6514969";"44.9808990";"OK"
"TORINO";"ROSTA";"802";"01-00802";"TO-00122";"Presenza di sostanze inquinanti dovuta a cattiva gestione di impianti o strutture";"BONIFICA E RIPRISTINO AMBIENTALE";"379499,0";"4993451,0";"2026-09-07T00:00:00.000Z";"ATTIVO";"7.4688502";"45.0842598";"OK"
"TORINO";"FAVRIA";"812";"01-00812";"TO-00125";"Presenza di sostanze inquinanti dovuta a gestione scorretta dei rifiuti";"BONIFICA E RIPRISTINO AMBIENTALE";"397669,0";"5021126,0";"2026-09-07T00:00:00.000Z";"CONCLUSO";"7.6939743";"45.3361761";"OK"
"TORINO";"CASELLE TORINESE";"825";"01-00825";"TO-00128";"Presenza di sostanze inquinanti dovuta a gestione scorretta dei rifiuti; Incidenti a pipe line; Presenza di sostanze inquinanti dovuta a cattiva gestione di impianti o strutture";"BONIFICA E RIPRISTINO AMBIENTALE";"392242,0";"5004773,0";"2026-09-07T00:00:00.000Z";"ATTIVO";"7.6282793";"45.1882039";"OK"
"TORINO";"NICHELINO";"828";"01-00828";"TO-00130";"Presenza di sostanze inquinanti dovuta a cattiva gestione di impianti o strutture";"BONIFICA E RIPRISTINO AMBIENTALE CON MISURE DI SICUREZZA";"394099,0";"4984334,0";"2026-09-07T00:00:00.000Z";"CONCLUSO";"7.6562334";"45.0045489";"OK"
"TORINO";"PINEROLO";"831";"01-00831";"TO-00131";"Presenza di sostanze inquinanti dovuta a cattiva gestione di impianti o strutture";"MESSA IN SICUREZZA PERMANENTE";"369184,0";"4969720,0";"2026-09-07T00:00:00.000Z";"CONCLUSO";"7.3439944";"44.8688918";"OK"
"TORINO";"TORINO";"834";"01-00834";"TO-00132";"Presenza di sostanze inquinanti dovuta a gestione scorretta dei rifiuti";"MESSA IN SICUREZZA PERMANENTE; BONIFICA E RIPRISTINO AMBIENTALE CON MISURE DI SICUREZZA; BONIFICA E RIPRISTINO AMBIENTALE";"395093,0";"4994169,0";"2026-09-07T00:00:00.000Z";"ATTIVO";"7.6667878";"45.0932058";"OK"
"TORINO";"BEINASCO";"836";"01-00836";"TO-00133";"Presenza di sostanze inquinanti dovuta a cattiva gestione di impianti o strutture";"VERIFICA IN CORSO";"389378,0";"4986896,0";"2026-09-07T00:00:00.000Z";"ATTIVO";"7.5957832";"45.0268844";"OK"
"TORINO";"MONCALIERI";"844";"01-00844";"TO-00135";"Presenza di sostanze inquinanti dovuta a gestione scorretta dei rifiuti";"VERIFICA IN CORSO";"396585,0";"4983440,0";"2026-09-07T00:00:00.000Z";"ATTIVO";"7.6879532";"44.9968701";"OK"
"TORINO";"GIVOLETTO";"850";"01-00850";"TO-00136";"";"VERIFICA IN CORSO";"384266,0";"5000609,0";"2026-09-07T00:00:00.000Z";"ATTIVO";"7.5277460";"45.1494690";"OK"
"TORINO";"RIVAROLO CANAVESE";"854";"01-00854";"TO-00140";"Presenza di sostanze inquinanti dovuta a gestione scorretta dei rifiuti";"BONIFICA E RIPRISTINO AMBIENTALE CON MISURE DI SICUREZZA";"400410,0";"5019662,0";"2026-09-07T00:00:00.000Z";"ATTIVO";"7.7292430";"45.3233960";"OK"
"TORINO";"LEINI'";"868";"01-00868";"TO-00141";"Incendi";"MESSA IN SICUREZZA PERMANENTE";"401346,0";"5001543,0";"2026-09-07T00:00:00.000Z";"ATTIVO";"7.7447796";"45.1604685";"OK"
"TORINO";"SAN GIORGIO CANAVESE";"1015";"01-01015";"TO-00142";"Incidenti a pipe line";"VERIFICA IN CORSO";"408017,0";"5016709,0";"2026-09-07T00:00:00.000Z";"ATTIVO";"7.8268346";"45.2978589";"OK"
"TORINO";"IVREA";"1030";"01-01030";"TO-00144";"Presenza di sostanze inquinanti dovuta a cattiva gestione di impianti o strutture";"BONIFICA E RIPRISTINO AMBIENTALE";"412242,0";"5033083,0";"2026-09-07T00:00:00.000Z";"ATTIVO";"7.8777995";"45.4457593";"OK"
"TORINO";"SAN MAURO TORINESE";"1031";"01-01031";"TO-00145";"Presenza di sostanze inquinanti dovuta a cattiva gestione di impianti o strutture";"BONIFICA E RIPRISTINO AMBIENTALE";"402179,0";"4994384,0";"2026-09-07T00:00:00.000Z";"ATTIVO";"7.7567763";"45.0961564";"OK"
"TORINO";"FROSSASCO";"1033";"01-01033";"TO-00147";"Presenza di sostanze inquinanti dovuta a cattiva gestione di impianti o strutture";"VERIFICA IN CORSO";"371174,0";"4975994,0";"2026-09-07T00:00:00.000Z";"ATTIVO";"7.3675786";"44.9257104";"OK"
"TORINO";"SETTIMO TORINESE";"1037";"01-01037";"TO-00148";"Presenza di sostanze inquinanti dovuta a cattiva gestione di impianti o strutture";"BONIFICA E RIPRISTINO AMBIENTALE";"400448,0";"4998722,0";"2026-09-07T00:00:00.000Z";"CONCLUSO";"7.7339190";"45.1349548";"OK"
"TORINO";"TORINO";"1038";"01-01038";"TO-00149";"";"BONIFICA E RIPRISTINO AMBIENTALE CON MISURE DI SICUREZZA";"395676,0";"4988033,0";"2026-09-07T00:00:00.000Z";"ATTIVO";"7.6754709";"45.0380717";"OK"
"TORINO";"ALPIGNANO";"1039";"01-01039";"TO-00150";"Presenza di sostanze inquinanti dovuta a gestione scorretta dei rifiuti; Presenza di sostanze inquinanti dovuta a cattiva gestione di impianti o strutture";"MESSA IN SICUREZZA PERMANENTE";"382146,0";"4997212,0";"2026-09-07T00:00:00.000Z";"ATTIVO";"7.5015875";"45.1185498";"OK"
"TORINO";"BORGONE SUSA";"1042";"01-01042";"TO-00152";"Presenza di sostanze inquinanti dovuta a cattiva gestione di impianti o strutture; Presenza di sostanze inquinanti dovuta a gestione scorretta dei rifiuti";"VERIFICA IN CORSO";"360884,0";"4998369,0";"2026-09-07T00:00:00.000Z";"ATTIVO";"7.2310570";"45.1250940";"OK"
"TORINO";"MONCALIERI";"1043";"01-01043";"TO-00153";"Presenza di sostanze inquinanti dovuta a cattiva gestione di impianti o strutture";"BONIFICA E RIPRISTINO AMBIENTALE";"397571,0";"4981404,0";"2026-09-07T00:00:00.000Z";"CONCLUSO";"7.7008736";"44.9786898";"OK"
"TORINO";"NOLE";"1045";"01-01045";"TO-00154";"Presenza di sostanze inquinanti dovuta a gestione scorretta dei rifiuti";"MESSA IN SICUREZZA PERMANENTE";"387446,0";"5009456,0";"2026-09-07T00:00:00.000Z";"CONCLUSO";"7.5661881";"45.2295957";"OK"
"TORINO";"TORINO";"1046";"01-01046";"TO-00155";"Presenza di sostanze inquinanti dovuta a cattiva gestione di impianti o strutture";"MESSA IN SICUREZZA PERMANENTE";"393904,0";"4989547,0";"2026-09-07T00:00:00.000Z";"ATTIVO";"7.6526594";"45.0514336";"OK"
"TORINO";"BALANGERO";"1056";"01-01056";"TO-00156";"Presenza di sostanze inquinanti dovuta a gestione scorretta dei rifiuti; Presenza di sostanze inquinanti dovuta a cattiva gestione di impianti o strutture";"MESSA IN SICUREZZA PERMANENTE";"383307,0";"5016340,0";"2026-09-07T00:00:00.000Z";"ATTIVO";"7.5118618";"45.2908672";"OK"
"TORINO";"TORINO";"1080";"01-01080";"TO-00157";"Presenza di sostanze inquinanti dovuta a cattiva gestione di impianti o strutture; Incidenti a pipe line; Presenza di sostanze inquinanti dovuta a gestione scorretta dei rifiuti";"MESSA IN SICUREZZA PERMANENTE; BONIFICA E RIPRISTINO AMBIENTALE CON MISURE DI SICUREZZA";"394394,0";"4991055,0";"2026-09-07T00:00:00.000Z";"ATTIVO";"7.6585630";"45.0650779";"OK"
"TORINO";"TORINO";"1128";"01-01128";"TO-00158";"Presenza di sostanze inquinanti dovuta a gestione scorretta dei rifiuti";"BONIFICA E RIPRISTINO AMBIENTALE CON MISURE DI SICUREZZA";"394107,0";"4987131,0";"2026-09-07T00:00:00.000Z";"ATTIVO";"7.6557459";"45.0297215";"OK"
"TORINO";"MAPPANO";"1129";"01-01129";"TO-00159";"Incendi";"MESSA IN SICUREZZA PERMANENTE";"398017,0";"4999478,0";"2026-09-07T00:00:00.000Z";"ATTIVO";"7.7028556";"45.1414115";"OK"
"TORINO";"BRANDIZZO";"1130";"01-01130";"TO-00160";"Presenza di sostanze inquinanti dovuta a gestione scorretta dei rifiuti";"BONIFICA E RIPRISTINO AMBIENTALE";"407715,0";"5003517,0";"2026-09-07T00:00:00.000Z";"CONCLUSO";"7.8254325";"45.1790959";"OK"
"TORINO";"TORINO";"1135";"01-01135";"TO-00161";"Presenza di sostanze inquinanti dovuta a gestione scorretta dei rifiuti";"BONIFICA E RIPRISTINO AMBIENTALE";"395255,0";"4995085,0";"2026-09-07T00:00:00.000Z";"ATTIVO";"7.6686544";"45.1014732";"OK"
"TORINO";"VILLASTELLONE";"1146";"01-01146";"TO-00164";"Presenza di sostanze inquinanti dovuta a cattiva gestione di impianti o strutture";"BONIFICA E RIPRISTINO AMBIENTALE CON MISURE DI SICUREZZA; BONIFICA E RIPRISTINO AMBIENTALE";"401620,0";"4975953,0";"2026-09-07T00:00:00.000Z";"ATTIVO";"7.7532782";"44.9302042";"OK"
"TORINO";"TORINO";"1147";"01-01147";"TO-00165";"Presenza di sostanze inquinanti dovuta a gestione scorretta dei rifiuti";"VERIFICA IN CORSO";"395730,0";"4998266,0";"2026-09-07T00:00:00.000Z";"ATTIVO";"7.6740273";"45.1301703";"OK"
"TORINO";"TORINO";"1148";"01-01148";"TO-00166";"Presenza di sostanze inquinanti dovuta a cattiva gestione di impianti o strutture";"BONIFICA E RIPRISTINO AMBIENTALE; BONIFICA E RIPRISTINO AMBIENTALE CON MISURE DI SICUREZZA";"394398,0";"4986799,0";"2026-09-07T00:00:00.000Z";"CONCLUSO";"7.6595087";"45.0267771";"OK"
"TORINO";"TORINO";"1149";"01-01149";"TO-00167";"Presenza di sostanze inquinanti dovuta a cattiva gestione di impianti o strutture";"BONIFICA E RIPRISTINO AMBIENTALE";"391373,0";"4985100,0";"2026-09-07T00:00:00.000Z";"ATTIVO";"7.6214880";"45.0110302";"OK"
"TORINO";"TORINO";"1150";"01-01150";"TO-00168";"Presenza di sostanze inquinanti dovuta a cattiva gestione di impianti o strutture";"BONIFICA E RIPRISTINO AMBIENTALE";"391821,0";"4993451,0";"2026-09-07T00:00:00.000Z";"ATTIVO";"7.6253724";"45.0862515";"OK"
"TORINO";"SETTIMO TORINESE";"1156";"01-01156";"TO-00170";"Presenza di sostanze inquinanti dovuta a cattiva gestione di impianti o strutture";"BONIFICA E RIPRISTINO AMBIENTALE";"404215,0";"5001765,0";"2026-09-07T00:00:00.000Z";"ATTIVO";"7.7812322";"45.1628618";"OK"
"TORINO";"SETTIMO TORINESE";"1157";"01-01157";"TO-00171";"Eventi accidentali";"BONIFICA E RIPRISTINO AMBIENTALE CON MISURE DI SICUREZZA";"404419,0";"5001346,0";"2026-09-07T00:00:00.000Z";"CONCLUSO";"7.7839076";"45.1591186";"OK"
"TORINO";"PONT-CANAVESE";"1170";"01-01170";"TO-00172";"Incidenti a pipe line";"VERIFICA IN CORSO";"390086,0";"5031220,0";"2026-09-07T00:00:00.000Z";"ATTIVO";"7.5949741";"45.4258607";"OK"
"TORINO";"MONCALIERI";"1171";"01-01171";"TO-00173";"Incidenti a pipe line";"BONIFICA E RIPRISTINO AMBIENTALE CON MISURE DI SICUREZZA";"395692,0";"4983049,0";"2026-09-07T00:00:00.000Z";"ATTIVO";"7.6767076";"44.9932205";"OK"
"TORINO";"TORINO";"1172";"01-01172";"TO-00174";"Presenza di sostanze inquinanti dovuta a cattiva gestione di impianti o strutture; Presenza di sostanze inquinanti dovuta a gestione scorretta dei rifiuti";"BONIFICA E RIPRISTINO AMBIENTALE";"395364,0";"4993056,0";"2026-09-07T00:00:00.000Z";"CONCLUSO";"7.6704633";"45.0832297";"OK"
"TORINO";"TORINO";"1180";"01-01180";"TO-00175";"Presenza di sostanze inquinanti dovuta a cattiva gestione di impianti o strutture";"MESSA IN SICUREZZA PERMANENTE";"396384,0";"4997326,0";"2026-09-07T00:00:00.000Z";"ATTIVO";"7.6825366";"45.1218072";"OK"
"TORINO";"LA LOGGIA";"1181";"01-01181";"TO-00176";"Presenza di sostanze inquinanti dovuta a cattiva gestione di impianti o strutture";"MESSA IN SICUREZZA PERMANENTE";"396889,0";"4980282,0";"2026-09-07T00:00:00.000Z";"ATTIVO";"7.6924554";"44.9684935";"OK"
"TORINO";"TORINO";"1182";"01-01182";"TO-00177";"Presenza di sostanze inquinanti dovuta a cattiva gestione di impianti o strutture";"VERIFICA IN CORSO";"392945,0";"4988726,0";"2026-09-07T00:00:00.000Z";"ATTIVO";"7.6406592";"45.0439008";"OK"
"TORINO";"TORINO";"1183";"01-01183";"TO-00178";"Presenza di sostanze inquinanti dovuta a cattiva gestione di impianti o strutture";"BONIFICA E RIPRISTINO AMBIENTALE";"394692,0";"4991367,0";"2026-09-07T00:00:00.000Z";"ATTIVO";"7.6622817";"45.0679301";"OK"
"TORINO";"GIAVENO";"1184";"01-01184";"TO-00179";"Presenza di sostanze inquinanti dovuta a cattiva gestione di impianti o strutture";"BONIFICA E RIPRISTINO AMBIENTALE";"370719,0";"4989689,0";"2026-09-07T00:00:00.000Z";"ATTIVO";"7.3583007";"45.0488590";"OK"
"TORINO";"POIRINO";"1185";"01-01185";"TO-00180";"Presenza di sostanze inquinanti dovuta a cattiva gestione di impianti o strutture";"VERIFICA IN CORSO";"408139,0";"4975481,0";"2026-09-07T00:00:00.000Z";"ATTIVO";"7.8359585";"44.9268280";"OK"
"TORINO";"TORRAZZA PIEMONTE";"1186";"01-01186";"TO-00181";"Presenza di sostanze inquinanti dovuta a gestione scorretta dei rifiuti";"MESSA IN SICUREZZA PERMANENTE";"418664,0";"5008184,0";"2026-09-07T00:00:00.000Z";"CONCLUSO";"7.9640007";"45.2224476";"OK"
"TORINO";"SETTIMO TORINESE";"1192";"01-01192";"TO-00182";"Presenza di sostanze inquinanti dovuta a cattiva gestione di impianti o strutture";"BONIFICA E RIPRISTINO AMBIENTALE";"400655,0";"4998068,0";"2026-09-07T00:00:00.000Z";"CONCLUSO";"7.7366809";"45.1290983";"OK"
"TORINO";"SETTIMO TORINESE";"1193";"01-01193";"TO-00183";"Presenza di sostanze inquinanti dovuta a cattiva gestione di impianti o strutture";"BONIFICA E RIPRISTINO AMBIENTALE";"402051,0";"4999712,0";"2026-09-07T00:00:00.000Z";"ATTIVO";"7.7541067";"45.1440886";"OK"
"TORINO";"VILLASTELLONE";"1194";"01-01194";"TO-00184";"Incendi";"VERIFICA IN CORSO";"399953,0";"4976124,0";"2026-09-07T00:00:00.000Z";"ATTIVO";"7.7321244";"44.9315106";"OK"
"TORINO";"SETTIMO TORINESE";"1196";"01-01196";"TO-00185";"Eventi accidentali";"BONIFICA E RIPRISTINO AMBIENTALE";"402969,0";"4998801,0";"2026-09-07T00:00:00.000Z";"CONCLUSO";"7.7659576";"45.1360167";"OK"
"TORINO";"TORINO";"1198";"01-01198";"TO-00186";"Presenza di sostanze inquinanti dovuta a cattiva gestione di impianti o strutture";"BONIFICA E RIPRISTINO AMBIENTALE; MESSA IN SICUREZZA OPERATIVA; MESSA IN SICUREZZA PERMANENTE";"394481,0";"4991226,0";"2026-09-07T00:00:00.000Z";"ATTIVO";"7.6596318";"45.0666297";"OK"
"TORINO";"SETTIMO TORINESE";"1203";"01-01203";"TO-00188";"Presenza di sostanze inquinanti dovuta a gestione scorretta dei rifiuti";"VERIFICA IN CORSO";"401490,0";"4999966,0";"2026-09-07T00:00:00.000Z";"ATTIVO";"7.7469225";"45.1462964";"OK"
"TORINO";"TORINO";"1204";"01-01204";"TO-00189";"Incendi";"BONIFICA E RIPRISTINO AMBIENTALE CON MISURE DI SICUREZZA";"393062,0";"4994030,0";"2026-09-07T00:00:00.000Z";"ATTIVO";"7.6410137";"45.0916507";"OK"
"TORINO";"MONCALIERI";"1215";"01-01215";"TO-00192";"Presenza di sostanze inquinanti dovuta a gestione scorretta dei rifiuti";"MESSA IN SICUREZZA PERMANENTE; BONIFICA E RIPRISTINO AMBIENTALE";"394470,0";"4982235,0";"2026-09-07T00:00:00.000Z";"ATTIVO";"7.6613796";"44.9857143";"OK"
"TORINO";"MAPPANO";"1216";"01-01216";"TO-00193";"Presenza di sostanze inquinanti dovuta a cattiva gestione di impianti o strutture";"MESSA IN SICUREZZA PERMANENTE";"398184,0";"5000597,0";"2026-09-07T00:00:00.000Z";"CONCLUSO";"7.7047511";"45.1515059";"OK"
"TORINO";"SALBERTRAND";"1217";"01-01217";"TO-00194";"Sversamenti incidentali su suolo e acque";"VERIFICA IN CORSO";"334299,0";"4993580,0";"2026-09-07T00:00:00.000Z";"ATTIVO";"6.8948078";"45.0762793";"OK"
"TORINO";"SESTRIERE";"1218";"01-01218";"TO-00195";"Presenza di sostanze inquinanti dovuta a cattiva gestione di impianti o strutture";"BONIFICA E RIPRISTINO AMBIENTALE";"332840,0";"4980418,0";"2026-09-07T00:00:00.000Z";"CONCLUSO";"6.8806583";"44.9575345";"OK"
"TORINO";"GIAGLIONE";"1229";"01-01229";"TO-00196";"Presenza di sostanze inquinanti dovuta a gestione scorretta dei rifiuti";"VERIFICA IN CORSO";"340492,0";"5000399,0";"2026-09-07T00:00:00.000Z";"ATTIVO";"6.9712654";"45.1390467";"OK"
"TORINO";"CHIERI";"1230";"01-01230";"TO-00197";"Presenza di sostanze inquinanti dovuta a cattiva gestione di impianti o strutture";"BONIFICA E RIPRISTINO AMBIENTALE";"407906,0";"4984506,0";"2026-09-07T00:00:00.000Z";"ATTIVO";"7.8313582";"45.0080238";"OK"
"TORINO";"PINEROLO";"1231";"01-01231";"TO-00198";"Presenza di sostanze inquinanti dovuta a cattiva gestione di impianti o strutture";"INTERVENTO NON NECESSARIO A SEGUITO ANALISI DI RISCHIO";"368657,0";"4971675,0";"2026-09-07T00:00:00.000Z";"CONCLUSO";"7.3368190";"44.8863866";"OK"
"TORINO";"VIGONE";"1232";"01-01232";"TO-00199";"Presenza di sostanze inquinanti dovuta a cattiva gestione di impianti o strutture";"BONIFICA E RIPRISTINO AMBIENTALE";"380727,0";"4966481,0";"2026-09-07T00:00:00.000Z";"ATTIVO";"7.4908263";"44.8417691";"OK"
"TORINO";"SETTIMO TORINESE";"1233";"01-01233";"TO-00200";"Presenza di sostanze inquinanti dovuta a cattiva gestione di impianti o strutture";"VERIFICA IN CORSO";"402187,0";"4998244,0";"2026-09-07T00:00:00.000Z";"ATTIVO";"7.7561234";"45.1308960";"OK"
"TORINO";"BUSANO";"1241";"01-01241";"TO-00202";"Presenza di sostanze inquinanti dovuta a gestione scorretta dei rifiuti";"MESSA IN SICUREZZA PERMANENTE";"395517,0";"5020439,0";"2026-09-07T00:00:00.000Z";"CONCLUSO";"7.6666614";"45.3296765";"OK"
"TORINO";"SETTIMO TORINESE";"1242";"01-01242";"TO-00203";"Presenza di sostanze inquinanti dovuta a cattiva gestione di impianti o strutture";"MESSA IN SICUREZZA PERMANENTE";"402095,0";"4999644,0";"2026-09-07T00:00:00.000Z";"ATTIVO";"7.7546795";"45.1434827";"OK"
"TORINO";"TORINO";"1250";"01-01250";"TO-00205";"Presenza di sostanze inquinanti dovuta a gestione scorretta dei rifiuti";"MESSA IN SICUREZZA PERMANENTE";"395531,0";"4996746,0";"2026-09-07T00:00:00.000Z";"ATTIVO";"7.6718149";"45.1164619";"OK"
"TORINO";"TORINO";"1251";"01-01251";"TO-00206";"Presenza di sostanze inquinanti dovuta a gestione scorretta dei rifiuti";"VERIFICA IN CORSO";"395453,0";"4996690,0";"2026-09-07T00:00:00.000Z";"ATTIVO";"7.6708352";"45.1159464";"OK"
"TORINO";"TORINO";"1252";"01-01252";"TO-00207";"Presenza di sostanze inquinanti dovuta a gestione scorretta dei rifiuti";"MESSA IN SICUREZZA PERMANENTE";"395485,0";"4996907,0";"2026-09-07T00:00:00.000Z";"ATTIVO";"7.6711965";"45.1179040";"OK"
"TORINO";"GASSINO TORINESE";"1253";"01-01253";"TO-00208";"Presenza di sostanze inquinanti dovuta a cattiva gestione di impianti o strutture";"BONIFICA E RIPRISTINO AMBIENTALE; MESSA IN SICUREZZA PERMANENTE";"408624,0";"4999204,0";"2026-09-07T00:00:00.000Z";"ATTIVO";"7.8377890";"45.1403981";"OK"
"TORINO";"ORBASSANO";"1254";"01-01254";"TO-00209";"Presenza di sostanze inquinanti dovuta a gestione scorretta dei rifiuti";"VERIFICA IN CORSO";"383169,0";"4983382,0";"2026-09-07T00:00:00.000Z";"ATTIVO";"7.5178090";"44.9942661";"OK"
"TORINO";"CHIVASSO";"1255";"01-01255";"TO-00210";"Presenza di sostanze inquinanti dovuta a cattiva gestione di impianti o strutture";"BONIFICA E RIPRISTINO AMBIENTALE";"413474,0";"5003964,0";"2026-09-07T00:00:00.000Z";"CONCLUSO";"7.8986392";"45.1838491";"OK"
"TORINO";"TORINO";"1256";"01-01256";"TO-00211";"Presenza di sostanze inquinanti dovuta a cattiva gestione di impianti o strutture";"VERIFICA IN CORSO";"393463,0";"4996029,0";"2026-09-07T00:00:00.000Z";"ATTIVO";"7.6456829";"45.1097007";"OK"
"TORINO";"VINOVO";"1257";"01-01257";"TO-00212";"Presenza di sostanze inquinanti dovuta a cattiva gestione di impianti o strutture";"BONIFICA E RIPRISTINO AMBIENTALE";"391768,0";"4977762,0";"2026-09-07T00:00:00.000Z";"CONCLUSO";"7.6280751";"44.9450532";"OK"
"TORINO";"TROFARELLO";"1259";"01-01259";"TO-00214";"Presenza di sostanze inquinanti dovuta a cattiva gestione di impianti o strutture";"VERIFICA IN CORSO";"400207,0";"4982053,0";"2026-09-07T00:00:00.000Z";"ATTIVO";"7.7341697";"44.9849061";"OK"
"TORINO";"TORINO";"1260";"01-01260";"TO-00215";"Presenza di sostanze inquinanti dovuta a gestione scorretta dei rifiuti";"MESSA IN SICUREZZA PERMANENTE";"393591,0";"4993962,0";"2026-09-07T00:00:00.000Z";"ATTIVO";"7.6477488";"45.0911186";"OK"
"TORINO";"CIRIE'";"1262";"01-01262";"TO-00216";"Presenza di sostanze inquinanti dovuta a cattiva gestione di impianti o strutture";"BONIFICA E RIPRISTINO AMBIENTALE";"388811,0";"5008798,0";"2026-09-07T00:00:00.000Z";"ATTIVO";"7.5837184";"45.2238914";"OK"
"TORINO";"TORINO";"1263";"01-01263";"TO-00217";"Presenza di sostanze inquinanti dovuta a gestione scorretta dei rifiuti";"VERIFICA IN CORSO";"395230,0";"4997137,0";"2026-09-07T00:00:00.000Z";"ATTIVO";"7.6679072";"45.1199361";"OK"
"NOVARA";"GOZZANO";"2193";"01-02193";"NO-00254";"Presenza di sostanze inquinanti dovuta a gestione scorretta dei rifiuti";"INTERVENTO NON NECESSARIO A SEGUITO ANALISI DI RISCHIO";"455747,0";"5066458,0";"2026-09-07T00:00:00.000Z";"CONCLUSO";"8.4310484";"45.7502630";"OK"
"NOVARA";"VICOLUNGO";"2229";"01-02229";"NO-00256";"";"INTERVENTO NON NECESSARIO A SEGUITO ANALISI DI RISCHIO";"457520,0";"5036245,0";"2026-09-07T00:00:00.000Z";"CONCLUSO";"8.4564758";"45.4784408";"OK"
"NOVARA";"FONTANETO D'AGOGNA";"2234";"01-02234";"NO-00257";"Presenza di sostanze inquinanti dovuta a gestione scorretta dei rifiuti";"INTERVENTO NON NECESSARIO A SEGUITO ANALISI DI RISCHIO";"459626,0";"5055383,0";"2026-09-07T00:00:00.000Z";"CONCLUSO";"8.4818394";"45.6508205";"OK"
"NOVARA";"ROMENTINO";"2279";"01-02279";"NO-00258";"";"INTERVENTO NON NECESSARIO A SEGUITO ANALISI DI RISCHIO";"481501,0";"5033485,0";"2026-09-07T00:00:00.000Z";"CONCLUSO";"8.7634081";"45.4546456";"OK"
"NOVARA";"SAN PIETRO MOSEZZO";"2288";"01-02288";"NO-00259";"";"INTERVENTO NON NECESSARIO A SEGUITO ANALISI DI RISCHIO";"466649,0";"5033034,0";"2026-09-07T00:00:00.000Z";"CONCLUSO";"8.5734941";"45.4500348";"OK"
"NOVARA";"ROMENTINO";"2290";"01-02290";"NO-00260";"Presenza di sostanze inquinanti dovuta a gestione scorretta dei rifiuti";"BONIFICA E RIPRISTINO AMBIENTALE";"481452,0";"5034954,0";"2026-09-07T00:00:00.000Z";"CONCLUSO";"8.7627260";"45.4678669";"OK"
"NOVARA";"NOVARA";"2308";"01-02308";"NO-00262";"";"BONIFICA E RIPRISTINO AMBIENTALE";"469587,0";"5036353,0";"2026-09-07T00:00:00.000Z";"CONCLUSO";"8.6108600";"45.4800432";"OK"
"NOVARA";"ROMENTINO";"2313";"01-02313";"NO-00264";"Presenza di sostanze inquinanti dovuta a gestione scorretta dei rifiuti";"INTERVENTO NON NECESSARIO A SEGUITO ANALISI DI RISCHIO";"478853,0";"5034054,0";"2026-09-07T00:00:00.000Z";"CONCLUSO";"8.7295176";"45.4596920";"OK"
"NOVARA";"ROMENTINO";"2330";"01-02330";"NO-00265";"Presenza di sostanze inquinanti dovuta a gestione scorretta dei rifiuti";"VERIFICA IN CORSO";"481418,0";"5034754,0";"2026-09-07T00:00:00.000Z";"ATTIVO";"8.7622986";"45.4660658";"OK"
"NOVARA";"GOZZANO";"2368";"01-02368";"NO-00266";"Presenza di sostanze inquinanti dovuta a cattiva gestione di impianti o strutture";"INTERVENTO NON NECESSARIO A SEGUITO ANALISI DI RISCHIO";"456169,0";"5065227,0";"2026-09-07T00:00:00.000Z";"CONCLUSO";"8.4365852";"45.7392105";"OK"
"NOVARA";"GALLIATE";"2371";"01-02371";"NO-00267";"";"VERIFICA IN CORSO";"476920,0";"5037309,0";"2026-09-07T00:00:00.000Z";"ATTIVO";"8.7046407";"45.4889293";"OK"
"NOVARA";"ARONA";"2379";"01-02379";"NO-00268";"";"INTERVENTO NON NECESSARIO A SEGUITO ANALISI DI RISCHIO";"465125,0";"5066617,0";"2026-09-07T00:00:00.000Z";"CONCLUSO";"8.5516037";"45.7522309";"OK"
"NOVARA";"OLEGGIO";"2402";"01-02402";"NO-00269";"Presenza di sostanze inquinanti dovuta a gestione scorretta dei rifiuti";"INTERVENTO NON NECESSARIO A SEGUITO ANALISI DI RISCHIO";"472104,0";"5049633,0";"2026-09-07T00:00:00.000Z";"CONCLUSO";"8.6423077";"45.5996802";"OK"
"NOVARA";"TRECATE";"2403";"01-02403";"NO-00270";"Presenza di sostanze inquinanti dovuta a gestione scorretta dei rifiuti";"INTERVENTO NON NECESSARIO A SEGUITO ANALISI DI RISCHIO";"483461,0";"5032879,0";"2026-09-07T00:00:00.000Z";"CONCLUSO";"8.7884956";"45.4492400";"OK"
"NOVARA";"OLEGGIO";"2428";"01-02428";"NO-00271";"Presenza di sostanze inquinanti dovuta a gestione scorretta dei rifiuti";"BONIFICA E RIPRISTINO AMBIENTALE";"468449,0";"5048610,0";"2026-09-07T00:00:00.000Z";"CONCLUSO";"8.5955092";"45.5903161";"OK"
"NOVARA";"OLEGGIO";"2433";"01-02433";"NO-00272";"";"INTERVENTO NON NECESSARIO A SEGUITO ANALISI DI RISCHIO";"474025,0";"5049443,0";"2026-09-07T00:00:00.000Z";"CONCLUSO";"8.6669491";"45.5980446";"OK"
"NOVARA";"NOVARA";"2436";"01-02436";"NO-00273";"";"BONIFICA E RIPRISTINO AMBIENTALE";"470669,0";"5034139,0";"2026-09-07T00:00:00.000Z";"CONCLUSO";"8.6248363";"45.4601613";"OK"
"NOVARA";"CAMERI";"2454";"01-02454";"NO-00274";"";"VERIFICA IN CORSO";"474660,0";"5040520,0";"2026-09-07T00:00:00.000Z";"CONCLUSO";"8.6755535";"45.5177530";"OK"
"NOVARA";"SAN PIETRO MOSEZZO";"2468";"01-02468";"NO-00275";"Presenza di sostanze inquinanti dovuta a cattiva gestione di impianti o strutture";"VERIFICA IN CORSO";"465881,0";"5033450,0";"2026-09-07T00:00:00.000Z";"ATTIVO";"8.5636440";"45.4537421";"OK"
"NOVARA";"ARONA";"2532";"01-02532";"NO-00278";"";"INTERVENTO NON NECESSARIO A SEGUITO ANALISI DI RISCHIO";"465099,0";"5066716,0";"2026-09-07T00:00:00.000Z";"CONCLUSO";"8.5512623";"45.7531206";"OK"
"NOVARA";"NOVARA";"2556";"01-02556";"NO-00280";"";"INTERVENTO NON NECESSARIO A SEGUITO ANALISI DI RISCHIO";"472304,0";"5034313,0";"2026-09-07T00:00:00.000Z";"CONCLUSO";"8.6457389";"45.4617942";"OK"
"NOVARA";"GOZZANO";"2575";"01-02575";"NO-00283";"Presenza di sostanze inquinanti dovuta a cattiva gestione di impianti o strutture";"VERIFICA IN CORSO";"455985,0";"5066111,0";"2026-09-07T00:00:00.000Z";"ATTIVO";"8.4341397";"45.7471551";"OK"
"NOVARA";"NOVARA";"2582";"01-02582";"NO-00284";"";"VERIFICA IN CORSO";"470643,0";"5033295,0";"2026-09-07T00:00:00.000Z";"CONCLUSO";"8.6245542";"45.4525633";"OK"
"NOVARA";"NOVARA";"2589";"01-02589";"NO-00285";"Presenza di sostanze inquinanti dovuta a cattiva gestione di impianti o strutture";"VERIFICA IN CORSO";"475593,0";"5034523,0";"2026-09-07T00:00:00.000Z";"ATTIVO";"8.6877975";"45.4638072";"OK"
"NOVARA";"GALLIATE";"2590";"01-02590";"NO-00286";"";"VERIFICA IN CORSO";"458100,0";"5030786,0";"2026-09-07T00:00:00.000Z";"ATTIVO";"8.4643618";"45.4293404";"OK"
"NOVARA";"NOVARA";"2591";"01-02591";"NO-00287";"";"VERIFICA IN CORSO";"471417,0";"5033090,0";"2026-09-07T00:00:00.000Z";"ATTIVO";"8.6344645";"45.4507502";"OK"
"NOVARA";"SAN MAURIZIO D'OPAGLIO";"2635";"01-02635";"NO-00288";"";"INTERVENTO NON NECESSARIO A SEGUITO ANALISI DI RISCHIO";"453440,0";"5069917,0";"2026-09-07T00:00:00.000Z";"CONCLUSO";"8.4010563";"45.7812433";"OK"
"NOVARA";"TRECATE";"2637";"01-02637";"NO-00289";"";"INTERVENTO NON NECESSARIO A SEGUITO ANALISI DI RISCHIO";"483197,0";"5031556,0";"2026-09-07T00:00:00.000Z";"CONCLUSO";"8.7851648";"45.4373252";"OK"
"NOVARA";"TRECATE";"2658";"01-02658";"NO-00291";"Eventi accidentali";"VERIFICA IN CORSO";"483256,0";"5031635,0";"2026-09-07T00:00:00.000Z";"ATTIVO";"8.7859164";"45.4380377";"OK"
"NOVARA";"NOVARA";"2659";"01-02659";"NO-00292";"";"VERIFICA IN CORSO";"470708,0";"5032410,0";"2026-09-07T00:00:00.000Z";"CONCLUSO";"8.6254382";"45.4446002";"OK"
"NOVARA";"CRESSA";"2677";"01-02677";"NO-00293";"";"INTERVENTO NON NECESSARIO A SEGUITO ANALISI DI RISCHIO";"456554,0";"5087846,0";"2026-09-07T00:00:00.000Z";"CONCLUSO";"8.4394933";"45.9428096";"OK"
"NOVARA";"BORGOMANERO";"2678";"01-02678";"NO-00294";"";"BONIFICA E RIPRISTINO AMBIENTALE";"458663,0";"5061461,0";"2026-09-07T00:00:00.000Z";"CONCLUSO";"8.4689635";"45.7054686";"OK"
"NOVARA";"ROMENTINO";"2691";"01-02691";"NO-00295";"";"INTERVENTO NON NECESSARIO A SEGUITO ANALISI DI RISCHIO";"482993,0";"5034430,0";"2026-09-07T00:00:00.000Z";"CONCLUSO";"8.7824571";"45.4631896";"OK"
"NOVARA";"TRECATE";"2701";"01-02701";"NO-00296";"Presenza di sostanze inquinanti dovuta a cattiva gestione di impianti o strutture";"INTERVENTO NON NECESSARIO A SEGUITO ANALISI DI RISCHIO";"483264,0";"5031777,0";"2026-09-07T00:00:00.000Z";"CONCLUSO";"8.7860139";"45.4393161";"OK"
"NOVARA";"ROMENTINO";"2731";"01-02731";"NO-00297";"";"VERIFICA IN CORSO";"483211,0";"5034181,0";"2026-09-07T00:00:00.000Z";"ATTIVO";"8.7852541";"45.4609536";"OK"
"NOVARA";"NOVARA";"2732";"01-02732";"NO-00298";"Presenza di sostanze inquinanti dovuta a cattiva gestione di impianti o strutture";"VERIFICA IN CORSO";"470905,0";"5032150,0";"2026-09-07T00:00:00.000Z";"ATTIVO";"8.6279726";"45.4422681";"OK"
"NOVARA";"GOZZANO";"2733";"01-02733";"NO-00299";"";"VERIFICA IN CORSO";"456282,0";"5064696,0";"2026-09-07T00:00:00.000Z";"ATTIVO";"8.4380856";"45.7344385";"OK"
"NOVARA";"ROMENTINO";"2758";"01-02758";"NO-00300";"";"VERIFICA IN CORSO";"480032,0";"5034510,0";"2026-09-07T00:00:00.000Z";"ATTIVO";"8.7445790";"45.4638312";"OK"
"NOVARA";"GOZZANO";"2761";"01-02761";"NO-00301";"";"INTERVENTO NON NECESSARIO A SEGUITO ANALISI DI RISCHIO";"455661,0";"5066050,0";"2026-09-07T00:00:00.000Z";"CONCLUSO";"8.4299802";"45.7465854";"OK"
"NOVARA";"PELLA";"2763";"01-02763";"NO-00302";"Presenza di sostanze inquinanti dovuta a cattiva gestione di impianti o strutture";"VERIFICA IN CORSO";"452046,0";"5071419,0";"2026-09-07T00:00:00.000Z";"ATTIVO";"8.3829759";"45.7946661";"OK"
"NOVARA";"NOVARA";"2781";"01-02781";"NO-00303";"";"VERIFICA IN CORSO";"470717,0";"5034481,0";"2026-09-07T00:00:00.000Z";"ATTIVO";"8.6254299";"45.4632416";"OK"
"NOVARA";"CAMERI";"2782";"01-02782";"NO-00304";"Presenza di sostanze inquinanti dovuta a cattiva gestione di impianti o strutture";"VERIFICA IN CORSO";"473281,0";"5038112,0";"2026-09-07T00:00:00.000Z";"ATTIVO";"8.6580287";"45.4960271";"OK"
"NOVARA";"NOVARA";"2798";"01-02798";"NO-00305";"Presenza di sostanze inquinanti dovuta a cattiva gestione di impianti o strutture";"VERIFICA IN CORSO";"471521,0";"5030874,0";"2026-09-07T00:00:00.000Z";"ATTIVO";"8.6359228";"45.4308082";"OK"
"NOVARA";"NOVARA";"2807";"01-02807";"NO-00307";"Presenza di sostanze inquinanti dovuta a cattiva gestione di impianti o strutture";"VERIFICA IN CORSO";"470640,0";"5032509,0";"2026-09-07T00:00:00.000Z";"ATTIVO";"8.6245627";"45.4454884";"OK"
"NOVARA";"SAN PIETRO MOSEZZO";"2816";"01-02816";"NO-00308";"";"VERIFICA IN CORSO";"";"";"2026-09-07T00:00:00.000Z";"ATTIVO";"";"";"NULL"
"NOVARA";"CAVALLIRIO";"2834";"01-02834";"NO-00310";"Sversamenti incidentali su suolo e acque";"VERIFICA IN CORSO";"454238,0";"5055730,0";"2026-09-07T00:00:00.000Z";"ATTIVO";"8.4126605";"45.6536091";"OK"
"NOVARA";"CASTELLETTO SOPRA TICINO";"2852";"01-02852";"NO-00314";"";"INTERVENTO NON NECESSARIO A SEGUITO ANALISI DI RISCHIO";"467179,0";"5062550,0";"2026-09-07T00:00:00.000Z";"CONCLUSO";"8.5782874";"45.7157264";"OK"
"NOVARA";"PRATO SESIA";"2853";"01-02853";"NO-00315";"Eventi accidentali; Presenza di sostanze inquinanti dovuta a cattiva gestione di impianti o strutture";"VERIFICA IN CORSO";"451801,0";"5054404,0";"2026-09-07T00:00:00.000Z";"ATTIVO";"8.3815156";"45.6415095";"OK"
"NOVARA";"SAN PIETRO MOSEZZO";"2855";"01-02855";"NO-00316";"Presenza di sostanze inquinanti dovuta a cattiva gestione di impianti o strutture";"VERIFICA IN CORSO";"465425,0";"5033891,0";"2026-09-07T00:00:00.000Z";"ATTIVO";"8.5577812";"45.4576891";"OK"
"NOVARA";"TRECATE";"2860";"01-02860";"NO-00317";"Presenza di sostanze inquinanti dovuta a cattiva gestione di impianti o strutture";"VERIFICA IN CORSO";"483356,0";"5031728,0";"2026-09-07T00:00:00.000Z";"ATTIVO";"8.7871918";"45.4388772";"OK"
"NOVARA";"TRECATE";"2872";"01-02872";"NO-00318";"Incidenti a pipe line";"VERIFICA IN CORSO";"482772,0";"5031144,0";"2026-09-07T00:00:00.000Z";"ATTIVO";"8.7797454";"45.4336064";"OK"
"NOVARA";"SAN MAURIZIO D'OPAGLIO";"2936";"01-02936";"NO-00320";"Presenza di sostanze inquinanti dovuta a cattiva gestione di impianti o strutture";"VERIFICA IN CORSO";"452176,0";"5069817,0";"2026-09-07T00:00:00.000Z";"ATTIVO";"8.3848072";"45.7802569";"OK"
"NOVARA";"OLEGGIO CASTELLO";"2939";"01-02939";"NO-00323";"Eventi accidentali";"VERIFICA IN CORSO";"462553,0";"5065775,0";"2026-09-07T00:00:00.000Z";"ATTIVO";"8.5186012";"45.7445180";"OK"
"NOVARA";"TRECATE";"2945";"01-02945";"NO-00324";"Presenza di sostanze inquinanti dovuta a cattiva gestione di impianti o strutture";"VERIFICA IN CORSO";"483049,0";"5031668,0";"2026-09-07T00:00:00.000Z";"ATTIVO";"8.7832687";"45.4383298";"OK"
"NOVARA";"CAMERI";"2956";"01-02956";"NO-00325";"Eventi accidentali";"VERIFICA IN CORSO";"472551,0";"5039038,0";"2026-09-07T00:00:00.000Z";"ATTIVO";"8.6486339";"45.5043337";"OK"
"NOVARA";"ARONA";"2957";"01-02957";"NO-00326";"Presenza di sostanze inquinanti dovuta a cattiva gestione di impianti o strutture";"VERIFICA IN CORSO";"";"";"2026-09-07T00:00:00.000Z";"ATTIVO";"";"";"NULL"
"NOVARA";"PELLA";"2974";"01-02974";"NO-00327";"Presenza di sostanze inquinanti dovuta a cattiva gestione di impianti o strutture";"VERIFICA IN CORSO";"452328,0";"5072054,0";"2026-09-07T00:00:00.000Z";"ATTIVO";"8.3865415";"45.8004007";"OK"
"NOVARA";"GOZZANO";"2975";"01-02975";"NO-00328";"Presenza di sostanze inquinanti dovuta a cattiva gestione di impianti o strutture";"VERIFICA IN CORSO";"455988,0";"5065291,0";"2026-09-07T00:00:00.000Z";"CONCLUSO";"8.4342529";"45.7397751";"OK"
"NOVARA";"OLEGGIO";"2981";"01-02981";"NO-00329";"Presenza di sostanze inquinanti dovuta a cattiva gestione di impianti o strutture";"VERIFICA IN CORSO";"472667,0";"5050737,0";"2026-09-07T00:00:00.000Z";"ATTIVO";"8.6494646";"45.6096395";"OK"
"NOVARA";"NOVARA";"2990";"01-02990";"NO-00330";"Presenza di sostanze inquinanti dovuta a cattiva gestione di impianti o strutture";"VERIFICA IN CORSO";"470935,0";"5031917,0";"2026-09-07T00:00:00.000Z";"ATTIVO";"8.6283699";"45.4401721";"OK"
"NOVARA";"NOVARA";"3009";"01-03009";"NO-00332";"Presenza di sostanze inquinanti dovuta a gestione scorretta dei rifiuti";"VERIFICA IN CORSO";"466013,0";"5029253,0";"2026-09-07T00:00:00.000Z";"ATTIVO";"8.5656220";"45.4159714";"OK"
"NOVARA";"TRECATE";"3014";"01-03014";"NO-00334";"Presenza di sostanze inquinanti dovuta a cattiva gestione di impianti o strutture";"VERIFICA IN CORSO";"483015,0";"5031321,0";"2026-09-07T00:00:00.000Z";"ATTIVO";"8.7828459";"45.4352055";"OK"
"NOVARA";"TRECATE";"3018";"01-03018";"NO-00335";"Presenza di sostanze inquinanti dovuta a cattiva gestione di impianti o strutture";"VERIFICA IN CORSO";"482817,0";"5031931,0";"2026-09-07T00:00:00.000Z";"ATTIVO";"8.7802932";"45.4406914";"OK"
"NOVARA";"DORMELLETTO";"3024";"01-03024";"NO-00336";"Presenza di sostanze inquinanti dovuta a cattiva gestione di impianti o strutture";"VERIFICA IN CORSO";"466843,0";"5064763,0";"2026-09-07T00:00:00.000Z";"ATTIVO";"8.5738188";"45.7356285";"OK"
"NOVARA";"CARPIGNANO SESIA";"3033";"01-03033";"NO-00337";"Presenza di sostanze inquinanti dovuta a gestione scorretta dei rifiuti";"VERIFICA IN CORSO";"453546,0";"5043792,0";"2026-09-07T00:00:00.000Z";"ATTIVO";"8.4049163";"45.5461153";"OK"
"NOVARA";"NOVARA";"3042";"01-03042";"NO-00338";"Presenza di sostanze inquinanti dovuta a cattiva gestione di impianti o strutture";"INTERVENTO NON NECESSARIO A SEGUITO ANALISI DI RISCHIO";"";"";"2026-09-07T00:00:00.000Z";"CONCLUSO";"";"";"NULL"
"NOVARA";"NOVARA";"3043";"01-03043";"NO-00339";"Presenza di sostanze inquinanti dovuta a cattiva gestione di impianti o strutture";"INTERVENTO NON NECESSARIO A SEGUITO ANALISI DI RISCHIO";"470673,0";"5033327,0";"2026-09-07T00:00:00.000Z";"CONCLUSO";"8.6249359";"45.4528526";"OK"
"NOVARA";"SAN MAURIZIO D'OPAGLIO";"3048";"01-03048";"NO-00340";"Presenza di sostanze inquinanti dovuta a cattiva gestione di impianti o strutture";"VERIFICA IN CORSO";"453154,0";"5068517,0";"2026-09-07T00:00:00.000Z";"ATTIVO";"8.3975132";"45.7686236";"OK"
"NOVARA";"GOZZANO";"3068";"01-03068";"NO-00341";"Eventi accidentali; Presenza di sostanze inquinanti dovuta a cattiva gestione di impianti o strutture";"VERIFICA IN CORSO";"456235,0";"5064396,0";"2026-09-07T00:00:00.000Z";"ATTIVO";"8.4375086";"45.7317355";"OK"
"NOVARA";"ARONA";"3079";"01-03079";"NO-00342";"Presenza di sostanze inquinanti dovuta a cattiva gestione di impianti o strutture";"VERIFICA IN CORSO";"465669,0";"5066248,0";"2026-09-07T00:00:00.000Z";"ATTIVO";"8.5586240";"45.7489370";"OK"
"NOVARA";"NOVARA";"3080";"01-03080";"NO-00343";"";"VERIFICA IN CORSO";"467765,0";"5037851,0";"2026-09-07T00:00:00.000Z";"ATTIVO";"8.5874493";"45.4934447";"OK"
"NOVARA";"NOVARA";"3083";"01-03083";"NO-00344";"";"VERIFICA IN CORSO";"472569,0";"5032960,0";"2026-09-07T00:00:00.000Z";"ATTIVO";"8.6492039";"45.4496263";"OK"
"NOVARA";"SAN MAURIZIO D'OPAGLIO";"3091";"01-03091";"NO-00345";"Presenza di sostanze inquinanti dovuta a cattiva gestione di impianti o strutture; Presenza di sostanze inquinanti dovuta a gestione scorretta dei rifiuti";"VERIFICA IN CORSO";"453834,0";"5069179,0";"2026-09-07T00:00:00.000Z";"ATTIVO";"8.4061949";"45.7746276";"OK"
"NOVARA";"NOVARA";"3094";"01-03094";"NO-00346";"Sversamenti incidentali su suolo e acque";"VERIFICA IN CORSO";"471256,0";"5031496,0";"2026-09-07T00:00:00.000Z";"ATTIVO";"8.6324988";"45.4363960";"OK"
"NOVARA";"SAN MAURIZIO D'OPAGLIO";"3123";"01-03123";"NO-00347";"Sversamenti incidentali su suolo e acque";"VERIFICA IN CORSO";"453010,0";"5068869,0";"2026-09-07T00:00:00.000Z";"CONCLUSO";"8.3956271";"45.7717819";"OK"
"NOVARA";"SAN PIETRO MOSEZZO";"3125";"01-03125";"NO-00348";"";"VERIFICA IN CORSO";"465881,0";"5032558,0";"2026-09-07T00:00:00.000Z";"ATTIVO";"8.5637059";"45.4457132";"OK"
"NOVARA";"CERANO";"3152";"01-03152";"NO-00352";"";"VERIFICA IN CORSO";"484481,0";"5027860,0";"2026-09-07T00:00:00.000Z";"ATTIVO";"8.8016978";"45.4040864";"OK"
"NOVARA";"BORGOMANERO";"3176";"01-03176";"NO-00353";"Presenza di sostanze inquinanti dovuta a cattiva gestione di impianti o strutture";"VERIFICA IN CORSO";"456846,0";"5061129,0";"2026-09-07T00:00:00.000Z";"ATTIVO";"8.4456520";"45.7023696";"OK"
"NOVARA";"NOVARA";"3215";"01-03215";"NO-00354";"Presenza di sostanze inquinanti dovuta a cattiva gestione di impianti o strutture";"VERIFICA IN CORSO";"";"";"2026-09-07T00:00:00.000Z";"ATTIVO";"";"";"NULL"
"NOVARA";"BORGOMANERO";"3217";"01-03217";"NO-00355";"Presenza di sostanze inquinanti dovuta a gestione scorretta dei rifiuti";"VERIFICA IN CORSO";"458744,0";"5060922,0";"2026-09-07T00:00:00.000Z";"ATTIVO";"8.4700499";"45.7006222";"OK"
"TORINO";"ORBASSANO";"14";"01-00014";"TO-00001";"Presenza di sostanze inquinanti dovuta a gestione scorretta dei rifiuti";"BONIFICA E RIPRISTINO AMBIENTALE";"383654,0";"4983839,0";"2026-09-07T00:00:00.000Z";"ATTIVO";"7.5238543";"44.9984583";"OK"
"TORINO";"PIANEZZA";"15";"01-00015";"TO-00002";"Presenza di sostanze inquinanti dovuta a gestione scorretta dei rifiuti";"BONIFICA E RIPRISTINO AMBIENTALE";"388045,0";"4996359,0";"2026-09-07T00:00:00.000Z";"ATTIVO";"7.5767553";"45.1118330";"OK"
"TORINO";"RIVALTA DI TORINO";"16";"01-00016";"TO-00003";"Presenza di sostanze inquinanti dovuta a cattiva gestione di impianti o strutture; Eventi accidentali; Presenza di sostanze inquinanti dovuta a gestione scorretta dei rifiuti";"MESSA IN SICUREZZA PERMANENTE";"381669,0";"4986667,0";"2026-09-07T00:00:00.000Z";"ATTIVO";"7.4980130";"45.0235787";"OK"
"TORINO";"CIRIE'";"24";"01-00024";"TO-00004";"Presenza di sostanze inquinanti dovuta a gestione scorretta dei rifiuti";"MESSA IN SICUREZZA PERMANENTE";"388981,0";"5008740,0";"2026-09-07T00:00:00.000Z";"ATTIVO";"7.5858961";"45.2233963";"OK"
"TORINO";"ORBASSANO";"29";"01-00029";"TO-00005";"Presenza di sostanze inquinanti dovuta a gestione scorretta dei rifiuti";"MESSA IN SICUREZZA PERMANENTE; BONIFICA E RIPRISTINO AMBIENTALE CON MISURE DI SICUREZZA";"386222,0";"4986471,0";"2026-09-07T00:00:00.000Z";"ATTIVO";"7.5558303";"45.0225602";"OK"
"TORINO";"TORINO";"166";"01-00166";"TO-00006";"Presenza di sostanze inquinanti dovuta a gestione scorretta dei rifiuti";"MESSA IN SICUREZZA PERMANENTE";"395175,0";"4996422,0";"2026-09-07T00:00:00.000Z";"ATTIVO";"7.6673579";"45.1134934";"OK"
"TORINO";"PIOSSASCO";"182";"01-00182";"TO-00008";"Presenza di sostanze inquinanti dovuta a gestione scorretta dei rifiuti";"BONIFICA E RIPRISTINO AMBIENTALE";"379874,0";"4981587,0";"2026-09-07T00:00:00.000Z";"ATTIVO";"7.4764492";"44.9775632";"OK"
"TORINO";"IVREA";"185";"01-00185";"TO-00009";"Presenza di sostanze inquinanti dovuta a gestione scorretta dei rifiuti";"VERIFICA IN CORSO";"415174,0";"5035757,0";"2026-09-07T00:00:00.000Z";"ATTIVO";"7.9148238";"45.4701864";"OK"
"TORINO";"SETTIMO TORINESE";"210";"01-00210";"TO-00010";"Presenza di sostanze inquinanti dovuta a gestione scorretta dei rifiuti";"BONIFICA E RIPRISTINO AMBIENTALE";"402755,0";"5001290,0";"2026-09-07T00:00:00.000Z";"ATTIVO";"7.7627520";"45.1583872";"OK"
"TORINO";"PIOBESI TORINESE";"336";"01-00336";"TO-00011";"Presenza di sostanze inquinanti dovuta a gestione scorretta dei rifiuti; Presenza di sostanze inquinanti dovuta a cattiva gestione di impianti o strutture";"BONIFICA E RIPRISTINO AMBIENTALE";"391072,0";"4976438,0";"2026-09-07T00:00:00.000Z";"ATTIVO";"7.6195409";"44.9330316";"OK"
"TORINO";"GRUGLIASCO";"338";"01-00338";"TO-00012";"Presenza di sostanze inquinanti dovuta a gestione scorretta dei rifiuti";"MESSA IN SICUREZZA PERMANENTE; BONIFICA E RIPRISTINO AMBIENTALE";"389491,0";"4988846,0";"2026-09-07T00:00:00.000Z";"ATTIVO";"7.5967883";"45.0444504";"OK"
"TORINO";"SAN BENIGNO CANAVESE";"364";"01-00364";"TO-00013";"Presenza di sostanze inquinanti dovuta a gestione scorretta dei rifiuti; Incendi";"VERIFICA IN CORSO";"405904,0";"5007764,0";"2026-09-07T00:00:00.000Z";"ATTIVO";"7.8015857";"45.2170780";"OK"
"TORINO";"CASELETTE";"1371";"01-01371";"TO-00271";"Eventi accidentali";"INTERVENTO NON NECESSARIO A SEGUITO ANALISI DI RISCHIO";"378415,0";"4994829,0";"2026-09-07T00:00:00.000Z";"CONCLUSO";"7.4547469";"45.0964743";"OK"
"TORINO";"MONCALIERI";"1373";"01-01373";"TO-00273";"Presenza di sostanze inquinanti dovuta a cattiva gestione di impianti o strutture";"BONIFICA E RIPRISTINO AMBIENTALE";"397939,0";"4982746,0";"2026-09-07T00:00:00.000Z";"CONCLUSO";"7.7052679";"44.9908203";"OK"
"TORINO";"BALANGERO";"1375";"01-01375";"TO-00274";"Presenza di sostanze inquinanti dovuta a cattiva gestione di impianti o strutture";"MESSA IN SICUREZZA PERMANENTE";"383907,0";"5013547,0";"2026-09-07T00:00:00.000Z";"CONCLUSO";"7.5201643";"45.2658339";"OK"
"TORINO";"MONCALIERI";"1376";"01-01376";"TO-00275";"Presenza di sostanze inquinanti dovuta a cattiva gestione di impianti o strutture";"MESSA IN SICUREZZA PERMANENTE";"399486,0";"4980917,0";"2026-09-07T00:00:00.000Z";"ATTIVO";"7.7252530";"44.9745806";"OK"
"TORINO";"SETTIMO TORINESE";"1377";"01-01377";"TO-00276";"Presenza di sostanze inquinanti dovuta a gestione scorretta dei rifiuti";"MESSA IN SICUREZZA PERMANENTE";"403808,0";"4998088,0";"2026-09-07T00:00:00.000Z";"ATTIVO";"7.7767628";"45.1297147";"OK"
"TORINO";"IVREA";"1379";"01-01379";"TO-00277";"Presenza di sostanze inquinanti dovuta a gestione scorretta dei rifiuti; Presenza di sostanze inquinanti dovuta a cattiva gestione di impianti o strutture";"BONIFICA E RIPRISTINO AMBIENTALE; MESSA IN SICUREZZA PERMANENTE";"412038,0";"5034603,0";"2026-09-07T00:00:00.000Z";"ATTIVO";"7.8749194";"45.4594129";"OK"
"TORINO";"PINEROLO";"1382";"01-01382";"TO-00278";"Presenza di sostanze inquinanti dovuta a cattiva gestione di impianti o strutture";"BONIFICA E RIPRISTINO AMBIENTALE";"369929,0";"4970621,0";"2026-09-07T00:00:00.000Z";"ATTIVO";"7.3531902";"44.8771357";"OK"
"TORINO";"RIVARA";"1387";"01-01387";"TO-00279";"Presenza di sostanze inquinanti dovuta a cattiva gestione di impianti o strutture; Presenza di sostanze inquinanti dovuta a gestione scorretta dei rifiuti";"VERIFICA IN CORSO";"393879,0";"5020283,0";"2026-09-07T00:00:00.000Z";"ATTIVO";"7.6457977";"45.3280268";"OK"
"TORINO";"MONCALIERI";"1389";"01-01389";"TO-00280";"Presenza di sostanze inquinanti dovuta a cattiva gestione di impianti o strutture";"MESSA IN SICUREZZA PERMANENTE";"395822,0";"4983037,0";"2026-09-07T00:00:00.000Z";"CONCLUSO";"7.6783589";"44.9931316";"OK"
"TORINO";"NOLE";"1390";"01-01390";"TO-00281";"Presenza di sostanze inquinanti dovuta a cattiva gestione di impianti o strutture";"BONIFICA E RIPRISTINO AMBIENTALE CON MISURE DI SICUREZZA";"387321,0";"5009470,0";"2026-09-07T00:00:00.000Z";"CONCLUSO";"7.5645931";"45.2297016";"OK"
"TORINO";"SETTIMO TORINESE";"1393";"01-01393";"TO-00282";"Presenza di sostanze inquinanti dovuta a cattiva gestione di impianti o strutture; Presenza di sostanze inquinanti dovuta a gestione scorretta dei rifiuti";"BONIFICA E RIPRISTINO AMBIENTALE";"400723,0";"4997935,0";"2026-09-07T00:00:00.000Z";"CONCLUSO";"7.7375718";"45.1279109";"OK"
"TORINO";"TORINO";"1400";"01-01400";"TO-00285";"Presenza di sostanze inquinanti dovuta a gestione scorretta dei rifiuti";"MESSA IN SICUREZZA PERMANENTE";"399041,0";"4994790,0";"2026-09-07T00:00:00.000Z";"ATTIVO";"7.7168230";"45.0993691";"OK"
"TORINO";"CIRIE'";"1420";"01-01420";"TO-00286";"Presenza di sostanze inquinanti dovuta a gestione scorretta dei rifiuti";"VERIFICA IN CORSO";"389431,0";"5009564,0";"2026-09-07T00:00:00.000Z";"ATTIVO";"7.5914431";"45.2308821";"OK"
"TORINO";"CARIGNANO";"1423";"01-01423";"TO-00287";"Presenza di sostanze inquinanti dovuta a cattiva gestione di impianti o strutture";"INTERVENTO NON NECESSARIO A SEGUITO ANALISI DI RISCHIO";"395290,0";"4975278,0";"2026-09-07T00:00:00.000Z";"CONCLUSO";"7.6732220";"44.9232256";"OK"
"TORINO";"SAN MAURO TORINESE";"1424";"01-01424";"TO-00288";"Presenza di sostanze inquinanti dovuta a cattiva gestione di impianti o strutture";"MESSA IN SICUREZZA OPERATIVA";"404944,0";"4996721,0";"2026-09-07T00:00:00.000Z";"ATTIVO";"7.7914654";"45.1175659";"OK"
"TORINO";"TORINO";"1426";"01-01426";"TO-00289";"Presenza di sostanze inquinanti dovuta a cattiva gestione di impianti o strutture";"MESSA IN SICUREZZA PERMANENTE";"393652,0";"4988061,0";"2026-09-07T00:00:00.000Z";"ATTIVO";"7.6497747";"45.0380227";"OK"
"TORINO";"BORGARO TORINESE";"1430";"01-01430";"TO-00290";"Presenza di sostanze inquinanti dovuta a cattiva gestione di impianti o strutture";"BONIFICA E RIPRISTINO AMBIENTALE";"394353,0";"4999123,0";"2026-09-07T00:00:00.000Z";"CONCLUSO";"7.6563400";"45.1376780";"OK"
"TORINO";"TORINO";"1432";"01-01432";"TO-00291";"Presenza di sostanze inquinanti dovuta a cattiva gestione di impianti o strutture";"MESSA IN SICUREZZA PERMANENTE; MESSA IN SICUREZZA OPERATIVA";"397218,0";"4996257,0";"2026-09-07T00:00:00.000Z";"ATTIVO";"7.6933576";"45.1123086";"OK"
"TORINO";"TORINO";"1433";"01-01433";"TO-00292";"Presenza di sostanze inquinanti dovuta a gestione scorretta dei rifiuti; Presenza di sostanze inquinanti dovuta a cattiva gestione di impianti o strutture";"MESSA IN SICUREZZA PERMANENTE";"395165,0";"4996579,0";"2026-09-07T00:00:00.000Z";"CONCLUSO";"7.6671979";"45.1149049";"OK"
"TORINO";"MONCALIERI";"1437";"01-01437";"TO-00294";"Presenza di sostanze inquinanti dovuta a cattiva gestione di impianti o strutture";"VERIFICA IN CORSO";"394661,0";"4984502,0";"2026-09-07T00:00:00.000Z";"ATTIVO";"7.6633274";"45.0061445";"OK"
"TORINO";"LEINI'";"1438";"01-01438";"TO-00295";"Presenza di sostanze inquinanti dovuta a gestione scorretta dei rifiuti; Presenza di sostanze inquinanti dovuta a cattiva gestione di impianti o strutture";"MESSA IN SICUREZZA OPERATIVA";"400693,0";"5000862,0";"2026-09-07T00:00:00.000Z";"ATTIVO";"7.7366087";"45.1542483";"OK"
"TORINO";"CARMAGNOLA";"1440";"01-01440";"TO-00296";"Presenza di sostanze inquinanti dovuta a gestione scorretta dei rifiuti";"VERIFICA IN CORSO";"398142,0";"4964194,0";"2026-09-07T00:00:00.000Z";"ATTIVO";"7.7115784";"44.8238855";"OK"
"TORINO";"GERMAGNANO";"1444";"01-01444";"TO-00300";"Presenza di sostanze inquinanti dovuta a gestione scorretta dei rifiuti";"VERIFICA IN CORSO";"379751,0";"5012697,0";"2026-09-07T00:00:00.000Z";"ATTIVO";"7.4674124";"45.2574867";"OK"
"TORINO";"IVREA";"1447";"01-01447";"TO-00301";"Presenza di sostanze inquinanti dovuta a cattiva gestione di impianti o strutture";"VERIFICA IN CORSO";"411083,0";"5034130,0";"2026-09-07T00:00:00.000Z";"ATTIVO";"7.8627924";"45.4550352";"OK"
"TORINO";"SCARMAGNO";"1462";"01-01462";"TO-00303";"Presenza di sostanze inquinanti dovuta a cattiva gestione di impianti o strutture";"BONIFICA E RIPRISTINO AMBIENTALE";"410143,0";"5025964,0";"2026-09-07T00:00:00.000Z";"ATTIVO";"7.8522626";"45.3814253";"OK"
"TORINO";"TORINO";"1464";"01-01464";"TO-00304";"Presenza di sostanze inquinanti dovuta a cattiva gestione di impianti o strutture";"INTERVENTO NON NECESSARIO A SEGUITO ANALISI DI RISCHIO";"393108,0";"4985979,0";"2026-09-07T00:00:00.000Z";"CONCLUSO";"7.6433126";"45.0192042";"OK"
"TORINO";"IVREA";"1465";"01-01465";"TO-00305";"Presenza di sostanze inquinanti dovuta a cattiva gestione di impianti o strutture";"VERIFICA IN CORSO";"412713,0";"5035683,0";"2026-09-07T00:00:00.000Z";"ATTIVO";"7.8833594";"45.4692170";"OK"
"TORINO";"AGLIE'";"1466";"01-01466";"TO-00306";"Presenza di sostanze inquinanti dovuta a cattiva gestione di impianti o strutture";"BONIFICA E RIPRISTINO AMBIENTALE";"403218,0";"5024002,0";"2026-09-07T00:00:00.000Z";"ATTIVO";"7.7642147";"45.3628458";"OK"
"TORINO";"CIRIE'";"1467";"01-01467";"TO-00307";"Presenza di sostanze inquinanti dovuta a gestione scorretta dei rifiuti";"MESSA IN SICUREZZA PERMANENTE";"390051,0";"5010529,0";"2026-09-07T00:00:00.000Z";"ATTIVO";"7.5991256";"45.2396632";"OK"
"TORINO";"TORINO";"1474";"01-01474";"TO-00311";"Presenza di sostanze inquinanti dovuta a cattiva gestione di impianti o strutture";"MESSA IN SICUREZZA PERMANENTE";"395372,0";"4993777,0";"2026-09-07T00:00:00.000Z";"ATTIVO";"7.6704144";"45.0897194";"OK"
"TORINO";"BORGARO TORINESE";"1492";"01-01492";"TO-00316";"Presenza di sostanze inquinanti dovuta a cattiva gestione di impianti o strutture";"MESSA IN SICUREZZA PERMANENTE";"394396,0";"5000238,0";"2026-09-07T00:00:00.000Z";"ATTIVO";"7.6566511";"45.1477186";"OK"
"TORINO";"VILLAFRANCA PIEMONTE";"1494";"01-01494";"TO-00317";"Presenza di sostanze inquinanti dovuta a gestione scorretta dei rifiuti";"VERIFICA IN CORSO";"381206,0";"4959262,0";"2026-09-07T00:00:00.000Z";"ATTIVO";"7.4985717";"44.7768843";"OK"
"TORINO";"CASTIGLIONE TORINESE";"1499";"01-01499";"TO-00318";"";"VERIFICA IN CORSO";"404749,0";"4998061,0";"2026-09-07T00:00:00.000Z";"ATTIVO";"7.7887316";"45.1295993";"OK"
"TORINO";"COLLEGNO";"1514";"01-01514";"TO-00323";"Presenza di sostanze inquinanti dovuta a cattiva gestione di impianti o strutture";"BONIFICA E RIPRISTINO AMBIENTALE";"388041,0";"4992268,0";"2026-09-07T00:00:00.000Z";"CONCLUSO";"7.5776188";"45.0750175";"OK"
"TORINO";"RIVA PRESSO CHIERI";"1515";"01-01515";"TO-00324";"Presenza di sostanze inquinanti dovuta a cattiva gestione di impianti o strutture";"MESSA IN SICUREZZA PERMANENTE";"413485,0";"4983564,0";"2026-09-07T00:00:00.000Z";"CONCLUSO";"7.9023024";"45.0002480";"OK"
"TORINO";"MONCALIERI";"1523";"01-01523";"TO-00328";"Presenza di sostanze inquinanti dovuta a gestione scorretta dei rifiuti";"VERIFICA IN CORSO";"396162,0";"4981445,0";"2026-09-07T00:00:00.000Z";"ATTIVO";"7.6829992";"44.9788541";"OK"
"TORINO";"TORINO";"1542";"01-01542";"TO-00335";"Presenza di sostanze inquinanti dovuta a cattiva gestione di impianti o strutture";"INTERVENTO NON NECESSARIO A SEGUITO ANALISI DI RISCHIO";"390279,0";"4985786,0";"2026-09-07T00:00:00.000Z";"CONCLUSO";"7.6074592";"45.0170353";"OK"
"TORINO";"TORINO";"1545";"01-01545";"TO-00338";"Presenza di sostanze inquinanti dovuta a gestione scorretta dei rifiuti";"BONIFICA E RIPRISTINO AMBIENTALE";"394563,0";"4996650,0";"2026-09-07T00:00:00.000Z";"ATTIVO";"7.6595316";"45.1154542";"OK"
"TORINO";"AVIGLIANA";"1547";"01-01547";"TO-00339";"Presenza di sostanze inquinanti dovuta a gestione scorretta dei rifiuti";"VERIFICA IN CORSO";"372518,0";"4993328,0";"2026-09-07T00:00:00.000Z";"ATTIVO";"7.3802117";"45.0819296";"OK"
"TORINO";"FORNO CANAVESE";"1562";"01-01562";"TO-00345";"Incidenti a pipe line";"VERIFICA IN CORSO";"390157,0";"5021538,0";"2026-09-07T00:00:00.000Z";"ATTIVO";"7.5980369";"45.3387472";"OK"
"TORINO";"VOLPIANO";"1566";"01-01566";"TO-00346";"Presenza di sostanze inquinanti dovuta a cattiva gestione di impianti o strutture";"VERIFICA IN CORSO";"404142,0";"5006326,0";"2026-09-07T00:00:00.000Z";"ATTIVO";"7.7794267";"45.2038990";"OK"
"TORINO";"TORINO";"1569";"01-01569";"TO-00349";"Presenza di sostanze inquinanti dovuta a cattiva gestione di impianti o strutture";"INTERVENTO NON NECESSARIO A SEGUITO ANALISI DI RISCHIO";"393243,0";"4992187,0";"2026-09-07T00:00:00.000Z";"CONCLUSO";"7.6437058";"45.0750924";"OK"
"TORINO";"CIRIE'";"1574";"01-01574";"TO-00354";"Presenza di sostanze inquinanti dovuta a cattiva gestione di impianti o strutture";"MESSA IN SICUREZZA PERMANENTE";"390993,0";"5007183,0";"2026-09-07T00:00:00.000Z";"ATTIVO";"7.6118573";"45.2096993";"OK"
"TORINO";"CASTELLAMONTE";"1576";"01-01576";"TO-00356";"Presenza di sostanze inquinanti dovuta a cattiva gestione di impianti o strutture";"BONIFICA E RIPRISTINO AMBIENTALE";"400066,0";"5026868,0";"2026-09-07T00:00:00.000Z";"ATTIVO";"7.7233972";"45.3881948";"OK"
"TORINO";"ROBASSOMERO";"1577";"01-01577";"TO-00357";"";"VERIFICA IN CORSO";"389542,0";"5003915,0";"2026-09-07T00:00:00.000Z";"ATTIVO";"7.5941096";"45.1800649";"OK"
"TORINO";"SAN GIUSTO CANAVESE";"1582";"01-01582";"TO-00362";"Presenza di sostanze inquinanti dovuta a cattiva gestione di impianti o strutture";"BONIFICA E RIPRISTINO AMBIENTALE";"406995,0";"5019557,0";"2026-09-07T00:00:00.000Z";"CONCLUSO";"7.8132678";"45.3233549";"OK"
"TORINO";"RIVALTA DI TORINO";"1583";"01-01583";"TO-00363";"Presenza di sostanze inquinanti dovuta a cattiva gestione di impianti o strutture";"VERIFICA IN CORSO";"382085,0";"4985517,0";"2026-09-07T00:00:00.000Z";"ATTIVO";"7.5035611";"45.0132994";"OK"
"TORINO";"ROBASSOMERO";"1584";"01-01584";"TO-00364";"Presenza di sostanze inquinanti dovuta a cattiva gestione di impianti o strutture";"VERIFICA IN CORSO";"387596,0";"5004798,0";"2026-09-07T00:00:00.000Z";"ATTIVO";"7.5691499";"45.1877033";"OK"
"TORINO";"PANCALIERI";"1594";"01-01594";"TO-00372";"Presenza di sostanze inquinanti dovuta a cattiva gestione di impianti o strutture";"BONIFICA E RIPRISTINO AMBIENTALE";"388774,0";"4965230,0";"2026-09-07T00:00:00.000Z";"ATTIVO";"7.5928881";"44.8318108";"OK"
"TORINO";"LUSERNA SAN GIOVANNI";"1596";"01-01596";"TO-00374";"Presenza di sostanze inquinanti dovuta a cattiva gestione di impianti o strutture";"BONIFICA E RIPRISTINO AMBIENTALE";"362908,0";"4963473,0";"2026-09-07T00:00:00.000Z";"ATTIVO";"7.2662688";"44.8115015";"OK"
"TORINO";"ORBASSANO";"1598";"01-01598";"TO-00376";"Presenza di sostanze inquinanti dovuta a cattiva gestione di impianti o strutture";"VERIFICA IN CORSO";"384521,0";"4984573,0";"2026-09-07T00:00:00.000Z";"ATTIVO";"7.5346824";"45.0052052";"OK"
"TORINO";"AVIGLIANA";"1599";"01-01599";"TO-00377";"Presenza di sostanze inquinanti dovuta a cattiva gestione di impianti o strutture";"VERIFICA IN CORSO";"374802,0";"4993472,0";"2026-09-07T00:00:00.000Z";"ATTIVO";"7.4091850";"45.0836332";"OK"
"TORINO";"BOSCONERO";"1600";"01-01600";"TO-00378";"Presenza di sostanze inquinanti dovuta a cattiva gestione di impianti o strutture";"BONIFICA E RIPRISTINO AMBIENTALE";"403051,0";"5013462,0";"2026-09-07T00:00:00.000Z";"CONCLUSO";"7.7641466";"45.2679698";"OK"
"TORINO";"IVREA";"1601";"01-01601";"TO-00379";"Presenza di sostanze inquinanti dovuta a cattiva gestione di impianti o strutture";"VERIFICA IN CORSO";"413536,0";"5035604,0";"2026-09-07T00:00:00.000Z";"ATTIVO";"7.8938998";"45.4686085";"OK"
"TORINO";"TORINO";"1602";"01-01602";"TO-00380";"Presenza di sostanze inquinanti dovuta a cattiva gestione di impianti o strutture";"BONIFICA E RIPRISTINO AMBIENTALE";"393004,0";"4987248,0";"2026-09-07T00:00:00.000Z";"CONCLUSO";"7.6417230";"45.0306087";"OK"
"TORINO";"MONCALIERI";"1603";"01-01603";"TO-00381";"Eventi accidentali; Presenza di sostanze inquinanti dovuta a cattiva gestione di impianti o strutture";"BONIFICA E RIPRISTINO AMBIENTALE";"394177,0";"4981130,0";"2026-09-07T00:00:00.000Z";"ATTIVO";"7.6578960";"44.9757262";"OK"
"TORINO";"CASCINETTE D'IVREA";"1604";"01-01604";"TO-00382";"Presenza di sostanze inquinanti dovuta a cattiva gestione di impianti o strutture";"BONIFICA E RIPRISTINO AMBIENTALE";"414503,0";"5037272,0";"2026-09-07T00:00:00.000Z";"ATTIVO";"7.9059775";"45.4837388";"OK"
"TORINO";"MONCALIERI";"1606";"01-01606";"TO-00383";"Presenza di sostanze inquinanti dovuta a cattiva gestione di impianti o strutture";"BONIFICA E RIPRISTINO AMBIENTALE";"395382,0";"4984442,0";"2026-09-07T00:00:00.000Z";"ATTIVO";"7.6724864";"45.0057112";"OK"
"TORINO";"TORINO";"1610";"01-01610";"TO-00386";"Presenza di sostanze inquinanti dovuta a cattiva gestione di impianti o strutture";"VERIFICA IN CORSO";"395490,0";"4988971,0";"2026-09-07T00:00:00.000Z";"ATTIVO";"7.6729148";"45.0464857";"OK"
"TORINO";"TORINO";"1614";"01-01614";"TO-00390";"Presenza di sostanze inquinanti dovuta a cattiva gestione di impianti o strutture";"INTERVENTO NON NECESSARIO A SEGUITO ANALISI DI RISCHIO";"397477,0";"4992990,0";"2026-09-07T00:00:00.000Z";"CONCLUSO";"7.6973182";"45.0829451";"OK"
"TORINO";"SUSA";"1615";"01-01615";"TO-00391";"Presenza di sostanze inquinanti dovuta a cattiva gestione di impianti o strutture";"VERIFICA IN CORSO";"349971,0";"5000045,0";"2026-09-07T00:00:00.000Z";"ATTIVO";"7.0918631";"45.1379394";"OK"
"TORINO";"TORINO";"1619";"01-01619";"TO-00393";"Presenza di sostanze inquinanti dovuta a cattiva gestione di impianti o strutture";"INTERVENTO NON NECESSARIO A SEGUITO ANALISI DI RISCHIO";"393774,0";"4994898,0";"2026-09-07T00:00:00.000Z";"CONCLUSO";"7.6498753";"45.0995694";"OK"
"TORINO";"TORINO";"1620";"01-01620";"TO-00394";"Presenza di sostanze inquinanti dovuta a cattiva gestione di impianti o strutture";"MESSA IN SICUREZZA OPERATIVA";"398678,0";"4994613,0";"2026-09-07T00:00:00.000Z";"ATTIVO";"7.7122463";"45.0977243";"OK"
"TORINO";"PINEROLO";"1623";"01-01623";"TO-00396";"Presenza di sostanze inquinanti dovuta a cattiva gestione di impianti o strutture";"BONIFICA E RIPRISTINO AMBIENTALE";"368267,0";"4971006,0";"2026-09-07T00:00:00.000Z";"ATTIVO";"7.3320566";"44.8802947";"OK"
"TORINO";"TORINO";"1625";"01-01625";"TO-00398";"Presenza di sostanze inquinanti dovuta a cattiva gestione di impianti o strutture";"INTERVENTO NON NECESSARIO A SEGUITO ANALISI DI RISCHIO";"393616,0";"4986058,0";"2026-09-07T00:00:00.000Z";"CONCLUSO";"7.6497417";"45.0199916";"OK"
"TORINO";"TORINO";"1627";"01-01627";"TO-00400";"Presenza di sostanze inquinanti dovuta a cattiva gestione di impianti o strutture";"MESSA IN SICUREZZA PERMANENTE";"391290,0";"4987183,0";"2026-09-07T00:00:00.000Z";"CONCLUSO";"7.6199846";"45.0297630";"OK"
"TORINO";"TRANA";"1629";"01-01629";"TO-00401";"Presenza di sostanze inquinanti dovuta a cattiva gestione di impianti o strutture";"VERIFICA IN CORSO";"376796,0";"4987986,0";"2026-09-07T00:00:00.000Z";"ATTIVO";"7.4358588";"45.0346176";"OK"
"TORINO";"TORINO";"1633";"01-01633";"TO-00403";"Presenza di sostanze inquinanti dovuta a gestione scorretta dei rifiuti";"MESSA IN SICUREZZA PERMANENTE";"397353,0";"4993035,0";"2026-09-07T00:00:00.000Z";"CONCLUSO";"7.6957338";"45.0833321";"OK"
"TORINO";"TORINO";"1641";"01-01641";"TO-00408";"";"MESSA IN SICUREZZA PERMANENTE";"395003,0";"4986156,0";"2026-09-07T00:00:00.000Z";"ATTIVO";"7.6673207";"45.0210803";"OK"
"TORINO";"RIVAROLO CANAVESE";"1647";"01-01647";"TO-00411";"Presenza di sostanze inquinanti dovuta a cattiva gestione di impianti o strutture";"BONIFICA E RIPRISTINO AMBIENTALE; MESSA IN SICUREZZA PERMANENTE";"400066,0";"5018810,0";"2026-09-07T00:00:00.000Z";"ATTIVO";"7.7250267";"45.3156797";"OK"
"TORINO";"TORINO";"1649";"01-01649";"TO-00413";"";"INTERVENTO NON NECESSARIO A SEGUITO ANALISI DI RISCHIO";"394698,0";"4988855,0";"2026-09-07T00:00:00.000Z";"CONCLUSO";"7.6628849";"45.0453245";"OK"
"TORINO";"TORINO";"1650";"01-01650";"TO-00414";"Presenza di sostanze inquinanti dovuta a cattiva gestione di impianti o strutture";"INTERVENTO NON NECESSARIO A SEGUITO ANALISI DI RISCHIO";"392841,0";"4990605,0";"2026-09-07T00:00:00.000Z";"ATTIVO";"7.6389380";"45.0607948";"OK"
"TORINO";"TORINO";"1653";"01-01653";"TO-00415";"Presenza di sostanze inquinanti dovuta a cattiva gestione di impianti o strutture";"BONIFICA E RIPRISTINO AMBIENTALE";"394554,0";"4996603,0";"2026-09-07T00:00:00.000Z";"ATTIVO";"7.6594271";"45.1150299";"OK"
"TORINO";"TORINO";"1654";"01-01654";"TO-00416";"Presenza di sostanze inquinanti dovuta a cattiva gestione di impianti o strutture";"MESSA IN SICUREZZA PERMANENTE; MESSA IN SICUREZZA OPERATIVA; BONIFICA E RIPRISTINO AMBIENTALE";"397927,0";"4992844,0";"2026-09-07T00:00:00.000Z";"ATTIVO";"7.7030642";"45.0816962";"OK"
"TORINO";"TORINO";"1655";"01-01655";"TO-00417";"Presenza di sostanze inquinanti dovuta a cattiva gestione di impianti o strutture";"VERIFICA IN CORSO";"394451,0";"4989231,0";"2026-09-07T00:00:00.000Z";"ATTIVO";"7.6596704";"45.0486715";"OK"
"TORINO";"SCARMAGNO";"1656";"01-01656";"TO-00418";"Presenza di sostanze inquinanti dovuta a cattiva gestione di impianti o strutture";"VERIFICA IN CORSO";"409859,0";"5028943,0";"2026-09-07T00:00:00.000Z";"ATTIVO";"7.8480913";"45.4081983";"OK"
"TORINO";"CHIVASSO";"1976";"01-01976";"TO-00580";"Presenza di sostanze inquinanti dovuta a gestione scorretta dei rifiuti; Eventi accidentali";"BONIFICA E RIPRISTINO AMBIENTALE";"411878,0";"5004778,0";"2026-09-07T00:00:00.000Z";"CONCLUSO";"7.8781843";"45.1909773";"OK"
"TORINO";"TORINO";"1988";"01-01988";"TO-00587";"Presenza di sostanze inquinanti dovuta a cattiva gestione di impianti o strutture; Presenza di sostanze inquinanti dovuta a gestione scorretta dei rifiuti";"BONIFICA E RIPRISTINO AMBIENTALE";"398140,0";"4995086,0";"2026-09-07T00:00:00.000Z";"ATTIVO";"7.7053141";"45.1019037";"OK"
"TORINO";"PIANEZZA";"1992";"01-01992";"TO-00588";"Presenza di sostanze inquinanti dovuta a cattiva gestione di impianti o strutture";"BONIFICA E RIPRISTINO AMBIENTALE";"386195,0";"4995122,0";"2026-09-07T00:00:00.000Z";"ATTIVO";"7.5535256";"45.1004059";"OK"
"TORINO";"ORBASSANO";"1994";"01-01994";"TO-00589";"Presenza di sostanze inquinanti dovuta a gestione scorretta dei rifiuti";"MESSA IN SICUREZZA PERMANENTE";"384321,0";"4985970,0";"2026-09-07T00:00:00.000Z";"ATTIVO";"7.5318242";"45.0177441";"OK"
"TORINO";"CAVAGNOLO";"1996";"01-01996";"TO-00590";"";"VERIFICA IN CORSO";"424925,0";"5000519,0";"2026-09-07T00:00:00.000Z";"ATTIVO";"8.0448917";"45.1541552";"OK"
"TORINO";"CAVAGNOLO";"1997";"01-01997";"TO-00591";"";"VERIFICA IN CORSO";"424784,0";"5001020,0";"2026-09-07T00:00:00.000Z";"ATTIVO";"8.0430227";"45.1586494";"OK"
"TORINO";"STRAMBINO";"2000";"01-02000";"TO-00592";"Presenza di sostanze inquinanti dovuta a gestione scorretta dei rifiuti";"VERIFICA IN CORSO";"415172,0";"5024014,0";"2026-09-07T00:00:00.000Z";"ATTIVO";"7.9168209";"45.3645032";"OK"
"TORINO";"TORINO";"2005";"01-02005";"TO-00593";"Presenza di sostanze inquinanti dovuta a gestione scorretta dei rifiuti";"MESSA IN SICUREZZA PERMANENTE";"390386,0";"4986768,0";"2026-09-07T00:00:00.000Z";"CONCLUSO";"7.6086027";"45.0258890";"OK"
"TORINO";"LUSERNA SAN GIOVANNI";"2006";"01-02006";"TO-00594";"Presenza di sostanze inquinanti dovuta a cattiva gestione di impianti o strutture";"BONIFICA E RIPRISTINO AMBIENTALE";"361408,0";"4963757,0";"2026-09-07T00:00:00.000Z";"ATTIVO";"7.2472305";"44.8137675";"OK"
"TORINO";"DRUENTO";"2007";"01-02007";"TO-00595";"Presenza di sostanze inquinanti dovuta a cattiva gestione di impianti o strutture";"VERIFICA IN CORSO";"388169,0";"4998569,0";"2026-09-07T00:00:00.000Z";"ATTIVO";"7.5778371";"45.1317403";"OK"
"TORINO";"TORINO";"2015";"01-02015";"TO-00598";"Presenza di sostanze inquinanti dovuta a cattiva gestione di impianti o strutture";"INTERVENTO NON NECESSARIO A SEGUITO ANALISI DI RISCHIO";"390930,0";"4992210,0";"2026-09-07T00:00:00.000Z";"CONCLUSO";"7.6143238";"45.0749467";"OK"
"TORINO";"TORINO";"2022";"01-02022";"TO-00600";"Presenza di sostanze inquinanti dovuta a cattiva gestione di impianti o strutture";"BONIFICA E RIPRISTINO AMBIENTALE";"390506,0";"4991988,0";"2026-09-07T00:00:00.000Z";"CONCLUSO";"7.6089871";"45.0728834";"OK"
"TORINO";"TRANA";"2023";"01-02023";"TO-00601";"Presenza di sostanze inquinanti dovuta a gestione scorretta dei rifiuti";"MESSA IN SICUREZZA PERMANENTE";"377102,0";"4987516,0";"2026-09-07T00:00:00.000Z";"CONCLUSO";"7.4398571";"45.0304415";"OK"
"TORINO";"TORINO";"2024";"01-02024";"TO-00602";"Presenza di sostanze inquinanti dovuta a gestione scorretta dei rifiuti";"INTERVENTO NON NECESSARIO A SEGUITO ANALISI DI RISCHIO";"395796,0";"4998202,0";"2026-09-07T00:00:00.000Z";"CONCLUSO";"7.6748797";"45.1296041";"OK"
"TORINO";"CARIGNANO";"2044";"01-02044";"TO-00604";"Presenza di sostanze inquinanti dovuta a cattiva gestione di impianti o strutture";"INTERVENTO NON NECESSARIO A SEGUITO ANALISI DI RISCHIO";"395090,0";"4973708,0";"2026-09-07T00:00:00.000Z";"CONCLUSO";"7.6710142";"44.9090668";"OK"
"TORINO";"TORINO";"2045";"01-02045";"TO-00605";"Presenza di sostanze inquinanti dovuta a gestione scorretta dei rifiuti; Presenza di sostanze inquinanti dovuta a cattiva gestione di impianti o strutture; Eventi accidentali";"BONIFICA E RIPRISTINO AMBIENTALE";"394231,0";"4996309,0";"2026-09-07T00:00:00.000Z";"ATTIVO";"7.6553840";"45.1123359";"OK"
"TORINO";"PECETTO TORINESE";"2046";"01-02046";"TO-00606";"";"VERIFICA IN CORSO";"400733,0";"4987559,0";"2026-09-07T00:00:00.000Z";"ATTIVO";"7.7397538";"45.0345323";"OK"
"TORINO";"CARMAGNOLA";"2048";"01-02048";"TO-00607";"Presenza di sostanze inquinanti dovuta a cattiva gestione di impianti o strutture";"BONIFICA E RIPRISTINO AMBIENTALE";"399640,0";"4966290,0";"2026-09-07T00:00:00.000Z";"CONCLUSO";"7.7301079";"44.8429616";"OK"
"TORINO";"CHIVASSO";"2051";"01-02051";"TO-00609";"Presenza di sostanze inquinanti dovuta a gestione scorretta dei rifiuti";"MESSA IN SICUREZZA PERMANENTE";"413538,0";"5005219,0";"2026-09-07T00:00:00.000Z";"ATTIVO";"7.8992360";"45.1951519";"OK"
"TORINO";"MONCALIERI";"2057";"01-02057";"TO-00610";"";"VERIFICA IN CORSO";"395936,0";"4983516,0";"2026-09-07T00:00:00.000Z";"ATTIVO";"7.6797057";"44.9974591";"OK"
"TORINO";"VILLAR PEROSA";"2060";"01-02060";"TO-00612";"";"VERIFICA IN CORSO";"361233,0";"4976180,0";"2026-09-07T00:00:00.000Z";"ATTIVO";"7.2416171";"44.9255144";"OK"
"TORINO";"TORINO";"2069";"01-02069";"TO-00616";"Presenza di sostanze inquinanti dovuta a cattiva gestione di impianti o strutture";"BONIFICA E RIPRISTINO AMBIENTALE; MESSA IN SICUREZZA OPERATIVA; MESSA IN SICUREZZA PERMANENTE";"393714,0";"4991641,0";"2026-09-07T00:00:00.000Z";"ATTIVO";"7.6498036";"45.0702497";"OK"
"TORINO";"LUSIGLIE'";"2087";"01-02087";"TO-00618";"Presenza di sostanze inquinanti dovuta a gestione scorretta dei rifiuti; Eventi accidentali";"BONIFICA E RIPRISTINO AMBIENTALE";"402521,0";"5018275,0";"2026-09-07T00:00:00.000Z";"ATTIVO";"7.7564457";"45.3112104";"OK"
"TORINO";"TORINO";"2088";"01-02088";"TO-00619";"Presenza di sostanze inquinanti dovuta a gestione scorretta dei rifiuti; Presenza di sostanze inquinanti dovuta a cattiva gestione di impianti o strutture";"BONIFICA E RIPRISTINO AMBIENTALE";"396407,0";"4991405,0";"2026-09-07T00:00:00.000Z";"CONCLUSO";"7.6840536";"45.0685251";"OK"
"TORINO";"BALANGERO";"2111";"01-02111";"TO-00621";"";"MESSA IN SICUREZZA PERMANENTE";"384001,0";"5014248,0";"2026-09-07T00:00:00.000Z";"CONCLUSO";"7.5211983";"45.2721573";"OK"
"TORINO";"TORINO";"2115";"01-02115";"TO-00623";"Presenza di sostanze inquinanti dovuta a cattiva gestione di impianti o strutture";"VERIFICA IN CORSO";"396764,0";"4994689,0";"2026-09-07T00:00:00.000Z";"ATTIVO";"7.6879109";"45.0981314";"OK"
"TORINO";"RIVOLI";"2116";"01-02116";"TO-00624";"Presenza di sostanze inquinanti dovuta a cattiva gestione di impianti o strutture";"BONIFICA E RIPRISTINO AMBIENTALE";"385776,0";"4991233,0";"2026-09-07T00:00:00.000Z";"CONCLUSO";"7.5490880";"45.0653416";"OK"
"TORINO";"VENARIA REALE";"2122";"01-02122";"TO-00626";"";"MESSA IN SICUREZZA PERMANENTE";"393422,0";"4997760,0";"2026-09-07T00:00:00.000Z";"ATTIVO";"7.6447931";"45.1252722";"OK"
"TORINO";"VAL DI CHY";"2134";"01-02134";"TO-00627";"Eventi accidentali";"VERIFICA IN CORSO";"404035,0";"5032810,0";"2026-09-07T00:00:00.000Z";"ATTIVO";"7.7729294";"45.4422234";"OK"
"TORINO";"VINOVO";"2136";"01-02136";"TO-00628";"Eventi accidentali";"BONIFICA E RIPRISTINO AMBIENTALE";"390914,0";"4980458,0";"2026-09-07T00:00:00.000Z";"CONCLUSO";"7.6166702";"44.9691849";"OK"
"TORINO";"ORBASSANO";"2137";"01-02137";"TO-00629";"Presenza di sostanze inquinanti dovuta a cattiva gestione di impianti o strutture";"VERIFICA IN CORSO";"384644,0";"4983484,0";"2026-09-07T00:00:00.000Z";"ATTIVO";"7.5364922";"44.9954253";"OK"
"TORINO";"RIVOLI";"2142";"01-02142";"TO-00631";"Presenza di sostanze inquinanti dovuta a gestione scorretta dei rifiuti; Presenza di sostanze inquinanti dovuta a cattiva gestione di impianti o strutture; Incendi";"MESSA IN SICUREZZA PERMANENTE";"382448,0";"4991626,0";"2026-09-07T00:00:00.000Z";"ATTIVO";"7.5067367";"45.0683333";"OK"
"TORINO";"TORINO";"2145";"01-02145";"TO-00633";"";"VERIFICA IN CORSO";"395983,0";"4992997,0";"2026-09-07T00:00:00.000Z";"ATTIVO";"7.6783386";"45.0827900";"OK"
"TORINO";"SETTIMO TORINESE";"2147";"01-02147";"TO-00634";"Presenza di sostanze inquinanti dovuta a cattiva gestione di impianti o strutture";"BONIFICA E RIPRISTINO AMBIENTALE";"401696,0";"4999862,0";"2026-09-07T00:00:00.000Z";"ATTIVO";"7.7495627";"45.1453892";"OK"
"TORINO";"TORINO";"2150";"01-02150";"TO-00637";"";"MESSA IN SICUREZZA PERMANENTE";"394996,0";"4986116,0";"2026-09-07T00:00:00.000Z";"ATTIVO";"7.6672402";"45.0207193";"OK"
"TORINO";"PERTUSIO";"2156";"01-02156";"TO-00640";"";"BONIFICA E RIPRISTINO AMBIENTALE";"394348,0";"5022885,0";"2026-09-07T00:00:00.000Z";"ATTIVO";"7.6512249";"45.3515127";"OK"
"TORINO";"SANTENA";"2157";"01-02157";"TO-00641";"Presenza di sostanze inquinanti dovuta a cattiva gestione di impianti o strutture";"MESSA IN SICUREZZA PERMANENTE";"401732,0";"4976481,0";"2026-09-07T00:00:00.000Z";"ATTIVO";"7.7545945";"44.9349716";"OK"
"TORINO";"SANTENA";"2158";"01-02158";"TO-00642";"";"BONIFICA E RIPRISTINO AMBIENTALE";"406049,0";"4978837,0";"2026-09-07T00:00:00.000Z";"CONCLUSO";"7.8088557";"44.9567592";"OK"
"TORINO";"RIVOLI";"2159";"01-02159";"TO-00643";"Eventi accidentali; Presenza di sostanze inquinanti dovuta a cattiva gestione di impianti o strutture";"MESSA IN SICUREZZA PERMANENTE";"386620,0";"4991447,0";"2026-09-07T00:00:00.000Z";"CONCLUSO";"7.5597570";"45.0674031";"OK"
"TORINO";"VENARIA REALE";"2161";"01-02161";"TO-00645";"Presenza di sostanze inquinanti dovuta a cattiva gestione di impianti o strutture";"VERIFICA IN CORSO";"391358,0";"4999739,0";"2026-09-07T00:00:00.000Z";"ATTIVO";"7.6181255";"45.1427670";"OK"
"TORINO";"TORINO";"2163";"01-02163";"TO-00646";"Presenza di sostanze inquinanti dovuta a cattiva gestione di impianti o strutture";"VERIFICA IN CORSO";"398137,0";"4996761,0";"2026-09-07T00:00:00.000Z";"ATTIVO";"7.7049350";"45.1169774";"OK"
"TORINO";"GRUGLIASCO";"2166";"01-02166";"TO-00647";"Eventi accidentali";"VERIFICA IN CORSO";"391368,0";"4990089,0";"2026-09-07T00:00:00.000Z";"ATTIVO";"7.6203460";"45.0559267";"OK"
"TORINO";"TORINO";"2514";"01-02514";"TO-00807";"";"MESSA IN SICUREZZA OPERATIVA";"395520,0";"4988171,0";"2026-09-07T00:00:00.000Z";"ATTIVO";"7.6734621";"45.0392906";"OK"
"TORINO";"TORINO";"2515";"01-02515";"TO-00808";"";"BONIFICA E RIPRISTINO AMBIENTALE";"399385,0";"4998511,0";"2026-09-07T00:00:00.000Z";"CONCLUSO";"7.7204458";"45.1329053";"OK"
"TORINO";"TORINO";"2516";"01-02516";"TO-00809";"";"BONIFICA E RIPRISTINO AMBIENTALE";"398787,0";"4997408,0";"2026-09-07T00:00:00.000Z";"CONCLUSO";"7.7130660";"45.1228935";"OK"
"TORINO";"ROBASSOMERO";"2517";"01-02517";"TO-00810";"Presenza di sostanze inquinanti dovuta a cattiva gestione di impianti o strutture";"VERIFICA IN CORSO";"386170,0";"5007394,0";"2026-09-07T00:00:00.000Z";"ATTIVO";"7.5504102";"45.2108352";"OK"
"TORINO";"RIVOLI";"2518";"01-02518";"TO-00811";"Presenza di sostanze inquinanti dovuta a cattiva gestione di impianti o strutture";"INTERVENTO NON NECESSARIO A SEGUITO ANALISI DI RISCHIO";"386077,0";"4994218,0";"2026-09-07T00:00:00.000Z";"CONCLUSO";"7.5522319";"45.0922519";"OK"
"TORINO";"TORINO";"2519";"01-02519";"TO-00812";"";"MESSA IN SICUREZZA PERMANENTE";"398995,0";"4997229,0";"2026-09-07T00:00:00.000Z";"CONCLUSO";"7.7157462";"45.1213123";"OK"
"TORINO";"SALASSA";"2520";"01-02520";"TO-00813";"";"VERIFICA IN CORSO";"397543,0";"5023412,0";"2026-09-07T00:00:00.000Z";"ATTIVO";"7.6918928";"45.3567295";"OK"
"TORINO";"MONCALIERI";"2521";"01-02521";"TO-00814";"";"BONIFICA E RIPRISTINO AMBIENTALE";"396647,0";"4983242,0";"2026-09-07T00:00:00.000Z";"ATTIVO";"7.6887803";"44.9950972";"OK"
"TORINO";"TORINO";"2522";"01-02522";"TO-00815";"Presenza di sostanze inquinanti dovuta a gestione scorretta dei rifiuti";"VERIFICA IN CORSO";"398846,0";"4995132,0";"2026-09-07T00:00:00.000Z";"ATTIVO";"7.7142761";"45.1024191";"OK"
"TORINO";"CONDOVE";"2524";"01-02524";"TO-00816";"";"VERIFICA IN CORSO";"367306,0";"4996946,0";"2026-09-07T00:00:00.000Z";"ATTIVO";"7.3130576";"45.1135256";"OK"
"TORINO";"SANTENA";"2525";"01-02525";"TO-00817";"";"VERIFICA IN CORSO";"403532,0";"4979305,0";"2026-09-07T00:00:00.000Z";"ATTIVO";"7.7768619";"44.9606339";"OK"
"TORINO";"PIOSSASCO";"2526";"01-02526";"TO-00818";"Presenza di sostanze inquinanti dovuta a cattiva gestione di impianti o strutture";"VERIFICA IN CORSO";"380568,0";"4981934,0";"2026-09-07T00:00:00.000Z";"ATTIVO";"7.4851658";"44.9808029";"OK"
"TORINO";"ALPIGNANO";"2529";"01-02529";"TO-00819";"";"VERIFICA IN CORSO";"382304,0";"4994788,0";"2026-09-07T00:00:00.000Z";"ATTIVO";"7.5041656";"45.0967633";"OK"
"TORINO";"CIRIE'";"2530";"01-02530";"TO-00820";"Presenza di sostanze inquinanti dovuta a gestione scorretta dei rifiuti";"MESSA IN SICUREZZA PERMANENTE";"391162,0";"5007323,0";"2026-09-07T00:00:00.000Z";"CONCLUSO";"7.6139782";"45.2109853";"OK"
"TORINO";"ROBASSOMERO";"2535";"01-02535";"TO-00821";"Presenza di sostanze inquinanti dovuta a cattiva gestione di impianti o strutture";"VERIFICA IN CORSO";"389579,0";"5004067,0";"2026-09-07T00:00:00.000Z";"ATTIVO";"7.5945468";"45.1814385";"OK"
"TORINO";"CONDOVE";"2537";"01-02537";"TO-00822";"";"VERIFICA IN CORSO";"367503,0";"4996847,0";"2026-09-07T00:00:00.000Z";"ATTIVO";"7.3155872";"45.1126717";"OK"
"TORINO";"ROCCA CANAVESE";"2539";"01-02539";"TO-00823";"";"VERIFICA IN CORSO";"388400,0";"5018184,0";"2026-09-07T00:00:00.000Z";"ATTIVO";"7.5763749";"45.3082884";"OK"
"TORINO";"MONTANARO";"2547";"01-02547";"TO-00824";"";"VERIFICA IN CORSO";"408178,0";"5008275,0";"2026-09-07T00:00:00.000Z";"ATTIVO";"7.8304471";"45.2219771";"OK"
"TORINO";"MONCALIERI";"2552";"01-02552";"TO-00825";"Presenza di sostanze inquinanti dovuta a cattiva gestione di impianti o strutture";"VERIFICA IN CORSO";"393505,0";"4980481,0";"2026-09-07T00:00:00.000Z";"ATTIVO";"7.6495128";"44.9697851";"OK"
"TORINO";"GASSINO TORINESE";"2554";"01-02554";"TO-00826";"";"BONIFICA E RIPRISTINO AMBIENTALE";"407376,0";"4997716,0";"2026-09-07T00:00:00.000Z";"ATTIVO";"7.8221948";"45.1268437";"OK"
"TORINO";"MAPPANO";"2557";"01-02557";"TO-00827";"";"VERIFICA IN CORSO";"398469,0";"5000465,0";"2026-09-07T00:00:00.000Z";"ATTIVO";"7.7084026";"45.1503591";"OK"
"TORINO";"CIRIE'";"2558";"01-02558";"TO-00828";"";"INTERVENTO NON NECESSARIO A SEGUITO ANALISI DI RISCHIO";"390490,0";"5008668,0";"2026-09-07T00:00:00.000Z";"CONCLUSO";"7.6051271";"45.2229847";"OK"
"TORINO";"RIVA PRESSO CHIERI";"2559";"01-02559";"TO-00829";"";"BONIFICA E RIPRISTINO AMBIENTALE";"411611,0";"4981580,0";"2026-09-07T00:00:00.000Z";"ATTIVO";"7.8788779";"44.9821606";"OK"
"TORINO";"TORINO";"2562";"01-02562";"TO-00831";"";"BONIFICA E RIPRISTINO AMBIENTALE";"393319,0";"4991267,0";"2026-09-07T00:00:00.000Z";"ATTIVO";"7.6448667";"45.0668245";"OK"
"TORINO";"CAMBIANO";"2565";"01-02565";"TO-00832";"Presenza di sostanze inquinanti dovuta a cattiva gestione di impianti o strutture";"VERIFICA IN CORSO";"404280,0";"4981763,0";"2026-09-07T00:00:00.000Z";"ATTIVO";"7.7858771";"44.9828570";"OK"
"TORINO";"TORINO";"2577";"01-02577";"TO-00839";"";"BONIFICA E RIPRISTINO AMBIENTALE";"392239,0";"4996056,0";"2026-09-07T00:00:00.000Z";"CONCLUSO";"7.6301218";"45.1097582";"OK"
"TORINO";"TORINO";"2578";"01-02578";"TO-00840";"";"MESSA IN SICUREZZA PERMANENTE";"392683,0";"4996103,0";"2026-09-07T00:00:00.000Z";"ATTIVO";"7.6357544";"45.1102487";"OK"
"TORINO";"TORINO";"2579";"01-02579";"TO-00841";"";"MESSA IN SICUREZZA PERMANENTE";"397611,0";"4992413,0";"2026-09-07T00:00:00.000Z";"CONCLUSO";"7.6991382";"45.0777718";"OK"
"TORINO";"MONCALIERI";"2580";"01-02580";"TO-00842";"";"VERIFICA IN CORSO";"396630,0";"4983720,0";"2026-09-07T00:00:00.000Z";"ATTIVO";"7.6884665";"44.9993965";"OK"
"TORINO";"COLLEGNO";"2594";"01-02594";"TO-00845";"";"INTERVENTO NON NECESSARIO A SEGUITO ANALISI DI RISCHIO";"388281,0";"4991961,0";"2026-09-07T00:00:00.000Z";"CONCLUSO";"7.5807353";"45.0722927";"OK"
"TORINO";"RIVOLI";"2595";"01-02595";"TO-00846";"Presenza di sostanze inquinanti dovuta a cattiva gestione di impianti o strutture";"INTERVENTO NON NECESSARIO A SEGUITO ANALISI DI RISCHIO";"383596,0";"4992156,0";"2026-09-07T00:00:00.000Z";"CONCLUSO";"7.5211919";"45.0732924";"OK"
"TORINO";"CARIGNANO";"2596";"01-02596";"TO-00847";"Presenza di sostanze inquinanti dovuta a cattiva gestione di impianti o strutture";"VERIFICA IN CORSO";"395557,0";"4973240,0";"2026-09-07T00:00:00.000Z";"ATTIVO";"7.6770252";"44.9049236";"OK"
"TORINO";"TORINO";"2598";"01-02598";"TO-00849";"Presenza di sostanze inquinanti dovuta a cattiva gestione di impianti o strutture";"INTERVENTO NON NECESSARIO A SEGUITO ANALISI DI RISCHIO";"394365,0";"4992145,0";"2026-09-07T00:00:00.000Z";"CONCLUSO";"7.6579651";"45.0748828";"OK"
"TORINO";"MONCALIERI";"2599";"01-02599";"TO-00850";"";"VERIFICA IN CORSO";"396104,0";"4985489,0";"2026-09-07T00:00:00.000Z";"ATTIVO";"7.6814293";"45.0152398";"OK"
"TORINO";"TORINO";"2600";"01-02600";"TO-00851";"Presenza di sostanze inquinanti dovuta a cattiva gestione di impianti o strutture";"VERIFICA IN CORSO";"394059,0";"4993807,0";"2026-09-07T00:00:00.000Z";"ATTIVO";"7.6537273";"45.0897939";"OK"
"TORINO";"CHIERI";"2604";"01-02604";"TO-00855";"Presenza di sostanze inquinanti dovuta a gestione scorretta dei rifiuti";"VERIFICA IN CORSO";"408389,0";"4979900,0";"2026-09-07T00:00:00.000Z";"ATTIVO";"7.8383238";"44.9666319";"OK"
"TORINO";"MONCALIERI";"2608";"01-02608";"TO-00858";"Incidenti a pipe line";"BONIFICA E RIPRISTINO AMBIENTALE";"395133,0";"4981571,0";"2026-09-07T00:00:00.000Z";"ATTIVO";"7.6699255";"44.9798369";"OK"
"TORINO";"TORINO";"2611";"01-02611";"TO-00860";"Sversamenti incidentali su suolo e acque";"INTERVENTO NON NECESSARIO A SEGUITO ANALISI DI RISCHIO";"391912,0";"4988595,0";"2026-09-07T00:00:00.000Z";"CONCLUSO";"7.6275746";"45.0425651";"OK"
"TORINO";"MONCALIERI";"2612";"01-02612";"TO-00861";"";"BONIFICA E RIPRISTINO AMBIENTALE";"396030,0";"4983640,0";"2026-09-07T00:00:00.000Z";"CONCLUSO";"7.6808724";"44.9985889";"OK"
"TORINO";"BOSCONERO";"2613";"01-02613";"TO-00862";"Incidenti a pipe line";"VERIFICA IN CORSO";"402465,0";"5013222,0";"2026-09-07T00:00:00.000Z";"ATTIVO";"7.7567255";"45.2657289";"OK"
"TORINO";"RIVALTA DI TORINO";"2615";"01-02615";"TO-00863";"Eventi accidentali; Presenza di sostanze inquinanti dovuta a cattiva gestione di impianti o strutture";"VERIFICA IN CORSO";"385884,0";"4985403,0";"2026-09-07T00:00:00.000Z";"ATTIVO";"7.5517838";"45.0128950";"OK"
"TORINO";"SAN GIORGIO CANAVESE";"2620";"01-02620";"TO-00867";"";"MESSA IN SICUREZZA PERMANENTE";"407530,0";"5019029,0";"2026-09-07T00:00:00.000Z";"ATTIVO";"7.8201915";"45.3186738";"OK"
"TORINO";"CASTELLAMONTE";"2621";"01-02621";"TO-00868";"";"VERIFICA IN CORSO";"398847,0";"5026230,0";"2026-09-07T00:00:00.000Z";"ATTIVO";"7.7079599";"45.3822783";"OK"
"TORINO";"BEINASCO";"2622";"01-02622";"TO-00869";"";"VERIFICA IN CORSO";"388511,0";"4986505,0";"2026-09-07T00:00:00.000Z";"ATTIVO";"7.5848677";"45.0232299";"OK"
"TORINO";"IVREA";"2624";"01-02624";"TO-00871";"Presenza di sostanze inquinanti dovuta a gestione scorretta dei rifiuti";"VERIFICA IN CORSO";"412548,0";"5035165,0";"2026-09-07T00:00:00.000Z";"ATTIVO";"7.8813412";"45.4645346";"OK"
"TORINO";"ALPIGNANO";"2625";"01-02625";"TO-00872";"";"INTERVENTO NON NECESSARIO A SEGUITO ANALISI DI RISCHIO";"385927,0";"4994388,0";"2026-09-07T00:00:00.000Z";"CONCLUSO";"7.5502875";"45.0937575";"OK"
"TORINO";"TORINO";"2626";"01-02626";"TO-00873";"";"VERIFICA IN CORSO";"398331,0";"4993330,0";"2026-09-07T00:00:00.000Z";"ATTIVO";"7.7080976";"45.0861281";"OK"
"TORINO";"RIVAROLO CANAVESE";"2628";"01-02628";"TO-00875";"Presenza di sostanze inquinanti dovuta a cattiva gestione di impianti o strutture";"VERIFICA IN CORSO";"401418,0";"5013593,0";"2026-09-07T00:00:00.000Z";"ATTIVO";"7.7433089";"45.2689216";"OK"
"TORINO";"RIVOLI";"2631";"01-02631";"TO-00878";"";"INTERVENTO NON NECESSARIO A SEGUITO ANALISI DI RISCHIO";"386173,0";"4991357,0";"2026-09-07T00:00:00.000Z";"CONCLUSO";"7.5541011";"45.0665214";"OK"
"TORINO";"VOLPIANO";"2639";"01-02639";"TO-00882";"Presenza di sostanze inquinanti dovuta a gestione scorretta dei rifiuti";"VERIFICA IN CORSO";"404914,0";"5004641,0";"2026-09-07T00:00:00.000Z";"ATTIVO";"7.7895760";"45.1888393";"OK"
"TORINO";"PINEROLO";"2640";"01-02640";"TO-00883";"";"VERIFICA IN CORSO";"369127,0";"4972085,0";"2026-09-07T00:00:00.000Z";"ATTIVO";"7.3426621";"44.8901624";"OK"
"TORINO";"TORINO";"2642";"01-02642";"TO-00885";"";"VERIFICA IN CORSO";"391194,0";"4985016,0";"2026-09-07T00:00:00.000Z";"ATTIVO";"7.6192352";"45.0102468";"OK"
"TORINO";"TORINO";"2652";"01-02652";"TO-00888";"";"MESSA IN SICUREZZA PERMANENTE";"394818,0";"4988953,0";"2026-09-07T00:00:00.000Z";"ATTIVO";"7.6643878";"45.0462243";"OK"
"TORINO";"TORINO";"2653";"01-02653";"TO-00889";"Presenza di sostanze inquinanti dovuta a gestione scorretta dei rifiuti";"BONIFICA E RIPRISTINO AMBIENTALE";"399342,0";"4996851,0";"2026-09-07T00:00:00.000Z";"ATTIVO";"7.7202332";"45.1179600";"OK"
"TORINO";"TORINO";"2180";"01-02180";"TO-00649";"Presenza di sostanze inquinanti dovuta a cattiva gestione di impianti o strutture";"BONIFICA E RIPRISTINO AMBIENTALE";"388966,0";"4988319,0";"2026-09-07T00:00:00.000Z";"ATTIVO";"7.5902405";"45.0396257";"OK"
"TORINO";"TORINO";"2181";"01-02181";"TO-00650";"";"BONIFICA E RIPRISTINO AMBIENTALE; MESSA IN SICUREZZA PERMANENTE";"395530,0";"4988545,0";"2026-09-07T00:00:00.000Z";"ATTIVO";"7.6735112";"45.0426579";"OK"
"TORINO";"PINO TORINESE";"2183";"01-02183";"TO-00652";"";"MESSA IN SICUREZZA OPERATIVA; BONIFICA E RIPRISTINO AMBIENTALE";"404759,0";"4987233,0";"2026-09-07T00:00:00.000Z";"ATTIVO";"7.7909161";"45.0321509";"OK"
"TORINO";"TORINO";"2184";"01-02184";"TO-00653";"Presenza di sostanze inquinanti dovuta a cattiva gestione di impianti o strutture";"VERIFICA IN CORSO";"395958,0";"4995975,0";"2026-09-07T00:00:00.000Z";"ATTIVO";"7.6774024";"45.1095864";"OK"
"TORINO";"TORINO";"2186";"01-02186";"TO-00655";"Presenza di sostanze inquinanti dovuta a cattiva gestione di impianti o strutture";"BONIFICA E RIPRISTINO AMBIENTALE";"391691,0";"4992664,0";"2026-09-07T00:00:00.000Z";"ATTIVO";"7.6238910";"45.0791492";"OK"
"TORINO";"PONT-CANAVESE";"2191";"01-02191";"TO-00658";"Sversamenti incidentali su suolo e acque";"VERIFICA IN CORSO";"390065,0";"5031163,0";"2026-09-07T00:00:00.000Z";"ATTIVO";"7.5947185";"45.4253445";"OK"
"TORINO";"MONCALIERI";"2192";"01-02192";"TO-00659";"Presenza di sostanze inquinanti dovuta a cattiva gestione di impianti o strutture";"BONIFICA E RIPRISTINO AMBIENTALE";"395076,0";"4985505,0";"2026-09-07T00:00:00.000Z";"ATTIVO";"7.6683828";"45.0152325";"OK"
"TORINO";"SANT'AMBROGIO DI TORINO";"2195";"01-02195";"TO-00660";"Presenza di sostanze inquinanti dovuta a gestione scorretta dei rifiuti; Presenza di sostanze inquinanti dovuta a cattiva gestione di impianti o strutture";"VERIFICA IN CORSO";"370651,0";"4996044,0";"2026-09-07T00:00:00.000Z";"ATTIVO";"7.3557980";"45.1060295";"OK"
"TORINO";"TORINO";"2196";"01-02196";"TO-00661";"Presenza di sostanze inquinanti dovuta a cattiva gestione di impianti o strutture";"BONIFICA E RIPRISTINO AMBIENTALE";"397640,0";"4996257,0";"2026-09-07T00:00:00.000Z";"ATTIVO";"7.6987210";"45.1123699";"OK"
"TORINO";"TORINO";"2209";"01-02209";"TO-00664";"Presenza di sostanze inquinanti dovuta a gestione scorretta dei rifiuti";"BONIFICA E RIPRISTINO AMBIENTALE";"395296,0";"4994988,0";"2026-09-07T00:00:00.000Z";"CONCLUSO";"7.6691957";"45.1006063";"OK"
"TORINO";"TORINO";"2212";"01-02212";"TO-00665";"Presenza di sostanze inquinanti dovuta a gestione scorretta dei rifiuti";"MESSA IN SICUREZZA OPERATIVA";"394190,0";"4997517,0";"2026-09-07T00:00:00.000Z";"ATTIVO";"7.6546074";"45.1232008";"OK"
"TORINO";"TORINO";"2213";"01-02213";"TO-00666";"Eventi accidentali";"INTERVENTO NON NECESSARIO A SEGUITO ANALISI DI RISCHIO";"395555,0";"4998699,0";"2026-09-07T00:00:00.000Z";"CONCLUSO";"7.6717120";"45.1340411";"OK"
"TORINO";"SCARMAGNO";"2216";"01-02216";"TO-00669";"Presenza di sostanze inquinanti dovuta a cattiva gestione di impianti o strutture";"VERIFICA IN CORSO";"409895,0";"5028844,0";"2026-09-07T00:00:00.000Z";"ATTIVO";"7.8485693";"45.4073120";"OK"
"TORINO";"TORINO";"2217";"01-02217";"TO-00670";"";"VERIFICA IN CORSO";"390312,0";"4992079,0";"2026-09-07T00:00:00.000Z";"ATTIVO";"7.6065034";"45.0736723";"OK"
"TORINO";"TORINO";"2221";"01-02221";"TO-00673";"Presenza di sostanze inquinanti dovuta a gestione scorretta dei rifiuti";"MESSA IN SICUREZZA PERMANENTE";"394279,0";"4995298,0";"2026-09-07T00:00:00.000Z";"ATTIVO";"7.6562076";"45.1032448";"OK"
"TORINO";"TORINO";"2222";"01-02222";"TO-00674";"Presenza di sostanze inquinanti dovuta a gestione scorretta dei rifiuti";"INTERVENTO NON NECESSARIO A SEGUITO ANALISI DI RISCHIO";"394590,0";"4991445,0";"2026-09-07T00:00:00.000Z";"CONCLUSO";"7.6609700";"45.0686168";"OK"
"TORINO";"TORINO";"2223";"01-02223";"TO-00675";"Presenza di sostanze inquinanti dovuta a cattiva gestione di impianti o strutture";"BONIFICA E RIPRISTINO AMBIENTALE";"394126,0";"4987416,0";"2026-09-07T00:00:00.000Z";"ATTIVO";"7.6559270";"45.0322891";"OK"
"TORINO";"TORINO";"2224";"01-02224";"TO-00676";"Presenza di sostanze inquinanti dovuta a cattiva gestione di impianti o strutture";"VERIFICA IN CORSO";"398488,0";"4991246,0";"2026-09-07T00:00:00.000Z";"ATTIVO";"7.7105140";"45.0673957";"OK"
"TORINO";"MONCALIERI";"2225";"01-02225";"TO-00677";"Presenza di sostanze inquinanti dovuta a cattiva gestione di impianti o strutture";"VERIFICA IN CORSO";"396936,0";"4983170,0";"2026-09-07T00:00:00.000Z";"ATTIVO";"7.6924605";"44.9944912";"OK"
"TORINO";"TORINO";"2226";"01-02226";"TO-00678";"";"INTERVENTO NON NECESSARIO A SEGUITO ANALISI DI RISCHIO";"391492,0";"4985918,0";"2026-09-07T00:00:00.000Z";"CONCLUSO";"7.6228212";"45.0184098";"OK"
"TORINO";"TORINO";"2228";"01-02228";"TO-00680";"Presenza di sostanze inquinanti dovuta a gestione scorretta dei rifiuti";"BONIFICA E RIPRISTINO AMBIENTALE";"396728,0";"4994463,0";"2026-09-07T00:00:00.000Z";"ATTIVO";"7.6875001";"45.0960923";"OK"
"TORINO";"TORINO";"2231";"01-02231";"TO-00681";"";"BONIFICA E RIPRISTINO AMBIENTALE";"393181,0";"4986674,0";"2026-09-07T00:00:00.000Z";"CONCLUSO";"7.6440913";"45.0254698";"OK"
"TORINO";"MAZZE'";"2235";"01-02235";"TO-00682";"";"VERIFICA IN CORSO";"416645,0";"5016761,0";"2026-09-07T00:00:00.000Z";"ATTIVO";"7.9368487";"45.2994041";"OK"
"TORINO";"PESSINETTO";"2236";"01-02236";"TO-00683";"";"VERIFICA IN CORSO";"374654,0";"5016499,0";"2026-09-07T00:00:00.000Z";"ATTIVO";"7.4015150";"45.2908070";"OK"
"TORINO";"NOLE";"2245";"01-02245";"TO-00686";"Presenza di sostanze inquinanti dovuta a gestione scorretta dei rifiuti";"VERIFICA IN CORSO";"387156,0";"5009505,0";"2026-09-07T00:00:00.000Z";"ATTIVO";"7.5624839";"45.2299902";"OK"
"TORINO";"TORINO";"2247";"01-02247";"TO-00688";"Presenza di sostanze inquinanti dovuta a cattiva gestione di impianti o strutture";"MESSA IN SICUREZZA PERMANENTE";"392160,0";"4989718,0";"2026-09-07T00:00:00.000Z";"ATTIVO";"7.6304814";"45.0527091";"OK"
"TORINO";"NONE";"2255";"01-02255";"TO-00689";"Presenza di sostanze inquinanti dovuta a cattiva gestione di impianti o strutture";"MESSA IN SICUREZZA PERMANENTE";"383821,0";"4976367,0";"2026-09-07T00:00:00.000Z";"CONCLUSO";"7.5276938";"44.9312451";"OK"
"TORINO";"CIRIE'";"2256";"01-02256";"TO-00690";"";"VERIFICA IN CORSO";"390357,0";"5009464,0";"2026-09-07T00:00:00.000Z";"ATTIVO";"7.6032581";"45.2301271";"OK"
"TORINO";"LA CASSA";"2264";"01-02264";"TO-00693";"Presenza di sostanze inquinanti dovuta a cattiva gestione di impianti o strutture";"BONIFICA E RIPRISTINO AMBIENTALE";"383873,0";"5002758,0";"2026-09-07T00:00:00.000Z";"CONCLUSO";"7.5222484";"45.1687426";"OK"
"TORINO";"MONCALIERI";"2272";"01-02272";"TO-00700";"";"VERIFICA IN CORSO";"395020,0";"4985265,0";"2026-09-07T00:00:00.000Z";"ATTIVO";"7.6677224";"45.0130643";"OK"
"TORINO";"CASTELLAMONTE";"2281";"01-02281";"TO-00702";"";"VERIFICA IN CORSO";"400605,0";"5030196,0";"2026-09-07T00:00:00.000Z";"ATTIVO";"7.7296098";"45.4182204";"OK"
"TORINO";"TORINO";"2282";"01-02282";"TO-00703";"";"BONIFICA E RIPRISTINO AMBIENTALE";"393125,0";"4990390,0";"2026-09-07T00:00:00.000Z";"CONCLUSO";"7.6425899";"45.0589029";"OK"
"TORINO";"TORINO";"2287";"01-02287";"TO-00704";"";"VERIFICA IN CORSO";"396112,0";"4996013,0";"2026-09-07T00:00:00.000Z";"ATTIVO";"7.6793517";"45.1099511";"OK"
"TORINO";"TORINO";"2294";"01-02294";"TO-00705";"";"MESSA IN SICUREZZA PERMANENTE";"390403,0";"4987199,0";"2026-09-07T00:00:00.000Z";"ATTIVO";"7.6087245";"45.0297703";"OK"
"TORINO";"TORINO";"2298";"01-02298";"TO-00707";"";"VERIFICA IN CORSO";"394304,0";"4997678,0";"2026-09-07T00:00:00.000Z";"ATTIVO";"7.6560225";"45.1246668";"OK"
"TORINO";"GIAVENO";"2301";"01-02301";"TO-00709";"Presenza di sostanze inquinanti dovuta a cattiva gestione di impianti o strutture";"VERIFICA IN CORSO";"371023,0";"4988840,0";"2026-09-07T00:00:00.000Z";"ATTIVO";"7.3623775";"45.0412750";"OK"
"TORINO";"CARMAGNOLA";"2302";"01-02302";"TO-00710";"";"VERIFICA IN CORSO";"400243,0";"4966967,0";"2026-09-07T00:00:00.000Z";"ATTIVO";"7.7376030";"44.8491392";"OK"
"TORINO";"CASTIGLIONE TORINESE";"2311";"01-02311";"TO-00713";"";"BONIFICA E RIPRISTINO AMBIENTALE";"407011,0";"4997341,0";"2026-09-07T00:00:00.000Z";"ATTIVO";"7.8176242";"45.1234208";"OK"
"TORINO";"TORINO";"2312";"01-02312";"TO-00714";"Presenza di sostanze inquinanti dovuta a cattiva gestione di impianti o strutture; Presenza di sostanze inquinanti dovuta a gestione scorretta dei rifiuti";"MESSA IN SICUREZZA PERMANENTE";"392616,0";"4996008,0";"2026-09-07T00:00:00.000Z";"CONCLUSO";"7.6349233";"45.1093836";"OK"
"TORINO";"TORINO";"2317";"01-02317";"TO-00716";"Sversamenti incidentali su suolo e acque";"VERIFICA IN CORSO";"391585,0";"4991552,0";"2026-09-07T00:00:00.000Z";"ATTIVO";"7.6227850";"45.0691258";"OK"
"TORINO";"CIRIE'";"2318";"01-02318";"TO-00717";"";"INTERVENTO NON NECESSARIO A SEGUITO ANALISI DI RISCHIO";"390933,0";"5008651,0";"2026-09-07T00:00:00.000Z";"CONCLUSO";"7.6107718";"45.2229005";"OK"
"TORINO";"PINO TORINESE";"2323";"01-02323";"TO-00718";"";"VERIFICA IN CORSO";"403210,0";"4988513,0";"2026-09-07T00:00:00.000Z";"ATTIVO";"7.7710094";"45.0434608";"OK"
"TORINO";"TORINO";"2325";"01-02325";"TO-00719";"";"BONIFICA E RIPRISTINO AMBIENTALE";"394250,0";"4991314,0";"2026-09-07T00:00:00.000Z";"CONCLUSO";"7.6566797";"45.0673872";"OK"
"TORINO";"TORINO";"2329";"01-02329";"TO-00721";"";"BONIFICA E RIPRISTINO AMBIENTALE";"400169,0";"4992212,0";"2026-09-07T00:00:00.000Z";"ATTIVO";"7.7316698";"45.0763284";"OK"
"TORINO";"TORINO";"2332";"01-02332";"TO-00722";"Presenza di sostanze inquinanti dovuta a cattiva gestione di impianti o strutture";"BONIFICA E RIPRISTINO AMBIENTALE";"391394,0";"4992249,0";"2026-09-07T00:00:00.000Z";"ATTIVO";"7.6202085";"45.0753690";"OK"
"TORINO";"GRUGLIASCO";"2334";"01-02334";"TO-00723";"";"VERIFICA IN CORSO";"389436,0";"4989944,0";"2026-09-07T00:00:00.000Z";"ATTIVO";"7.5958484";"45.0543228";"OK"
"TORINO";"TORINO";"2337";"01-02337";"TO-00724";"";"MESSA IN SICUREZZA OPERATIVA";"394343,0";"4986305,0";"2026-09-07T00:00:00.000Z";"ATTIVO";"7.6589146";"45.0223232";"OK"
"TORINO";"VENARIA REALE";"2343";"01-02343";"TO-00725";"";"INTERVENTO NON NECESSARIO A SEGUITO ANALISI DI RISCHIO";"393010,0";"4998289,0";"2026-09-07T00:00:00.000Z";"CONCLUSO";"7.6394426";"45.1299705";"OK"
"TORINO";"MONCALIERI";"2345";"01-02345";"TO-00727";"";"BONIFICA E RIPRISTINO AMBIENTALE";"394255,0";"4985234,0";"2026-09-07T00:00:00.000Z";"CONCLUSO";"7.6580231";"45.0126717";"OK"
"TORINO";"TORINO";"2347";"01-02347";"TO-00729";"Eventi accidentali; Presenza di sostanze inquinanti dovuta a cattiva gestione di impianti o strutture";"BONIFICA E RIPRISTINO AMBIENTALE";"390916,0";"4993265,0";"2026-09-07T00:00:00.000Z";"ATTIVO";"7.6139164";"45.0844386";"OK"
"TORINO";"TORINO";"2348";"01-02348";"TO-00730";"";"VERIFICA IN CORSO";"396340,0";"4992476,0";"2026-09-07T00:00:00.000Z";"ATTIVO";"7.6829813";"45.0781537";"OK"
"TORINO";"TORINO";"2356";"01-02356";"TO-00731";"";"VERIFICA IN CORSO";"400243,0";"4993259,0";"2026-09-07T00:00:00.000Z";"ATTIVO";"7.7324014";"45.0857614";"OK"
"TORINO";"TORINO";"2363";"01-02363";"TO-00738";"";"VERIFICA IN CORSO";"395143,0";"4988519,0";"2026-09-07T00:00:00.000Z";"ATTIVO";"7.6686041";"45.0423667";"OK"
"TORINO";"CHIVASSO";"2365";"01-02365";"TO-00740";"Sversamenti incidentali su suolo e acque";"VERIFICA IN CORSO";"414445,0";"5006091,0";"2026-09-07T00:00:00.000Z";"ATTIVO";"7.9106313";"45.2031106";"OK"
"TORINO";"VOLPIANO";"2366";"01-02366";"TO-00741";"Sversamenti incidentali su suolo e acque";"BONIFICA E RIPRISTINO AMBIENTALE";"406513,0";"5003575,0";"2026-09-07T00:00:00.000Z";"ATTIVO";"7.8101264";"45.1794595";"OK"
"TORINO";"TORINO";"2367";"01-02367";"TO-00742";"";"BONIFICA E RIPRISTINO AMBIENTALE";"399148,0";"4998118,0";"2026-09-07T00:00:00.000Z";"CONCLUSO";"7.7175118";"45.1293347";"OK"
"TORINO";"TORINO";"2376";"01-02376";"TO-00744";"";"INTERVENTO NON NECESSARIO A SEGUITO ANALISI DI RISCHIO";"390760,0";"4991194,0";"2026-09-07T00:00:00.000Z";"CONCLUSO";"7.6123859";"45.0657773";"OK"
"TORINO";"MONCALIERI";"2384";"01-02384";"TO-00745";"";"BONIFICA E RIPRISTINO AMBIENTALE";"399517,0";"4982297,0";"2026-09-07T00:00:00.000Z";"ATTIVO";"7.7253708";"44.9870046";"OK"
"TORINO";"SAN MAURO TORINESE";"2391";"01-02391";"TO-00749";"";"VERIFICA IN CORSO";"403274,0";"4996001,0";"2026-09-07T00:00:00.000Z";"ATTIVO";"7.7703772";"45.1108595";"OK"
"TORINO";"VENARIA REALE";"2393";"01-02393";"TO-00750";"";"MESSA IN SICUREZZA PERMANENTE";"391657,0";"4998017,0";"2026-09-07T00:00:00.000Z";"ATTIVO";"7.6223008";"45.1273165";"OK"
"TORINO";"TORINO";"2395";"01-02395";"TO-00751";"";"INTERVENTO NON NECESSARIO A SEGUITO ANALISI DI RISCHIO";"395993,0";"4996163,0";"2026-09-07T00:00:00.000Z";"CONCLUSO";"7.6778082";"45.1112835";"OK"
"TORINO";"SAN FRANCESCO AL CAMPO";"2396";"01-02396";"TO-00752";"";"VERIFICA IN CORSO";"394818,0";"5009865,0";"2026-09-07T00:00:00.000Z";"ATTIVO";"7.6599860";"45.2344165";"OK"
"TORINO";"CARMAGNOLA";"2399";"01-02399";"TO-00753";"Presenza di sostanze inquinanti dovuta a cattiva gestione di impianti o strutture";"BONIFICA E RIPRISTINO AMBIENTALE";"399275,0";"4967206,0";"2026-09-07T00:00:00.000Z";"ATTIVO";"7.7253088";"44.8511541";"OK"
"TORINO";"CUORGNE'";"2400";"01-02400";"TO-00754";"Presenza di sostanze inquinanti dovuta a cattiva gestione di impianti o strutture";"VERIFICA IN CORSO";"394316,0";"5027102,0";"2026-09-07T00:00:00.000Z";"ATTIVO";"7.6499139";"45.3894560";"OK"
"TORINO";"SALBERTRAND";"2401";"01-02401";"TO-00755";"";"VERIFICA IN CORSO";"334011,0";"4993033,0";"2026-09-07T00:00:00.000Z";"ATTIVO";"6.8913324";"45.0712911";"OK"
"TORINO";"STRAMBINO";"2404";"01-02404";"TO-00756";"";"VERIFICA IN CORSO";"412723,0";"5026476,0";"2026-09-07T00:00:00.000Z";"ATTIVO";"7.8851199";"45.3863595";"OK"
"TORINO";"VALPERGA";"2405";"01-02405";"TO-00757";"Eventi accidentali; Presenza di sostanze inquinanti dovuta a cattiva gestione di impianti o strutture";"BONIFICA E RIPRISTINO AMBIENTALE";"394939,0";"5025560,0";"2026-09-07T00:00:00.000Z";"ATTIVO";"7.6581987";"45.3756736";"OK"
"TORINO";"TORINO";"2406";"01-02406";"TO-00758";"Presenza di sostanze inquinanti dovuta a cattiva gestione di impianti o strutture; Sversamenti incidentali su suolo e acque";"VERIFICA IN CORSO";"396805,0";"4995365,0";"2026-09-07T00:00:00.000Z";"ATTIVO";"7.6882925";"45.1042210";"OK"
"TORINO";"TORINO";"2407";"01-02407";"TO-00759";"Presenza di sostanze inquinanti dovuta a cattiva gestione di impianti o strutture";"BONIFICA E RIPRISTINO AMBIENTALE";"398244,0";"4994877,0";"2026-09-07T00:00:00.000Z";"CONCLUSO";"7.7066781";"45.1000378";"OK"
"TORINO";"TORINO";"2411";"01-02411";"TO-00761";"Presenza di sostanze inquinanti dovuta a cattiva gestione di impianti o strutture";"BONIFICA E RIPRISTINO AMBIENTALE";"395220,0";"4993155,0";"2026-09-07T00:00:00.000Z";"ATTIVO";"7.6686134";"45.0840993";"OK"
"TORINO";"GRUGLIASCO";"2412";"01-02412";"TO-00762";"";"BONIFICA E RIPRISTINO AMBIENTALE";"388942,0";"4990353,0";"2026-09-07T00:00:00.000Z";"CONCLUSO";"7.5894860";"45.0579262";"OK"
"TORINO";"TORINO";"2414";"01-02414";"TO-00763";"";"VERIFICA IN CORSO";"393937,0";"4993738,0";"2026-09-07T00:00:00.000Z";"ATTIVO";"7.6521920";"45.0891547";"OK"
"TORINO";"ALPIGNANO";"2417";"01-02417";"TO-00764";"Presenza di sostanze inquinanti dovuta a cattiva gestione di impianti o strutture";"BONIFICA E RIPRISTINO AMBIENTALE";"383819,0";"4994545,0";"2026-09-07T00:00:00.000Z";"ATTIVO";"7.5234701";"45.0948272";"OK"
"TORINO";"TORINO";"2419";"01-02419";"TO-00765";"Presenza di sostanze inquinanti dovuta a cattiva gestione di impianti o strutture";"VERIFICA IN CORSO";"397575,0";"4993800,0";"2026-09-07T00:00:00.000Z";"ATTIVO";"7.6983975";"45.0902488";"OK"
"TORINO";"TORINO";"2424";"01-02424";"TO-00766";"Presenza di sostanze inquinanti dovuta a cattiva gestione di impianti o strutture";"VERIFICA IN CORSO";"398121,0";"4996744,0";"2026-09-07T00:00:00.000Z";"ATTIVO";"7.7047351";"45.1168221";"OK"
"TORINO";"TORINO";"2425";"01-02425";"TO-00767";"";"MESSA IN SICUREZZA PERMANENTE; BONIFICA E RIPRISTINO AMBIENTALE";"395534,0";"4989632,0";"2026-09-07T00:00:00.000Z";"ATTIVO";"7.6733359";"45.0524408";"OK"
"TORINO";"TORINO";"2426";"01-02426";"TO-00768";"Presenza di sostanze inquinanti dovuta a cattiva gestione di impianti o strutture";"VERIFICA IN CORSO";"399779,0";"4994533,0";"2026-09-07T00:00:00.000Z";"ATTIVO";"7.7262520";"45.0971612";"OK"
"TORINO";"SAN CARLO CANAVESE";"2429";"01-02429";"TO-00769";"";"MESSA IN SICUREZZA PERMANENTE";"390976,0";"5011473,0";"2026-09-07T00:00:00.000Z";"CONCLUSO";"7.6107006";"45.2483021";"OK"
"TORINO";"SCALENGHE";"2431";"01-02431";"TO-00770";"Presenza di sostanze inquinanti dovuta a cattiva gestione di impianti o strutture";"VERIFICA IN CORSO";"376647,0";"4973683,0";"2026-09-07T00:00:00.000Z";"ATTIVO";"7.4374673";"44.9058845";"OK"
"TORINO";"MONTALTO DORA";"2435";"01-02435";"TO-00773";"";"VERIFICA IN CORSO";"410873,0";"5038565,0";"2026-09-07T00:00:00.000Z";"ATTIVO";"7.8593021";"45.4949207";"OK"
"TORINO";"SANT'AMBROGIO DI TORINO";"2440";"01-02440";"TO-00774";"";"MESSA IN SICUREZZA PERMANENTE";"370212,0";"4995713,0";"2026-09-07T00:00:00.000Z";"CONCLUSO";"7.3503058";"45.1029707";"OK"
"TORINO";"ROLETTO";"2441";"01-02441";"TO-00775";"Presenza di sostanze inquinanti dovuta a cattiva gestione di impianti o strutture";"VERIFICA IN CORSO";"370598,0";"4974150,0";"2026-09-07T00:00:00.000Z";"ATTIVO";"7.3607547";"44.9090129";"OK"
"TORINO";"TORINO";"2442";"01-02442";"TO-00776";"";"MESSA IN SICUREZZA PERMANENTE";"392870,0";"4994823,0";"2026-09-07T00:00:00.000Z";"ATTIVO";"7.6384048";"45.0987581";"OK"
"TORINO";"CHIVASSO";"2455";"01-02455";"TO-00779";"";"INTERVENTO NON NECESSARIO A SEGUITO ANALISI DI RISCHIO";"410964,0";"5004759,0";"2026-09-07T00:00:00.000Z";"CONCLUSO";"7.8665545";"45.1906915";"OK"
"TORINO";"LAURIANO";"2456";"01-02456";"TO-00780";"";"VERIFICA IN CORSO";"421224,0";"5001630,0";"2026-09-07T00:00:00.000Z";"ATTIVO";"7.9976391";"45.1637511";"OK"
"TORINO";"TORINO";"2460";"01-02460";"TO-00781";"Presenza di sostanze inquinanti dovuta a cattiva gestione di impianti o strutture";"VERIFICA IN CORSO";"397607,0";"4994693,0";"2026-09-07T00:00:00.000Z";"ATTIVO";"7.6986215";"45.0982900";"OK"
"TORINO";"CHIERI";"2462";"01-02462";"TO-00782";"";"VERIFICA IN CORSO";"406658,0";"4985764,0";"2026-09-07T00:00:00.000Z";"ATTIVO";"7.8152915";"45.0191826";"OK"
"TORINO";"TORINO";"2463";"01-02463";"TO-00783";"Presenza di sostanze inquinanti dovuta a cattiva gestione di impianti o strutture";"VERIFICA IN CORSO";"399658,0";"4994996,0";"2026-09-07T00:00:00.000Z";"ATTIVO";"7.7246217";"45.1013109";"OK"
"TORINO";"COLLEGNO";"2465";"01-02465";"TO-00785";"";"BONIFICA E RIPRISTINO AMBIENTALE";"390005,0";"4992509,0";"2026-09-07T00:00:00.000Z";"CONCLUSO";"7.6025100";"45.0774942";"OK"
"TORINO";"CHIVASSO";"2469";"01-02469";"TO-00787";"Eventi accidentali";"BONIFICA E RIPRISTINO AMBIENTALE";"410258,0";"5005657,0";"2026-09-07T00:00:00.000Z";"CONCLUSO";"7.8574070";"45.1986838";"OK"
"TORINO";"LEINI'";"2484";"01-02484";"TO-00792";"Presenza di sostanze inquinanti dovuta a cattiva gestione di impianti o strutture";"BONIFICA E RIPRISTINO AMBIENTALE";"399026,0";"5003686,0";"2026-09-07T00:00:00.000Z";"ATTIVO";"7.7148348";"45.1794260";"OK"
"TORINO";"COLLERETTO GIACOSA";"2486";"01-02486";"TO-00793";"Presenza di sostanze inquinanti dovuta a cattiva gestione di impianti o strutture";"BONIFICA E RIPRISTINO AMBIENTALE";"406907,0";"5032362,0";"2026-09-07T00:00:00.000Z";"ATTIVO";"7.8097293";"45.4385803";"OK"
"TORINO";"TORINO";"2487";"01-02487";"TO-00794";"";"BONIFICA E RIPRISTINO AMBIENTALE";"397500,0";"4990731,0";"2026-09-07T00:00:00.000Z";"ATTIVO";"7.6980721";"45.0626186";"OK"
"TORINO";"CHIVASSO";"2489";"01-02489";"TO-00795";"Sversamenti incidentali su suolo e acque";"BONIFICA E RIPRISTINO AMBIENTALE";"409800,0";"5005244,0";"2026-09-07T00:00:00.000Z";"CONCLUSO";"7.8516517";"45.1949084";"OK"
"TORINO";"CHIVASSO";"2492";"01-02492";"TO-00797";"Eventi accidentali";"VERIFICA IN CORSO";"415819,0";"5004534,0";"2026-09-07T00:00:00.000Z";"ATTIVO";"7.9283864";"45.1892631";"OK"
"TORINO";"VOLPIANO";"2494";"01-02494";"TO-00799";"Sversamenti incidentali su suolo e acque";"VERIFICA IN CORSO";"406206,0";"5003388,0";"2026-09-07T00:00:00.000Z";"ATTIVO";"7.8062550";"45.1777358";"OK"
"TORINO";"LANZO TORINESE";"2495";"01-02495";"TO-00800";"Presenza di sostanze inquinanti dovuta a cattiva gestione di impianti o strutture";"VERIFICA IN CORSO";"381029,0";"5014407,0";"2026-09-07T00:00:00.000Z";"ATTIVO";"7.4832851";"45.2730913";"OK"
"TORINO";"GRUGLIASCO";"2498";"01-02498";"TO-00801";"Presenza di sostanze inquinanti dovuta a cattiva gestione di impianti o strutture";"MESSA IN SICUREZZA OPERATIVA";"388134,0";"4991181,0";"2026-09-07T00:00:00.000Z";"ATTIVO";"7.5790424";"45.0652502";"OK"
"TORINO";"TORINO";"2506";"01-02506";"TO-00803";"";"VERIFICA IN CORSO";"398419,0";"4991229,0";"2026-09-07T00:00:00.000Z";"ATTIVO";"7.7096412";"45.0672328";"OK"
"TORINO";"MONCALIERI";"2507";"01-02507";"TO-00804";"";"BONIFICA E RIPRISTINO AMBIENTALE";"397571,0";"4981478,0";"2026-09-07T00:00:00.000Z";"ATTIVO";"7.7008586";"44.9793558";"OK"
"TORINO";"MONCALIERI";"2512";"01-02512";"TO-00805";"";"MESSA IN SICUREZZA PERMANENTE";"394983,0";"4985010,0";"2026-09-07T00:00:00.000Z";"ATTIVO";"7.6673062";"45.0107640";"OK"
"TORINO";"ORBASSANO";"1660";"01-01660";"TO-00422";"Presenza di sostanze inquinanti dovuta a gestione scorretta dei rifiuti";"VERIFICA IN CORSO";"387491,0";"4988479,0";"2026-09-07T00:00:00.000Z";"ATTIVO";"7.5714829";"45.0408329";"OK"
"TORINO";"CARMAGNOLA";"1663";"01-01663";"TO-00423";"Presenza di sostanze inquinanti dovuta a cattiva gestione di impianti o strutture";"BONIFICA E RIPRISTINO AMBIENTALE";"400265,0";"4967929,0";"2026-09-07T00:00:00.000Z";"CONCLUSO";"7.7376922";"44.8578002";"OK"
"TORINO";"CARMAGNOLA";"1664";"01-01664";"TO-00424";"Presenza di sostanze inquinanti dovuta a gestione scorretta dei rifiuti";"MESSA IN SICUREZZA PERMANENTE";"400062,0";"4967508,0";"2026-09-07T00:00:00.000Z";"CONCLUSO";"7.7352064";"44.8539828";"OK"
"TORINO";"SAN GIUSTO CANAVESE";"1666";"01-01666";"TO-00425";"Sversamenti incidentali su suolo e acque";"VERIFICA IN CORSO";"407066,0";"5015603,0";"2026-09-07T00:00:00.000Z";"ATTIVO";"7.8149153";"45.2877802";"OK"
"TORINO";"BORGARO TORINESE";"1669";"01-01669";"TO-00426";"Presenza di sostanze inquinanti dovuta a cattiva gestione di impianti o strutture";"MESSA IN SICUREZZA PERMANENTE";"393851,0";"5001007,0";"2026-09-07T00:00:00.000Z";"ATTIVO";"7.6495569";"45.1545572";"OK"
"TORINO";"SAUZE DI CESANA";"1673";"01-01673";"TO-00430";"Presenza di sostanze inquinanti dovuta a cattiva gestione di impianti o strutture; Eventi accidentali";"VERIFICA IN CORSO";"332181,0";"4978242,0";"2026-09-07T00:00:00.000Z";"ATTIVO";"6.8730322";"44.9378043";"OK"
"TORINO";"MONCALIERI";"1682";"01-01682";"TO-00432";"Presenza di sostanze inquinanti dovuta a cattiva gestione di impianti o strutture";"BONIFICA E RIPRISTINO AMBIENTALE";"394882,0";"4985007,0";"2026-09-07T00:00:00.000Z";"CONCLUSO";"7.6660255";"45.0107220";"OK"
"TORINO";"MONCALIERI";"1689";"01-01689";"TO-00434";"Presenza di sostanze inquinanti dovuta a cattiva gestione di impianti o strutture";"INTERVENTO NON NECESSARIO A SEGUITO ANALISI DI RISCHIO";"395059,0";"4984904,0";"2026-09-07T00:00:00.000Z";"CONCLUSO";"7.6682925";"45.0098213";"OK"
"TORINO";"FAVRIA";"1700";"01-01700";"TO-00441";"";"MESSA IN SICUREZZA PERMANENTE";"397364,0";"5021056,0";"2026-09-07T00:00:00.000Z";"ATTIVO";"7.6900972";"45.3355016";"OK"
"TORINO";"TORINO";"1731";"01-01731";"TO-00451";"Presenza di sostanze inquinanti dovuta a cattiva gestione di impianti o strutture";"BONIFICA E RIPRISTINO AMBIENTALE";"400277,0";"4992421,0";"2026-09-07T00:00:00.000Z";"ATTIVO";"7.7330000";"45.0782245";"OK"
"TORINO";"VILLANOVA CANAVESE";"1739";"01-01739";"TO-00454";"";"VERIFICA IN CORSO";"386945,0";"5010716,0";"2026-09-07T00:00:00.000Z";"ATTIVO";"7.5595215";"45.2408537";"OK"
"TORINO";"POIRINO";"1744";"01-01744";"TO-00458";"Presenza di sostanze inquinanti dovuta a gestione scorretta dei rifiuti";"VERIFICA IN CORSO";"406223,0";"4974885,0";"2026-09-07T00:00:00.000Z";"ATTIVO";"7.8117951";"44.9212139";"OK"
"TORINO";"VINOVO";"1746";"01-01746";"TO-00460";"Presenza di sostanze inquinanti dovuta a cattiva gestione di impianti o strutture";"VERIFICA IN CORSO";"393549,0";"4980447,0";"2026-09-07T00:00:00.000Z";"ATTIVO";"7.6500778";"44.9694857";"OK"
"TORINO";"TORINO";"1771";"01-01771";"TO-00466";"Presenza di sostanze inquinanti dovuta a gestione scorretta dei rifiuti";"BONIFICA E RIPRISTINO AMBIENTALE; MESSA IN SICUREZZA PERMANENTE";"396327,0";"4996409,0";"2026-09-07T00:00:00.000Z";"ATTIVO";"7.6820021";"45.1135464";"OK"
"TORINO";"TORINO";"1774";"01-01774";"TO-00467";"Presenza di sostanze inquinanti dovuta a gestione scorretta dei rifiuti";"VERIFICA IN CORSO";"394989,0";"4996231,0";"2026-09-07T00:00:00.000Z";"ATTIVO";"7.6650340";"45.1117470";"OK"
"TORINO";"TORINO";"1775";"01-01775";"TO-00468";"Presenza di sostanze inquinanti dovuta a gestione scorretta dei rifiuti";"VERIFICA IN CORSO";"396417,0";"4996652,0";"2026-09-07T00:00:00.000Z";"ATTIVO";"7.6830956";"45.1157464";"OK"
"TORINO";"TORINO";"1776";"01-01776";"TO-00469";"Presenza di sostanze inquinanti dovuta a gestione scorretta dei rifiuti";"MESSA IN SICUREZZA PERMANENTE";"395259,0";"4996225,0";"2026-09-07T00:00:00.000Z";"CONCLUSO";"7.6684667";"45.1117330";"OK"
"TORINO";"TORINO";"1777";"01-01777";"TO-00470";"Presenza di sostanze inquinanti dovuta a gestione scorretta dei rifiuti";"VERIFICA IN CORSO";"394824,0";"4996939,0";"2026-09-07T00:00:00.000Z";"ATTIVO";"7.6627882";"45.1180939";"OK"
"TORINO";"TORINO";"1779";"01-01779";"TO-00471";"Presenza di sostanze inquinanti dovuta a gestione scorretta dei rifiuti";"VERIFICA IN CORSO";"396566,0";"4996577,0";"2026-09-07T00:00:00.000Z";"ATTIVO";"7.6850050";"45.1150933";"OK"
"TORINO";"TORINO";"1781";"01-01781";"TO-00472";"Presenza di sostanze inquinanti dovuta a gestione scorretta dei rifiuti";"VERIFICA IN CORSO";"395579,0";"4997102,0";"2026-09-07T00:00:00.000Z";"ATTIVO";"7.6723506";"45.1196728";"OK"
"TORINO";"TORINO";"1782";"01-01782";"TO-00473";"Presenza di sostanze inquinanti dovuta a gestione scorretta dei rifiuti";"VERIFICA IN CORSO";"397021,0";"4996113,0";"2026-09-07T00:00:00.000Z";"ATTIVO";"7.6908835";"45.1109840";"OK"
"TORINO";"TORINO";"1783";"01-01783";"TO-00474";"Presenza di sostanze inquinanti dovuta a gestione scorretta dei rifiuti";"INTERVENTO NON NECESSARIO A SEGUITO ANALISI DI RISCHIO";"395023,0";"4996204,0";"2026-09-07T00:00:00.000Z";"CONCLUSO";"7.6654718";"45.1115090";"OK"
"TORINO";"TORINO";"1784";"01-01784";"TO-00475";"Presenza di sostanze inquinanti dovuta a gestione scorretta dei rifiuti";"VERIFICA IN CORSO";"394802,0";"4997031,0";"2026-09-07T00:00:00.000Z";"ATTIVO";"7.6624892";"45.1189186";"OK"
"TORINO";"TORINO";"1785";"01-01785";"TO-00476";"Presenza di sostanze inquinanti dovuta a cattiva gestione di impianti o strutture";"VERIFICA IN CORSO";"394726,0";"4997029,0";"2026-09-07T00:00:00.000Z";"ATTIVO";"7.6615236";"45.1188893";"OK"
"TORINO";"TORINO";"1786";"01-01786";"TO-00477";"Presenza di sostanze inquinanti dovuta a gestione scorretta dei rifiuti";"VERIFICA IN CORSO";"396861,0";"4996373,0";"2026-09-07T00:00:00.000Z";"ATTIVO";"7.6887965";"45.1133005";"OK"
"TORINO";"CASTELLAMONTE";"1801";"01-01801";"TO-00484";"Incidenti a pipe line";"VERIFICA IN CORSO";"399110,0";"5026358,0";"2026-09-07T00:00:00.000Z";"ATTIVO";"7.7112922";"45.3834681";"OK"
"TORINO";"TORINO";"1820";"01-01820";"TO-00490";"Presenza di sostanze inquinanti dovuta a cattiva gestione di impianti o strutture";"VERIFICA IN CORSO";"393174,0";"4994149,0";"2026-09-07T00:00:00.000Z";"ATTIVO";"7.6424112";"45.0927386";"OK"
"TORINO";"SANTENA";"1822";"01-01822";"TO-00491";"Sversamenti incidentali su suolo e acque";"BONIFICA E RIPRISTINO AMBIENTALE";"404017,0";"4977856,0";"2026-09-07T00:00:00.000Z";"CONCLUSO";"7.7832856";"44.9476587";"OK"
"TORINO";"MONCALIERI";"1824";"01-01824";"TO-00492";"Presenza di sostanze inquinanti dovuta a cattiva gestione di impianti o strutture";"BONIFICA E RIPRISTINO AMBIENTALE";"396641,0";"4983805,0";"2026-09-07T00:00:00.000Z";"ATTIVO";"7.6885886";"45.0001631";"OK"
"TORINO";"TORINO";"1831";"01-01831";"TO-00495";"Presenza di sostanze inquinanti dovuta a cattiva gestione di impianti o strutture";"MESSA IN SICUREZZA PERMANENTE";"395264,0";"4989377,0";"2026-09-07T00:00:00.000Z";"ATTIVO";"7.6699611";"45.0501061";"OK"
"TORINO";"TORINO";"1832";"01-01832";"TO-00496";"Presenza di sostanze inquinanti dovuta a gestione scorretta dei rifiuti";"BONIFICA E RIPRISTINO AMBIENTALE";"398006,0";"4997085,0";"2026-09-07T00:00:00.000Z";"CONCLUSO";"7.7032039";"45.1198743";"OK"
"TORINO";"TORINO";"1833";"01-01833";"TO-00497";"Presenza di sostanze inquinanti dovuta a gestione scorretta dei rifiuti";"INTERVENTO NON NECESSARIO A SEGUITO ANALISI DI RISCHIO";"398130,0";"4997823,0";"2026-09-07T00:00:00.000Z";"CONCLUSO";"7.7046298";"45.1265338";"OK"
"TORINO";"BALANGERO";"1834";"01-01834";"TO-00498";"";"MESSA IN SICUREZZA PERMANENTE";"383698,0";"5014645,0";"2026-09-07T00:00:00.000Z";"ATTIVO";"7.5172438";"45.2756796";"OK"
"TORINO";"SCARMAGNO";"1835";"01-01835";"TO-00499";"Presenza di sostanze inquinanti dovuta a cattiva gestione di impianti o strutture";"VERIFICA IN CORSO";"409723,0";"5028792,0";"2026-09-07T00:00:00.000Z";"ATTIVO";"7.8463813";"45.4068218";"OK"
"TORINO";"BALDISSERO CANAVESE";"1839";"01-01839";"TO-00503";"Sversamenti incidentali su suolo e acque";"BONIFICA E RIPRISTINO AMBIENTALE; MESSA IN SICUREZZA PERMANENTE";"401740,0";"5029470,0";"2026-09-07T00:00:00.000Z";"CONCLUSO";"7.7442578";"45.4118475";"OK"
"TORINO";"BRUINO";"1842";"01-01842";"TO-00505";"Presenza di sostanze inquinanti dovuta a cattiva gestione di impianti o strutture";"BONIFICA E RIPRISTINO AMBIENTALE";"380576,0";"4985209,0";"2026-09-07T00:00:00.000Z";"ATTIVO";"7.4844905";"45.0102752";"OK"
"TORINO";"SETTIMO TORINESE";"1849";"01-01849";"TO-00511";"Eventi accidentali; Presenza di sostanze inquinanti dovuta a cattiva gestione di impianti o strutture";"BONIFICA E RIPRISTINO AMBIENTALE";"404913,0";"5001427,0";"2026-09-07T00:00:00.000Z";"CONCLUSO";"7.7901760";"45.1599143";"OK"
"TORINO";"AGLIE'";"1850";"01-01850";"TO-00512";"Presenza di sostanze inquinanti dovuta a cattiva gestione di impianti o strutture";"VERIFICA IN CORSO";"405605,0";"5024676,0";"2026-09-07T00:00:00.000Z";"ATTIVO";"7.7945580";"45.3692371";"OK"
"TORINO";"BUTTIGLIERA ALTA";"1852";"01-01852";"TO-00513";"Presenza di sostanze inquinanti dovuta a cattiva gestione di impianti o strutture";"BONIFICA E RIPRISTINO AMBIENTALE";"376865,0";"4991668,0";"2026-09-07T00:00:00.000Z";"ATTIVO";"7.4358314";"45.0677621";"OK"
"TORINO";"TORINO";"1853";"01-01853";"TO-00514";"Presenza di sostanze inquinanti dovuta a cattiva gestione di impianti o strutture; Presenza di sostanze inquinanti dovuta a gestione scorretta dei rifiuti";"MESSA IN SICUREZZA PERMANENTE; BONIFICA E RIPRISTINO AMBIENTALE";"396598,0";"4993877,0";"2026-09-07T00:00:00.000Z";"ATTIVO";"7.6859693";"45.0907996";"OK"
"TORINO";"VENARIA REALE";"1854";"01-01854";"TO-00515";"Presenza di sostanze inquinanti dovuta a cattiva gestione di impianti o strutture";"VERIFICA IN CORSO";"391997,0";"4999419,0";"2026-09-07T00:00:00.000Z";"ATTIVO";"7.6263201";"45.1399853";"OK"
"TORINO";"LEINI'";"1855";"01-01855";"TO-00516";"Presenza di sostanze inquinanti dovuta a cattiva gestione di impianti o strutture";"VERIFICA IN CORSO";"398740,0";"5002276,0";"2026-09-07T00:00:00.000Z";"ATTIVO";"7.7114819";"45.1666959";"OK"
"TORINO";"TORINO";"1856";"01-01856";"TO-00517";"Presenza di sostanze inquinanti dovuta a gestione scorretta dei rifiuti; Presenza di sostanze inquinanti dovuta a cattiva gestione di impianti o strutture";"MESSA IN SICUREZZA PERMANENTE";"396478,0";"4993775,0";"2026-09-07T00:00:00.000Z";"ATTIVO";"7.6844658";"45.0898641";"OK"
"TORINO";"TORINO";"1857";"01-01857";"TO-00518";"Presenza di sostanze inquinanti dovuta a cattiva gestione di impianti o strutture";"INTERVENTO NON NECESSARIO A SEGUITO ANALISI DI RISCHIO";"396060,0";"4993009,0";"2026-09-07T00:00:00.000Z";"CONCLUSO";"7.6793143";"45.0829093";"OK"
"TORINO";"CAMBIANO";"1858";"01-01858";"TO-00519";"Presenza di sostanze inquinanti dovuta a gestione scorretta dei rifiuti";"VERIFICA IN CORSO";"404162,0";"4981691,0";"2026-09-07T00:00:00.000Z";"ATTIVO";"7.7843944";"44.9821931";"OK"
"TORINO";"BAIRO";"1862";"01-01862";"TO-00520";"";"VERIFICA IN CORSO";"401785,0";"5027173,0";"2026-09-07T00:00:00.000Z";"ATTIVO";"7.7452904";"45.3911828";"OK"
"TORINO";"CARIGNANO";"1864";"01-01864";"TO-00522";"Presenza di sostanze inquinanti dovuta a gestione scorretta dei rifiuti";"BONIFICA E RIPRISTINO AMBIENTALE";"397746,0";"4973248,0";"2026-09-07T00:00:00.000Z";"CONCLUSO";"7.7047444";"44.9053134";"OK"
"TORINO";"COLLERETTO GIACOSA";"1865";"01-01865";"TO-00523";"";"VERIFICA IN CORSO";"407967,0";"5032579,0";"2026-09-07T00:00:00.000Z";"ATTIVO";"7.8232388";"45.4406736";"OK"
"TORINO";"SETTIMO TORINESE";"1870";"01-01870";"TO-00526";"Eventi accidentali";"VERIFICA IN CORSO";"401932,0";"4998334,0";"2026-09-07T00:00:00.000Z";"ATTIVO";"7.7528638";"45.1316706";"OK"
"TORINO";"PIOSSASCO";"1871";"01-01871";"TO-00527";"Presenza di sostanze inquinanti dovuta a cattiva gestione di impianti o strutture";"INTERVENTO NON NECESSARIO A SEGUITO ANALISI DI RISCHIO";"379144,0";"4982937,0";"2026-09-07T00:00:00.000Z";"CONCLUSO";"7.4668701";"44.9895876";"OK"
"TORINO";"CARMAGNOLA";"1872";"01-01872";"TO-00528";"Presenza di sostanze inquinanti dovuta a cattiva gestione di impianti o strutture";"BONIFICA E RIPRISTINO AMBIENTALE";"400997,0";"4969675,0";"2026-09-07T00:00:00.000Z";"ATTIVO";"7.7466136";"44.8736162";"OK"
"TORINO";"TORINO";"1873";"01-01873";"TO-00529";"Presenza di sostanze inquinanti dovuta a cattiva gestione di impianti o strutture";"INTERVENTO NON NECESSARIO A SEGUITO ANALISI DI RISCHIO";"393922,0";"4988186,0";"2026-09-07T00:00:00.000Z";"CONCLUSO";"7.6531754";"45.0391881";"OK"
"TORINO";"VILLASTELLONE";"1876";"01-01876";"TO-00530";"Incidenti a pipe line";"BONIFICA E RIPRISTINO AMBIENTALE";"399691,0";"4976126,0";"2026-09-07T00:00:00.000Z";"ATTIVO";"7.7288046";"44.9314917";"OK"
"TORINO";"SETTIMO TORINESE";"1877";"01-01877";"TO-00531";"Presenza di sostanze inquinanti dovuta a cattiva gestione di impianti o strutture";"BONIFICA E RIPRISTINO AMBIENTALE";"401346,0";"4997872,0";"2026-09-07T00:00:00.000Z";"ATTIVO";"7.7455045";"45.1274312";"OK"
"TORINO";"CHIVASSO";"1881";"01-01881";"TO-00532";"Incidenti a pipe line";"INTERVENTO NON NECESSARIO A SEGUITO ANALISI DI RISCHIO";"413222,0";"5006801,0";"2026-09-07T00:00:00.000Z";"CONCLUSO";"7.8949381";"45.2093510";"OK"
"TORINO";"SANT'ANTONINO DI SUSA";"1884";"01-01884";"TO-00533";"Presenza di sostanze inquinanti dovuta a cattiva gestione di impianti o strutture";"VERIFICA IN CORSO";"364614,0";"4996372,0";"2026-09-07T00:00:00.000Z";"ATTIVO";"7.2790047";"45.1078503";"OK"
"TORINO";"SAN GIORGIO CANAVESE";"1886";"01-01886";"TO-00534";"Incidenti a pipe line";"INTERVENTO NON NECESSARIO A SEGUITO ANALISI DI RISCHIO";"407464,0";"5019239,0";"2026-09-07T00:00:00.000Z";"CONCLUSO";"7.8193104";"45.3205550";"OK"
"TORINO";"CHIERI";"1895";"01-01895";"TO-00539";"Presenza di sostanze inquinanti dovuta a cattiva gestione di impianti o strutture";"BONIFICA E RIPRISTINO AMBIENTALE";"407074,0";"4984985,0";"2026-09-07T00:00:00.000Z";"ATTIVO";"7.8207142";"45.0122263";"OK"
"TORINO";"ORBASSANO";"1896";"01-01896";"TO-00540";"Presenza di sostanze inquinanti dovuta a cattiva gestione di impianti o strutture";"INTERVENTO NON NECESSARIO A SEGUITO ANALISI DI RISCHIO";"387342,0";"4985698,0";"2026-09-07T00:00:00.000Z";"CONCLUSO";"7.5702150";"45.0157828";"OK"
"TORINO";"COLLEGNO";"1900";"01-01900";"TO-00541";"Presenza di sostanze inquinanti dovuta a cattiva gestione di impianti o strutture";"MESSA IN SICUREZZA PERMANENTE";"389348,0";"4992491,0";"2026-09-07T00:00:00.000Z";"ATTIVO";"7.5941693";"45.0772298";"OK"
"TORINO";"COLLEGNO";"1901";"01-01901";"TO-00542";"Presenza di sostanze inquinanti dovuta a cattiva gestione di impianti o strutture";"MESSA IN SICUREZZA PERMANENTE";"389255,0";"4992375,0";"2026-09-07T00:00:00.000Z";"ATTIVO";"7.5930137";"45.0761714";"OK"
"TORINO";"TORINO";"1904";"01-01904";"TO-00543";"Eventi accidentali";"MESSA IN SICUREZZA PERMANENTE";"397523,0";"4993388,0";"2026-09-07T00:00:00.000Z";"ATTIVO";"7.6978211";"45.0865335";"OK"
"TORINO";"TORINO";"1905";"01-01905";"TO-00544";"";"MESSA IN SICUREZZA PERMANENTE";"397632,0";"4991925,0";"2026-09-07T00:00:00.000Z";"ATTIVO";"7.6995046";"45.0733831";"OK"
"TORINO";"TORINO";"1907";"01-01907";"TO-00545";"";"INTERVENTO NON NECESSARIO A SEGUITO ANALISI DI RISCHIO";"394091,0";"4994258,0";"2026-09-07T00:00:00.000Z";"CONCLUSO";"7.6540385";"45.0938574";"OK"
"TORINO";"TORINO";"1910";"01-01910";"TO-00548";"Presenza di sostanze inquinanti dovuta a cattiva gestione di impianti o strutture";"MESSA IN SICUREZZA PERMANENTE";"396153,0";"4995053,0";"2026-09-07T00:00:00.000Z";"CONCLUSO";"7.6800719";"45.1013177";"OK"
"TORINO";"LEINI'";"1914";"01-01914";"TO-00552";"Presenza di sostanze inquinanti dovuta a cattiva gestione di impianti o strutture; Incidenti a pipe line";"VERIFICA IN CORSO";"399322,0";"5001622,0";"2026-09-07T00:00:00.000Z";"ATTIVO";"7.7190178";"45.1608936";"OK"
"TORINO";"TORINO";"1918";"01-01918";"TO-00554";"Presenza di sostanze inquinanti dovuta a cattiva gestione di impianti o strutture";"BONIFICA E RIPRISTINO AMBIENTALE";"393855,0";"4986286,0";"2026-09-07T00:00:00.000Z";"CONCLUSO";"7.6527262";"45.0220793";"OK"
"TORINO";"CHIALAMBERTO";"1922";"01-01922";"TO-00556";"Presenza di sostanze inquinanti dovuta a gestione scorretta dei rifiuti";"VERIFICA IN CORSO";"371405,0";"5023971,0";"2026-09-07T00:00:00.000Z";"ATTIVO";"7.3581574";"45.3574507";"OK"
"TORINO";"TORINO";"1923";"01-01923";"TO-00557";"Eventi accidentali";"BONIFICA E RIPRISTINO AMBIENTALE; MESSA IN SICUREZZA PERMANENTE";"397027,0";"4992672,0";"2026-09-07T00:00:00.000Z";"ATTIVO";"7.6916672";"45.0800179";"OK"
"TORINO";"TORINO";"1924";"01-01924";"TO-00558";"Presenza di sostanze inquinanti dovuta a cattiva gestione di impianti o strutture";"BONIFICA E RIPRISTINO AMBIENTALE";"393233,0";"4986474,0";"2026-09-07T00:00:00.000Z";"ATTIVO";"7.6447936";"45.0236778";"OK"
"TORINO";"TORINO";"1925";"01-01925";"TO-00559";"Presenza di sostanze inquinanti dovuta a cattiva gestione di impianti o strutture";"INTERVENTO NON NECESSARIO A SEGUITO ANALISI DI RISCHIO";"391136,0";"4987534,0";"2026-09-07T00:00:00.000Z";"CONCLUSO";"7.6179542";"45.0328981";"OK"
"TORINO";"TORINO";"1926";"01-01926";"TO-00560";"Presenza di sostanze inquinanti dovuta a cattiva gestione di impianti o strutture";"VERIFICA IN CORSO";"393873,0";"4988160,0";"2026-09-07T00:00:00.000Z";"ATTIVO";"7.6525589";"45.0389468";"OK"
"TORINO";"TORINO";"1930";"01-01930";"TO-00561";"Presenza di sostanze inquinanti dovuta a cattiva gestione di impianti o strutture";"MESSA IN SICUREZZA PERMANENTE; BONIFICA E RIPRISTINO AMBIENTALE";"398364,0";"4991701,0";"2026-09-07T00:00:00.000Z";"CONCLUSO";"7.7088470";"45.0714727";"OK"
"TORINO";"VENARIA REALE";"1931";"01-01931";"TO-00562";"Incidenti a pipe line";"BONIFICA E RIPRISTINO AMBIENTALE";"393997,0";"4996711,0";"2026-09-07T00:00:00.000Z";"ATTIVO";"7.6523249";"45.1159185";"OK"
"TORINO";"AVIGLIANA";"1932";"01-01932";"TO-00563";"Presenza di sostanze inquinanti dovuta a cattiva gestione di impianti o strutture";"VERIFICA IN CORSO";"372481,0";"4993421,0";"2026-09-07T00:00:00.000Z";"ATTIVO";"7.3797181";"45.0827597";"OK"
"TORINO";"PINEROLO";"1933";"01-01933";"TO-00564";"Eventi accidentali";"INTERVENTO NON NECESSARIO A SEGUITO ANALISI DI RISCHIO";"373368,0";"4972504,0";"2026-09-07T00:00:00.000Z";"CONCLUSO";"7.3962427";"44.8946995";"OK"
"TORINO";"SETTIMO TORINESE";"1938";"01-01938";"TO-00565";"Eventi accidentali";"VERIFICA IN CORSO";"401254,0";"5000823,0";"2026-09-07T00:00:00.000Z";"ATTIVO";"7.7437517";"45.1539760";"OK"
"TORINO";"TORINO";"1947";"01-01947";"TO-00569";"Presenza di sostanze inquinanti dovuta a cattiva gestione di impianti o strutture";"INTERVENTO NON NECESSARIO A SEGUITO ANALISI DI RISCHIO";"392636,0";"4989837,0";"2026-09-07T00:00:00.000Z";"CONCLUSO";"7.6364992";"45.0538523";"OK"
"TORINO";"TORINO";"1954";"01-01954";"TO-00571";"Presenza di sostanze inquinanti dovuta a cattiva gestione di impianti o strutture";"VERIFICA IN CORSO";"391358,0";"4989498,0";"2026-09-07T00:00:00.000Z";"ATTIVO";"7.6203469";"45.0506066";"OK"
"TORINO";"GRUGLIASCO";"1957";"01-01957";"TO-00572";"Presenza di sostanze inquinanti dovuta a gestione scorretta dei rifiuti; Incidenti a pipe line";"INTERVENTO NON NECESSARIO A SEGUITO ANALISI DI RISCHIO";"391149,0";"4990213,0";"2026-09-07T00:00:00.000Z";"CONCLUSO";"7.6175386";"45.0570090";"OK"
"TORINO";"TORINO";"1965";"01-01965";"TO-00573";"Presenza di sostanze inquinanti dovuta a cattiva gestione di impianti o strutture";"MESSA IN SICUREZZA PERMANENTE";"393009,0";"4990833,0";"2026-09-07T00:00:00.000Z";"ATTIVO";"7.6410226";"45.0628720";"OK"
"TORINO";"TORINO";"1968";"01-01968";"TO-00576";"Presenza di sostanze inquinanti dovuta a cattiva gestione di impianti o strutture";"VERIFICA IN CORSO";"393874,0";"4990887,0";"2026-09-07T00:00:00.000Z";"ATTIVO";"7.6519951";"45.0634882";"OK"
"TORINO";"BEINASCO";"1969";"01-01969";"TO-00577";"";"VERIFICA IN CORSO";"388346,0";"4984963,0";"2026-09-07T00:00:00.000Z";"ATTIVO";"7.5831163";"45.0093272";"OK"
"TORINO";"SUSA";"3099";"01-03099";"TO-01026";"Sversamenti incidentali su suolo e acque; Presenza di sostanze inquinanti dovuta a cattiva gestione di impianti o strutture";"VERIFICA IN CORSO";"348298,0";"4999486,0";"2026-09-07T00:00:00.000Z";"ATTIVO";"7.0707668";"45.1325529";"OK"
"TORINO";"TORINO";"3100";"01-03100";"TO-01027";"Presenza di sostanze inquinanti dovuta a cattiva gestione di impianti o strutture";"VERIFICA IN CORSO";"397433,0";"4993034,0";"2026-09-07T00:00:00.000Z";"ATTIVO";"7.6967502";"45.0833347";"OK"
"TORINO";"TORINO";"3101";"01-03101";"TO-01028";"Presenza di sostanze inquinanti dovuta a cattiva gestione di impianti o strutture; Sversamenti incidentali su suolo e acque";"VERIFICA IN CORSO";"390505,0";"4985761,0";"2026-09-07T00:00:00.000Z";"ATTIVO";"7.6103321";"45.0168452";"OK"
"TORINO";"MAPPANO";"3102";"01-03102";"TO-01029";"";"VERIFICA IN CORSO";"399591,0";"5001096,0";"2026-09-07T00:00:00.000Z";"ATTIVO";"7.7225454";"45.1561982";"OK"
"TORINO";"RIVA PRESSO CHIERI";"3115";"01-03115";"TO-01036";"";"BONIFICA E RIPRISTINO AMBIENTALE";"410665,0";"4982563,0";"2026-09-07T00:00:00.000Z";"ATTIVO";"7.8667069";"44.9908893";"OK"
"TORINO";"VAUDA CANAVESE";"3116";"01-03116";"TO-01037";"Presenza di sostanze inquinanti dovuta a cattiva gestione di impianti o strutture";"VERIFICA IN CORSO";"394404,0";"5012717,0";"2026-09-07T00:00:00.000Z";"ATTIVO";"7.6541070";"45.2600198";"OK"
"TORINO";"SETTIMO TORINESE";"3119";"01-03119";"TO-01038";"";"INTERVENTO NON NECESSARIO A SEGUITO ANALISI DI RISCHIO";"400636,0";"5001863,0";"2026-09-07T00:00:00.000Z";"CONCLUSO";"7.7356845";"45.1632487";"OK"
"TORINO";"TORINO";"3121";"01-03121";"TO-01039";"";"VERIFICA IN CORSO";"397360,0";"4992046,0";"2026-09-07T00:00:00.000Z";"ATTIVO";"7.6960252";"45.0744326";"OK"
"TORINO";"PECETTO TORINESE";"3124";"01-03124";"TO-01041";"";"VERIFICA IN CORSO";"403030,0";"4983703,0";"2026-09-07T00:00:00.000Z";"ATTIVO";"7.7696521";"45.0001471";"OK"
"TORINO";"SANTENA";"3159";"01-03159";"TO-01046";"";"VERIFICA IN CORSO";"403849,0";"4977286,0";"2026-09-07T00:00:00.000Z";"ATTIVO";"7.7812650";"44.9425060";"OK"
"TORINO";"TORINO";"3160";"01-03160";"TO-01047";"Presenza di sostanze inquinanti dovuta a cattiva gestione di impianti o strutture";"VERIFICA IN CORSO";"398943,0";"4993800,0";"2026-09-07T00:00:00.000Z";"ATTIVO";"7.7157774";"45.0904456";"OK"
"TORINO";"SALBERTRAND";"3167";"01-03167";"TO-01051";"";"VERIFICA IN CORSO";"333951,0";"4993082,0";"2026-09-07T00:00:00.000Z";"ATTIVO";"6.8905544";"45.0717179";"OK"
"TORINO";"COLLEGNO";"3171";"01-03171";"TO-01053";"";"VERIFICA IN CORSO";"387250,0";"4994073,0";"2026-09-07T00:00:00.000Z";"ATTIVO";"7.5671666";"45.0911350";"OK"
"TORINO";"IVREA";"3175";"01-03175";"TO-01054";"";"VERIFICA IN CORSO";"411987,0";"5033590,0";"2026-09-07T00:00:00.000Z";"ATTIVO";"7.8744486";"45.4502900";"OK"
"TORINO";"TORINO";"3177";"01-03177";"TO-01055";"Presenza di sostanze inquinanti dovuta a cattiva gestione di impianti o strutture";"VERIFICA IN CORSO";"392521,0";"4993033,0";"2026-09-07T00:00:00.000Z";"ATTIVO";"7.6343543";"45.0825965";"OK"
"TORINO";"ORBASSANO";"3178";"01-03178";"TO-01056";"";"VERIFICA IN CORSO";"386912,0";"4985966,0";"2026-09-07T00:00:00.000Z";"ATTIVO";"7.5646991";"45.0181261";"OK"
"TORINO";"GRUGLIASCO";"3180";"01-03180";"TO-01058";"";"VERIFICA IN CORSO";"391307,0";"4990384,0";"2026-09-07T00:00:00.000Z";"ATTIVO";"7.6195076";"45.0585721";"OK"
"TORINO";"COLLEGNO";"3181";"01-03181";"TO-01059";"";"VERIFICA IN CORSO";"389810,0";"4992455,0";"2026-09-07T00:00:00.000Z";"ATTIVO";"7.6000452";"45.0769780";"OK"
"TORINO";"TORINO";"3190";"01-03190";"TO-01067";"";"VERIFICA IN CORSO";"399764,0";"4991593,0";"2026-09-07T00:00:00.000Z";"ATTIVO";"7.7266494";"45.0707004";"OK"
"TORINO";"CIRIE'";"3199";"01-03199";"TO-01072";"Presenza di sostanze inquinanti dovuta a cattiva gestione di impianti o strutture";"VERIFICA IN CORSO";"390497,0";"5008368,0";"2026-09-07T00:00:00.000Z";"ATTIVO";"7.6052822";"45.2202861";"OK"
"TORINO";"TORINO";"3201";"01-03201";"TO-01073";"";"VERIFICA IN CORSO";"393713,0";"4993490,0";"2026-09-07T00:00:00.000Z";"ATTIVO";"7.6493989";"45.0868892";"OK"
"TORINO";"CAMBIANO";"3202";"01-03202";"TO-01074";"";"BONIFICA E RIPRISTINO AMBIENTALE";"402314,0";"4979746,0";"2026-09-07T00:00:00.000Z";"ATTIVO";"7.7613368";"44.9644365";"OK"
"TORINO";"RIVALTA DI TORINO";"3204";"01-03204";"TO-01076";"";"VERIFICA IN CORSO";"386750,0";"4988219,0";"2026-09-07T00:00:00.000Z";"ATTIVO";"7.5621361";"45.0383751";"OK"
"TORINO";"TORINO";"3205";"01-03205";"TO-01077";"";"VERIFICA IN CORSO";"396894,0";"4992595,0";"2026-09-07T00:00:00.000Z";"ATTIVO";"7.6899936";"45.0793056";"OK"
"TORINO";"TORINO";"3206";"01-03206";"TO-01078";"";"VERIFICA IN CORSO";"397245,0";"4992780,0";"2026-09-07T00:00:00.000Z";"ATTIVO";"7.6944141";"45.0810215";"OK"
"TORINO";"RIVOLI";"3207";"01-03207";"TO-01079";"";"VERIFICA IN CORSO";"383093,0";"4992757,0";"2026-09-07T00:00:00.000Z";"ATTIVO";"7.5146637";"45.0786178";"OK"
"TORINO";"CASTELLAMONTE";"3208";"01-03208";"TO-01080";"";"VERIFICA IN CORSO";"399990,0";"5026258,0";"2026-09-07T00:00:00.000Z";"ATTIVO";"7.7225502";"45.3826945";"OK"
"TORINO";"TORINO";"3214";"01-03214";"TO-01082";"";"VERIFICA IN CORSO";"392863,0";"4991879,0";"2026-09-07T00:00:00.000Z";"ATTIVO";"7.6389452";"45.0722632";"OK"
"TORINO";"PIOSSASCO";"3216";"01-03216";"TO-01083";"";"VERIFICA IN CORSO";"";"";"2026-09-07T00:00:00.000Z";"ATTIVO";"";"";"NULL"
"TORINO";"VOLVERA";"3219";"01-03219";"TO-01084";"Sversamenti incidentali su suolo e acque; Presenza di sostanze inquinanti dovuta a cattiva gestione di impianti o strutture";"VERIFICA IN CORSO";"382539,0";"4976941,0";"2026-09-07T00:00:00.000Z";"ATTIVO";"7.5113193";"44.9362000";"OK"
"TORINO";"AVIGLIANA";"3220";"01-03220";"TO-01085";"";"VERIFICA IN CORSO";"374421,0";"4993311,0";"2026-09-07T00:00:00.000Z";"ATTIVO";"7.4043861";"45.0821169";"OK"
"TORINO";"MONCALIERI";"3221";"01-03221";"TO-01086";"";"VERIFICA IN CORSO";"394547,0";"4985653,0";"2026-09-07T00:00:00.000Z";"ATTIVO";"7.6616400";"45.0164859";"OK"
"TORINO";"MONCALIERI";"3222";"01-03222";"TO-01087";"";"VERIFICA IN CORSO";"395516,0";"4982909,0";"2026-09-07T00:00:00.000Z";"ATTIVO";"7.6745044";"44.9919347";"OK"
"TORINO";"TORINO";"3223";"01-03223";"TO-01088";"";"VERIFICA IN CORSO";"393384,0";"4992378,0";"2026-09-07T00:00:00.000Z";"ATTIVO";"7.6454560";"45.0768325";"OK"
"TORINO";"ORBASSANO";"3225";"01-03225";"TO-01089";"";"VERIFICA IN CORSO";"";"";"2026-09-07T00:00:00.000Z";"ATTIVO";"";"";"NULL"
"TORINO";"TORINO";"3228";"01-03228";"TO-01091";"";"VERIFICA IN CORSO";"394283,0";"4993793,0";"2026-09-07T00:00:00.000Z";"ATTIVO";"7.6565761";"45.0897014";"OK"
"TORINO";"NICHELINO";"3229";"01-03229";"TO-01092";"";"VERIFICA IN CORSO";"393470,0";"4983519,0";"2026-09-07T00:00:00.000Z";"ATTIVO";"7.6484267";"44.9971202";"OK"
"TORINO";"TORINO";"3231";"01-03231";"TO-01093";"";"VERIFICA IN CORSO";"394236,0";"4994309,0";"2026-09-07T00:00:00.000Z";"ATTIVO";"7.6558700";"45.0943381";"OK"
"TORINO";"AVIGLIANA";"3232";"01-03232";"TO-01094";"";"VERIFICA IN CORSO";"374752,0";"4993812,0";"2026-09-07T00:00:00.000Z";"ATTIVO";"7.4084649";"45.0866838";"OK"
"TORINO";"TORINO";"3233";"01-03233";"TO-01095";"";"VERIFICA IN CORSO";"4508674,0";"7674772,0";"2026-09-07T00:00:00.000Z";"ATTIVO";"7.6747720";"45.0867400";"OK"
"TORINO";"TORINO";"3237";"01-03237";"TO-01096";"";"VERIFICA IN CORSO";"";"";"2026-09-07T00:00:00.000Z";"ATTIVO";"";"";"NULL"
"TORINO";"COLLEGNO";"3238";"01-03238";"TO-01097";"";"BONIFICA E RIPRISTINO AMBIENTALE";"388849,0";"4992128,0";"2026-09-07T00:00:00.000Z";"ATTIVO";"7.5879119";"45.0738850";"OK"
"TORINO";"TORINO";"3239";"01-03239";"TO-01098";"";"VERIFICA IN CORSO";"398405,0";"4995263,0";"2026-09-07T00:00:00.000Z";"ATTIVO";"7.7086456";"45.1035348";"OK"
"VERBANO-CUSIO-OSSOLA";"CANNOBIO";"376";"01-00376";"VB-00003";"Presenza di sostanze inquinanti dovuta a cattiva gestione di impianti o strutture";"BONIFICA E RIPRISTINO AMBIENTALE";"476385,0";"5101557,0";"2026-09-07T00:00:00.000Z";"CONCLUSO";"8.6946542";"46.0671799";"OK"
"VERBANO-CUSIO-OSSOLA";"PIEVE VERGONTE";"386";"01-00386";"VB-00004";"Presenza di sostanze inquinanti dovuta a cattiva gestione di impianti o strutture; Presenza di sostanze inquinanti dovuta a gestione scorretta dei rifiuti";"BONIFICA E RIPRISTINO AMBIENTALE; MESSA IN SICUREZZA OPERATIVA";"443858,0";"5095058,0";"2026-09-07T00:00:00.000Z";"ATTIVO";"8.2748644";"46.0067945";"OK"
"VERBANO-CUSIO-OSSOLA";"PIEVE VERGONTE";"416";"01-00416";"VB-00006";"Presenza di sostanze inquinanti dovuta a gestione scorretta dei rifiuti";"VERIFICA IN CORSO";"443516,0";"5096665,0";"2026-09-07T00:00:00.000Z";"ATTIVO";"8.2702573";"46.0212287";"OK"
"VERBANO-CUSIO-OSSOLA";"VILLADOSSOLA";"424";"01-00424";"VB-00007";"Presenza di sostanze inquinanti dovuta a gestione scorretta dei rifiuti; Presenza di sostanze inquinanti dovuta a cattiva gestione di impianti o strutture";"BONIFICA E RIPRISTINO AMBIENTALE; MESSA IN SICUREZZA PERMANENTE";"442745,0";"5100230,0";"2026-09-07T00:00:00.000Z";"CONCLUSO";"8.2598690";"46.0532480";"OK"
"VERBANO-CUSIO-OSSOLA";"MERGOZZO";"437";"01-00437";"VB-00008";"Presenza di sostanze inquinanti dovuta a gestione scorretta dei rifiuti";"VERIFICA IN CORSO";"456222,0";"5088409,0";"2026-09-07T00:00:00.000Z";"ATTIVO";"8.4351589";"45.9478555";"OK"
"VERBANO-CUSIO-OSSOLA";"BAVENO";"514";"01-00514";"VB-00009";"Incidenti a pipe line";"BONIFICA E RIPRISTINO AMBIENTALE";"457982,0";"5085984,0";"2026-09-07T00:00:00.000Z";"ATTIVO";"8.4580787";"45.9261404";"OK"
"VERBANO-CUSIO-OSSOLA";"CEPPO MORELLI";"539";"01-00539";"VB-00010";"Presenza di sostanze inquinanti dovuta a gestione scorretta dei rifiuti";"VERIFICA IN CORSO";"425768,0";"5090974,0";"2026-09-07T00:00:00.000Z";"ATTIVO";"8.0418757";"45.9683210";"OK"
"VERBANO-CUSIO-OSSOLA";"VERBANIA";"587";"01-00587";"VB-00012";"Eventi accidentali";"VERIFICA IN CORSO";"458242,0";"5086353,0";"2026-09-07T00:00:00.000Z";"ATTIVO";"8.4613997";"45.9294773";"OK"
"VERBANO-CUSIO-OSSOLA";"BAVENO";"746";"01-00746";"VB-00018";"Presenza di sostanze inquinanti dovuta a cattiva gestione di impianti o strutture";"VERIFICA IN CORSO";"459276,0";"5086246,0";"2026-09-07T00:00:00.000Z";"ATTIVO";"8.4747449";"45.9285763";"OK"
"VERBANO-CUSIO-OSSOLA";"CASALE CORTE CERRO";"779";"01-00779";"VB-00019";"Presenza di sostanze inquinanti dovuta a cattiva gestione di impianti o strutture";"VERIFICA IN CORSO";"454576,0";"5083707,0";"2026-09-07T00:00:00.000Z";"ATTIVO";"8.4143681";"45.9054306";"OK"
"VERBANO-CUSIO-OSSOLA";"VILLADOSSOLA";"1143";"01-01143";"VB-00026";"Incidenti a pipe line";"BONIFICA E RIPRISTINO AMBIENTALE";"442934,0";"5101123,0";"2026-09-07T00:00:00.000Z";"CONCLUSO";"8.2622050";"46.0613004";"OK"
"VERBANO-CUSIO-OSSOLA";"VERBANIA";"1191";"01-01191";"VB-00027";"Incidenti a pipe line";"BONIFICA E RIPRISTINO AMBIENTALE";"462739,0";"5087228,0";"2026-09-07T00:00:00.000Z";"CONCLUSO";"8.5193324";"45.9376110";"OK"
"VERBANO-CUSIO-OSSOLA";"DOMODOSSOLA";"1277";"01-01277";"VB-00032";"Eventi accidentali; Presenza di sostanze inquinanti dovuta a cattiva gestione di impianti o strutture";"BONIFICA E RIPRISTINO AMBIENTALE";"445729,0";"5104914,0";"2026-09-07T00:00:00.000Z";"ATTIVO";"8.2979055";"46.0956452";"OK"
"VERBANO-CUSIO-OSSOLA";"DOMODOSSOLA";"1295";"01-01295";"VB-00033";"Presenza di sostanze inquinanti dovuta a gestione scorretta dei rifiuti";"MESSA IN SICUREZZA PERMANENTE; BONIFICA E RIPRISTINO AMBIENTALE";"446030,0";"5107396,0";"2026-09-07T00:00:00.000Z";"ATTIVO";"8.3015172";"46.1180058";"OK"
"VERBANO-CUSIO-OSSOLA";"MACUGNAGA";"1403";"01-01403";"VB-00034";"Presenza di sostanze inquinanti dovuta a gestione scorretta dei rifiuti; Presenza di sostanze inquinanti dovuta a cattiva gestione di impianti o strutture";"VERIFICA IN CORSO";"420780,0";"5088138,0";"2026-09-07T00:00:00.000Z";"ATTIVO";"7.9779741";"45.9422420";"OK"
"VERBANO-CUSIO-OSSOLA";"MACUGNAGA";"1404";"01-01404";"VB-00035";"Presenza di sostanze inquinanti dovuta a cattiva gestione di impianti o strutture; Presenza di sostanze inquinanti dovuta a gestione scorretta dei rifiuti";"VERIFICA IN CORSO";"423834,0";"5090090,0";"2026-09-07T00:00:00.000Z";"ATTIVO";"8.0170576";"45.9601538";"OK"
"VERBANO-CUSIO-OSSOLA";"VALSTRONA";"1405";"01-01405";"VB-00036";"Presenza di sostanze inquinanti dovuta a gestione scorretta dei rifiuti";"VERIFICA IN CORSO";"441010,0";"5087399,0";"2026-09-07T00:00:00.000Z";"ATTIVO";"8.2390273";"45.9376273";"OK"
"VERBANO-CUSIO-OSSOLA";"CREVOLADOSSOLA";"1425";"01-01425";"VB-00039";"Incidenti a pipe line";"BONIFICA E RIPRISTINO AMBIENTALE";"445469,0";"5108938,0";"2026-09-07T00:00:00.000Z";"CONCLUSO";"8.2940800";"46.1318384";"OK"
"VERBANO-CUSIO-OSSOLA";"OMEGNA";"1476";"01-01476";"VB-00041";"Presenza di sostanze inquinanti dovuta a cattiva gestione di impianti o strutture; Presenza di sostanze inquinanti dovuta a gestione scorretta dei rifiuti";"BONIFICA E RIPRISTINO AMBIENTALE";"454433,0";"5080526,0";"2026-09-07T00:00:00.000Z";"CONCLUSO";"8.4128264";"45.8767920";"OK"
"VERBANO-CUSIO-OSSOLA";"FORMAZZA";"1479";"01-01479";"VB-00043";"Eventi accidentali";"INTERVENTO NON NECESSARIO A SEGUITO ANALISI DI RISCHIO";"455545,0";"5131918,0";"2026-09-07T00:00:00.000Z";"CONCLUSO";"8.4223434";"46.3393783";"OK"
"VERBANO-CUSIO-OSSOLA";"VILLADOSSOLA";"1496";"01-01496";"VB-00044";"Presenza di sostanze inquinanti dovuta a cattiva gestione di impianti o strutture; Eventi accidentali";"VERIFICA IN CORSO";"443942,0";"5100884,0";"2026-09-07T00:00:00.000Z";"ATTIVO";"8.2752643";"46.0592329";"OK"
"VERBANO-CUSIO-OSSOLA";"VOGOGNA";"1555";"01-01555";"VB-00048";"Presenza di sostanze inquinanti dovuta a cattiva gestione di impianti o strutture";"BONIFICA E RIPRISTINO AMBIENTALE; INTERVENTO NON NECESSARIO";"443719,0";"5098137,0";"2026-09-07T00:00:00.000Z";"CONCLUSO";"8.2727060";"46.0344928";"OK"
"VERBANO-CUSIO-OSSOLA";"VILLADOSSOLA";"1622";"01-01622";"VB-00051";"Eventi accidentali";"INTERVENTO NON NECESSARIO A SEGUITO ANALISI DI RISCHIO";"443764,0";"5102250,0";"2026-09-07T00:00:00.000Z";"CONCLUSO";"8.2728018";"46.0715116";"OK"
"VERBANO-CUSIO-OSSOLA";"MACUGNAGA";"1661";"01-01661";"VB-00052";"Presenza di sostanze inquinanti dovuta a cattiva gestione di impianti o strutture; Eventi accidentali";"MESSA IN SICUREZZA PERMANENTE; BONIFICA E RIPRISTINO AMBIENTALE";"423579,0";"5089880,0";"2026-09-07T00:00:00.000Z";"ATTIVO";"8.0138008";"45.9582357";"OK"
"VERBANO-CUSIO-OSSOLA";"STRESA";"1683";"01-01683";"VB-00053";"Eventi accidentali; Presenza di sostanze inquinanti dovuta a cattiva gestione di impianti o strutture";"VERIFICA IN CORSO";"464553,0";"5081172,0";"2026-09-07T00:00:00.000Z";"ATTIVO";"8.5431796";"45.8832018";"OK"
"VERBANO-CUSIO-OSSOLA";"VILLADOSSOLA";"1879";"01-01879";"VB-00059";"Eventi accidentali; Presenza di sostanze inquinanti dovuta a cattiva gestione di impianti o strutture";"VERIFICA IN CORSO";"443060,0";"5102117,0";"2026-09-07T00:00:00.000Z";"ATTIVO";"8.2637149";"46.0702564";"OK"
"VERBANO-CUSIO-OSSOLA";"CREVOLADOSSOLA";"1882";"01-01882";"VB-00061";"Presenza di sostanze inquinanti dovuta a cattiva gestione di impianti o strutture";"BONIFICA E RIPRISTINO AMBIENTALE";"445629,0";"5110226,0";"2026-09-07T00:00:00.000Z";"CONCLUSO";"8.2960034";"46.1434425";"OK"
"VERBANO-CUSIO-OSSOLA";"VILLADOSSOLA";"1893";"01-01893";"VB-00062";"Presenza di sostanze inquinanti dovuta a cattiva gestione di impianti o strutture";"INTERVENTO NON NECESSARIO A SEGUITO ANALISI DI RISCHIO";"442941,0";"5101864,0";"2026-09-07T00:00:00.000Z";"CONCLUSO";"8.2622066";"46.0679696";"OK"
"VERBANO-CUSIO-OSSOLA";"VERBANIA";"1915";"01-01915";"VB-00063";"Eventi accidentali; Presenza di sostanze inquinanti dovuta a cattiva gestione di impianti o strutture";"BONIFICA E RIPRISTINO AMBIENTALE";"466283,0";"5087788,0";"2026-09-07T00:00:00.000Z";"CONCLUSO";"8.5650093";"45.9428343";"OK"
"VERBANO-CUSIO-OSSOLA";"VERBANIA";"1946";"01-01946";"VB-00065";"Eventi accidentali; Presenza di sostanze inquinanti dovuta a cattiva gestione di impianti o strutture";"VERIFICA IN CORSO";"466953,0";"5087514,0";"2026-09-07T00:00:00.000Z";"ATTIVO";"8.5736717";"45.9404008";"OK"
"VERBANO-CUSIO-OSSOLA";"DOMODOSSOLA";"1975";"01-01975";"VB-00066";"Presenza di sostanze inquinanti dovuta a cattiva gestione di impianti o strutture; Eventi accidentali";"BONIFICA E RIPRISTINO AMBIENTALE";"445395,0";"5108746,0";"2026-09-07T00:00:00.000Z";"CONCLUSO";"8.2931442";"46.1301046";"OK"
"VERBANO-CUSIO-OSSOLA";"VERBANIA";"1980";"01-01980";"VB-00067";"Eventi accidentali";"BONIFICA E RIPRISTINO AMBIENTALE";"467104,0";"5087173,0";"2026-09-07T00:00:00.000Z";"CONCLUSO";"8.5756431";"45.9373390";"OK"
"VERBANO-CUSIO-OSSOLA";"CREVOLADOSSOLA";"1989";"01-01989";"VB-00068";"Sversamenti incidentali su suolo e acque";"BONIFICA E RIPRISTINO AMBIENTALE";"445830,0";"5110111,0";"2026-09-07T00:00:00.000Z";"CONCLUSO";"8.2986189";"46.1424235";"OK"
"VERBANO-CUSIO-OSSOLA";"VILLADOSSOLA";"2004";"01-02004";"VB-00069";"Eventi accidentali; Presenza di sostanze inquinanti dovuta a cattiva gestione di impianti o strutture";"BONIFICA E RIPRISTINO AMBIENTALE";"443673,0";"5101529,0";"2026-09-07T00:00:00.000Z";"CONCLUSO";"8.2717105";"46.0650155";"OK"
"VERBANO-CUSIO-OSSOLA";"GHIFFA";"2032";"01-02032";"VB-00071";"";"VERIFICA IN CORSO";"470744,0";"5089829,0";"2026-09-07T00:00:00.000Z";"ATTIVO";"8.6224356";"45.9614083";"OK"
"VERBANO-CUSIO-OSSOLA";"VERBANIA";"2059";"01-02059";"VB-00073";"Sversamenti incidentali su suolo e acque; Presenza di sostanze inquinanti dovuta a cattiva gestione di impianti o strutture";"BONIFICA E RIPRISTINO AMBIENTALE";"463780,0";"5089185,0";"2026-09-07T00:00:00.000Z";"ATTIVO";"8.5326129";"45.9552800";"OK"
"VERBANO-CUSIO-OSSOLA";"VERBANIA";"2064";"01-02064";"VB-00074";"Incidenti a pipe line";"INTERVENTO NON NECESSARIO A SEGUITO ANALISI DI RISCHIO";"457874,0";"5087296,0";"2026-09-07T00:00:00.000Z";"CONCLUSO";"8.4565705";"45.9379418";"OK"
"VERBANO-CUSIO-OSSOLA";"VERBANIA";"2075";"01-02075";"VB-00076";"Presenza di sostanze inquinanti dovuta a cattiva gestione di impianti o strutture";"INTERVENTO NON NECESSARIO A SEGUITO ANALISI DI RISCHIO";"466813,0";"5086474,0";"2026-09-07T00:00:00.000Z";"CONCLUSO";"8.5719377";"45.9310338";"OK"
"VERBANO-CUSIO-OSSOLA";"ANZOLA D'OSSOLA";"2084";"01-02084";"VB-00078";"";"INTERVENTO NON NECESSARIO A SEGUITO ANALISI DI RISCHIO";"448952,0";"5092850,0";"2026-09-07T00:00:00.000Z";"CONCLUSO";"8.3408904";"45.9873215";"OK"
"VERBANO-CUSIO-OSSOLA";"PIEVE VERGONTE";"2085";"01-02085";"VB-00079";"";"VERIFICA IN CORSO";"442894,0";"5096582,0";"2026-09-07T00:00:00.000Z";"ATTIVO";"8.2622320";"46.0204302";"OK"
"VERBANO-CUSIO-OSSOLA";"VERBANIA";"2125";"01-02125";"VB-00081";"";"VERIFICA IN CORSO";"465677,0";"5086693,0";"2026-09-07T00:00:00.000Z";"ATTIVO";"8.5572698";"45.9329491";"OK"
"VERBANO-CUSIO-OSSOLA";"VILLADOSSOLA";"2138";"01-02138";"VB-00083";"Presenza di sostanze inquinanti dovuta a cattiva gestione di impianti o strutture; Sversamenti incidentali su suolo e acque";"BONIFICA E RIPRISTINO AMBIENTALE";"443091,0";"5101878,0";"2026-09-07T00:00:00.000Z";"ATTIVO";"8.2641443";"46.0681081";"OK"
"VERBANO-CUSIO-OSSOLA";"DOMODOSSOLA";"2171";"01-02171";"VB-00084";"";"INTERVENTO NON NECESSARIO A SEGUITO ANALISI DI RISCHIO";"445641,0";"5107757,0";"2026-09-07T00:00:00.000Z";"CONCLUSO";"8.2964417";"46.1212238";"OK"
"VERBANO-CUSIO-OSSOLA";"CEPPO MORELLI";"2204";"01-02204";"VB-00085";"Presenza di sostanze inquinanti dovuta a gestione scorretta dei rifiuti";"VERIFICA IN CORSO";"425671,0";"5090813,0";"2026-09-07T00:00:00.000Z";"ATTIVO";"8.0406489";"45.9668616";"OK"
"VERBANO-CUSIO-OSSOLA";"ORNAVASSO";"2220";"01-02220";"VB-00086";"";"BONIFICA E RIPRISTINO AMBIENTALE";"454458,0";"5090956,0";"2026-09-07T00:00:00.000Z";"CONCLUSO";"8.4121579";"45.9706636";"OK"
"VERBANO-CUSIO-OSSOLA";"VOGOGNA";"2230";"01-02230";"VB-00087";"";"VERIFICA IN CORSO";"444246,0";"5096761,0";"2026-09-07T00:00:00.000Z";"ATTIVO";"8.2796765";"46.0221525";"OK"
"VERBANO-CUSIO-OSSOLA";"VIGNONE";"2296";"01-02296";"VB-00091";"";"VERIFICA IN CORSO";"466658,0";"5089146,0";"2026-09-07T00:00:00.000Z";"ATTIVO";"8.5697525";"45.9550748";"OK"
"VERBANO-CUSIO-OSSOLA";"PIEVE VERGONTE";"2324";"01-02324";"VB-00092";"";"VERIFICA IN CORSO";"443748,0";"5096180,0";"2026-09-07T00:00:00.000Z";"ATTIVO";"8.2733116";"46.0168830";"OK"
"VERBANO-CUSIO-OSSOLA";"VERBANIA";"2336";"01-02336";"VB-00094";"";"VERIFICA IN CORSO";"465640,0";"5086259,0";"2026-09-07T00:00:00.000Z";"ATTIVO";"8.5568236";"45.9290411";"OK"
"VERBANO-CUSIO-OSSOLA";"VILLADOSSOLA";"2372";"01-02372";"VB-00097";"";"BONIFICA E RIPRISTINO AMBIENTALE";"443230,0";"5100930,0";"2026-09-07T00:00:00.000Z";"CONCLUSO";"8.2660546";"46.0595881";"OK"
"VERBANO-CUSIO-OSSOLA";"VERBANIA";"2394";"01-02394";"VB-00099";"";"BONIFICA E RIPRISTINO AMBIENTALE";"461762,0";"5087614,0";"2026-09-07T00:00:00.000Z";"ATTIVO";"8.5066987";"45.9410314";"OK"
"VERCELLI";"CRESCENTINO";"1459";"01-01459";"VC-00067";"Presenza di sostanze inquinanti dovuta a cattiva gestione di impianti o strutture";"INTERVENTO NON NECESSARIO";"428758,0";"5004810,0";"2026-09-07T00:00:00.000Z";"ATTIVO";"8.0930362";"45.1931738";"OK"
"VERCELLI";"VERCELLI";"1460";"01-01460";"VC-00068";"Presenza di sostanze inquinanti dovuta a cattiva gestione di impianti o strutture";"VERIFICA IN CORSO";"454390,0";"5020139,0";"2026-09-07T00:00:00.000Z";"ATTIVO";"8.4179208";"45.3332760";"OK"
"VERCELLI";"VERCELLI";"1480";"01-01480";"VC-00070";"Presenza di sostanze inquinanti dovuta a cattiva gestione di impianti o strutture";"INTERVENTO NON NECESSARIO A SEGUITO ANALISI DI RISCHIO";"453062,0";"5017525,0";"2026-09-07T00:00:00.000Z";"CONCLUSO";"8.4012215";"45.3096600";"OK"
"VERCELLI";"VERCELLI";"1498";"01-01498";"VC-00078";"Presenza di sostanze inquinanti dovuta a cattiva gestione di impianti o strutture";"INTERVENTO NON NECESSARIO A SEGUITO ANALISI DI RISCHIO";"453645,0";"5019188,0";"2026-09-07T00:00:00.000Z";"CONCLUSO";"8.4085026";"45.3246673";"OK"
"VERCELLI";"VILLARBOIT";"1508";"01-01508";"VC-00079";"Presenza di sostanze inquinanti dovuta a cattiva gestione di impianti o strutture; Presenza di sostanze inquinanti dovuta a gestione scorretta dei rifiuti";"VERIFICA IN CORSO";"448824,0";"5033816,0";"2026-09-07T00:00:00.000Z";"ATTIVO";"8.3454718";"45.4559947";"OK"
"VERCELLI";"ROASIO";"1665";"01-01665";"VC-00081";"Presenza di sostanze inquinanti dovuta a gestione scorretta dei rifiuti; Presenza di sostanze inquinanti dovuta a cattiva gestione di impianti o strutture";"MESSA IN SICUREZZA PERMANENTE";"446919,0";"5048971,0";"2026-09-07T00:00:00.000Z";"ATTIVO";"8.3194663";"45.5922545";"OK"
"VERCELLI";"BORGOSESIA";"1680";"01-01680";"VC-00082";"Presenza di sostanze inquinanti dovuta a gestione scorretta dei rifiuti";"VERIFICA IN CORSO";"442773,0";"5062202,0";"2026-09-07T00:00:00.000Z";"ATTIVO";"8.2647595";"45.7110066";"OK"
"VERCELLI";"BORGO VERCELLI";"1710";"01-01710";"VC-00087";"Presenza di sostanze inquinanti dovuta a cattiva gestione di impianti o strutture";"BONIFICA E RIPRISTINO AMBIENTALE";"457306,0";"5021821,0";"2026-09-07T00:00:00.000Z";"ATTIVO";"8.4549881";"45.3485992";"OK"
"VERCELLI";"VERCELLI";"1751";"01-01751";"VC-00090";"Eventi accidentali; Presenza di sostanze inquinanti dovuta a cattiva gestione di impianti o strutture";"MESSA IN SICUREZZA OPERATIVA";"452821,0";"5021588,0";"2026-09-07T00:00:00.000Z";"ATTIVO";"8.3977599";"45.3462145";"OK"
"VERCELLI";"ALICE CASTELLO";"1860";"01-01860";"VC-00094";"";"BONIFICA E RIPRISTINO AMBIENTALE";"430996,0";"5024797,0";"2026-09-07T00:00:00.000Z";"CONCLUSO";"8.1187433";"45.3732878";"OK"
"VERCELLI";"VERCELLI";"1937";"01-01937";"VC-00095";"Sversamenti incidentali su suolo e acque; Presenza di sostanze inquinanti dovuta a cattiva gestione di impianti o strutture";"VERIFICA IN CORSO";"454209,0";"5018102,0";"2026-09-07T00:00:00.000Z";"ATTIVO";"8.4157995";"45.3149293";"OK"
"VERCELLI";"CRESCENTINO";"1939";"01-01939";"VC-00096";"Presenza di sostanze inquinanti dovuta a cattiva gestione di impianti o strutture";"BONIFICA E RIPRISTINO AMBIENTALE";"425876,0";"5005690,0";"2026-09-07T00:00:00.000Z";"CONCLUSO";"8.0562202";"45.2007970";"OK"
"VERCELLI";"PRAROLO";"1958";"01-01958";"VC-00098";"Eventi accidentali";"INTERVENTO NON NECESSARIO A SEGUITO ANALISI DI RISCHIO";"458639,0";"5014866,0";"2026-09-07T00:00:00.000Z";"CONCLUSO";"8.4725849";"45.2860769";"OK"
"VERCELLI";"CRESCENTINO";"2026";"01-02026";"VC-00104";"Presenza di sostanze inquinanti dovuta a cattiva gestione di impianti o strutture; Eventi accidentali";"MESSA IN SICUREZZA PERMANENTE";"425476,0";"5005230,0";"2026-09-07T00:00:00.000Z";"CONCLUSO";"8.0511967";"45.1966146";"OK"
"VERCELLI";"GATTINARA";"2033";"01-02033";"VC-00107";"";"VERIFICA IN CORSO";"450512,0";"5050844,0";"2026-09-07T00:00:00.000Z";"ATTIVO";"8.3653379";"45.6093774";"OK"
"VERCELLI";"LENTA";"2040";"01-02040";"VC-00109";"Eventi accidentali; Presenza di sostanze inquinanti dovuta a cattiva gestione di impianti o strutture";"VERIFICA IN CORSO";"449209,0";"5044309,0";"2026-09-07T00:00:00.000Z";"ATTIVO";"8.3493084";"45.5504656";"OK"
"VERCELLI";"VERCELLI";"2041";"01-02041";"VC-00110";"Eventi accidentali; Presenza di sostanze inquinanti dovuta a cattiva gestione di impianti o strutture";"BONIFICA E RIPRISTINO AMBIENTALE";"456717,0";"5020006,0";"2026-09-07T00:00:00.000Z";"CONCLUSO";"8.4476284";"45.3322263";"OK"
"VERCELLI";"ROASIO";"2074";"01-02074";"VC-00111";"Sversamenti incidentali su suolo e acque";"BONIFICA E RIPRISTINO AMBIENTALE";"443364,0";"5049050,0";"2026-09-07T00:00:00.000Z";"CONCLUSO";"8.2738832";"45.5926850";"OK"
"VERCELLI";"FORMIGLIANA";"2103";"01-02103";"VC-00125";"Eventi accidentali; Presenza di sostanze inquinanti dovuta a cattiva gestione di impianti o strutture";"BONIFICA E RIPRISTINO AMBIENTALE";"443698,0";"5031241,0";"2026-09-07T00:00:00.000Z";"ATTIVO";"8.2802113";"45.4324239";"OK"
"VERCELLI";"SANTHIA'";"2104";"01-02104";"VC-00126";"Eventi accidentali; Presenza di sostanze inquinanti dovuta a cattiva gestione di impianti o strutture";"VERIFICA IN CORSO";"434265,0";"5024388,0";"2026-09-07T00:00:00.000Z";"CONCLUSO";"8.1605419";"45.3699212";"OK"
"VERCELLI";"PALAZZOLO VERCELLESE";"2107";"01-02107";"VC-00128";"";"INTERVENTO NON NECESSARIO A SEGUITO ANALISI DI RISCHIO";"439602,0";"5003857,0";"2026-09-07T00:00:00.000Z";"CONCLUSO";"8.2311903";"45.1856089";"OK"
"VERCELLI";"VERCELLI";"2140";"01-02140";"VC-00129";"Eventi accidentali";"VERIFICA IN CORSO";"454403,0";"5017798,0";"2026-09-07T00:00:00.000Z";"ATTIVO";"8.4183024";"45.3122056";"OK"
"VERCELLI";"CARISIO";"2175";"01-02175";"VC-00132";"";"VERIFICA IN CORSO";"439362,0";"5031859,0";"2026-09-07T00:00:00.000Z";"ATTIVO";"8.2247068";"45.4376234";"OK"
"VERCELLI";"VERCELLI";"2177";"01-02177";"VC-00133";"Presenza di sostanze inquinanti dovuta a gestione scorretta dei rifiuti";"VERIFICA IN CORSO";"454469,0";"5020177,0";"2026-09-07T00:00:00.000Z";"ATTIVO";"8.4189254";"45.3336232";"OK"
"VERCELLI";"VERCELLI";"2200";"01-02200";"VC-00135";"Presenza di sostanze inquinanti dovuta a cattiva gestione di impianti o strutture; Eventi accidentali";"INTERVENTO NON NECESSARIO A SEGUITO ANALISI DI RISCHIO";"456852,0";"5019429,0";"2026-09-07T00:00:00.000Z";"CONCLUSO";"8.4494015";"45.3270411";"OK"
"VERCELLI";"VERCELLI";"2242";"01-02242";"VC-00138";"";"VERIFICA IN CORSO";"455711,0";"5019602,0";"2026-09-07T00:00:00.000Z";"ATTIVO";"8.4348268";"45.3285271";"OK"
"VERCELLI";"VERCELLI";"2260";"01-02260";"VC-00141";"Presenza di sostanze inquinanti dovuta a cattiva gestione di impianti o strutture; Sversamenti incidentali su suolo e acque";"VERIFICA IN CORSO";"454270,0";"5019955,0";"2026-09-07T00:00:00.000Z";"ATTIVO";"8.4164064";"45.3316120";"OK"
"VERCELLI";"VERCELLI";"2266";"01-02266";"VC-00143";"";"INTERVENTO NON NECESSARIO A SEGUITO ANALISI DI RISCHIO";"452889,0";"5019950,0";"2026-09-07T00:00:00.000Z";"CONCLUSO";"8.3987839";"45.3314756";"OK"
"VERCELLI";"BORGOSESIA";"2292";"01-02292";"VC-00145";"Presenza di sostanze inquinanti dovuta a cattiva gestione di impianti o strutture";"VERIFICA IN CORSO";"443893,0";"5060784,0";"2026-09-07T00:00:00.000Z";"ATTIVO";"8.2793119";"45.6983361";"OK"
"VERCELLI";"CARISIO";"2320";"01-02320";"VC-00146";"Presenza di sostanze inquinanti dovuta a gestione scorretta dei rifiuti";"VERIFICA IN CORSO";"438481,0";"5030591,0";"2026-09-07T00:00:00.000Z";"ATTIVO";"8.2136022";"45.4261339";"OK"
"VERCELLI";"BORGOSESIA";"2338";"01-02338";"VC-00148";"";"VERIFICA IN CORSO";"444040,0";"5060888,0";"2026-09-07T00:00:00.000Z";"ATTIVO";"8.2811879";"45.6992840";"OK"
"VERCELLI";"CRESCENTINO";"2373";"01-02373";"VC-00149";"";"INTERVENTO NON NECESSARIO A SEGUITO ANALISI DI RISCHIO";"429832,0";"5005523,0";"2026-09-07T00:00:00.000Z";"CONCLUSO";"8.1066069";"45.1996990";"OK"
"VERCELLI";"TRINO";"2461";"01-02461";"VC-00154";"";"BONIFICA E RIPRISTINO AMBIENTALE";"443076,0";"5003633,0";"2026-09-07T00:00:00.000Z";"CONCLUSO";"8.2754330";"45.1838818";"OK"
"VERCELLI";"TRINO";"2508";"01-02508";"VC-00158";"Incidenti a pipe line";"VERIFICA IN CORSO";"447568,0";"5003074,0";"2026-09-07T00:00:00.000Z";"ATTIVO";"8.3326649";"45.1791986";"OK"
"VERCELLI";"VERCELLI";"2545";"01-02545";"VC-00159";"Presenza di sostanze inquinanti dovuta a cattiva gestione di impianti o strutture; Sversamenti incidentali su suolo e acque";"VERIFICA IN CORSO";"454201,0";"5019938,0";"2026-09-07T00:00:00.000Z";"ATTIVO";"8.4155275";"45.3314545";"OK"
"VERCELLI";"VILLARBOIT";"2548";"01-02548";"VC-00160";"Presenza di sostanze inquinanti dovuta a cattiva gestione di impianti o strutture; Eventi accidentali";"INTERVENTO NON NECESSARIO A SEGUITO ANALISI DI RISCHIO";"448860,0";"5033829,0";"2026-09-07T00:00:00.000Z";"CONCLUSO";"8.3459308";"45.4561144";"OK"
"VERCELLI";"VERCELLI";"2551";"01-02551";"VC-00163";"Presenza di sostanze inquinanti dovuta a cattiva gestione di impianti o strutture";"VERIFICA IN CORSO";"453970,0";"5016226,0";"2026-09-07T00:00:00.000Z";"ATTIVO";"8.4129248";"45.2980278";"OK"
"VERCELLI";"SALUGGIA";"2571";"01-02571";"VC-00164";"";"INTERVENTO NON NECESSARIO A SEGUITO ANALISI DI RISCHIO";"423923,0";"5007440,0";"2026-09-07T00:00:00.000Z";"CONCLUSO";"8.0310898";"45.2163393";"OK"
"VERCELLI";"VERCELLI";"2581";"01-02581";"VC-00165";"";"BONIFICA E RIPRISTINO AMBIENTALE";"454195,0";"5019627,0";"2026-09-07T00:00:00.000Z";"CONCLUSO";"8.4154797";"45.3286548";"OK"
"VERCELLI";"VERCELLI";"2585";"01-02585";"VC-00168";"";"VERIFICA IN CORSO";"455638,0";"5019997,0";"2026-09-07T00:00:00.000Z";"ATTIVO";"8.4338598";"45.3320779";"OK"
"VERCELLI";"VERCELLI";"2614";"01-02614";"VC-00169";"";"VERIFICA IN CORSO";"455306,0";"5019989,0";"2026-09-07T00:00:00.000Z";"ATTIVO";"8.4296238";"45.3319848";"OK"
"VERCELLI";"VERCELLI";"2666";"01-02666";"VC-00171";"";"INTERVENTO NON NECESSARIO";"455701,0";"5019080,0";"2026-09-07T00:00:00.000Z";"ATTIVO";"8.4347459";"45.3238280";"OK"
"VERCELLI";"SERRAVALLE SESIA";"2680";"01-02680";"VC-00174";"Sversamenti incidentali su suolo e acque";"BONIFICA E RIPRISTINO AMBIENTALE";"448804,0";"5055669,0";"2026-09-07T00:00:00.000Z";"CONCLUSO";"8.3429278";"45.6526803";"OK"
"VERBANO-CUSIO-OSSOLA";"VERBANIA";"2509";"01-02509";"VB-00105";"Presenza di sostanze inquinanti dovuta a cattiva gestione di impianti o strutture";"VERIFICA IN CORSO";"466651,0";"5086564,0";"2026-09-07T00:00:00.000Z";"ATTIVO";"8.5698420";"45.9318360";"OK"
"VERBANO-CUSIO-OSSOLA";"CEPPO MORELLI";"2665";"01-02665";"VB-00109";"";"BONIFICA E RIPRISTINO AMBIENTALE";"427282,0";"5091214,0";"2026-09-07T00:00:00.000Z";"CONCLUSO";"8.0613779";"45.9706429";"OK"
"VERBANO-CUSIO-OSSOLA";"OGGEBBIO";"2683";"01-02683";"VB-00111";"";"VERIFICA IN CORSO";"473523,0";"5094506,0";"2026-09-07T00:00:00.000Z";"ATTIVO";"8.6580403";"46.0036151";"OK"
"VERBANO-CUSIO-OSSOLA";"BEURA-CARDEZZA";"2713";"01-02713";"VB-00114";"";"VERIFICA IN CORSO";"445765,0";"5102149,0";"2026-09-07T00:00:00.000Z";"ATTIVO";"8.2986866";"46.0707643";"OK"
"VERBANO-CUSIO-OSSOLA";"MERGOZZO";"2716";"01-02716";"VB-00115";"Presenza di sostanze inquinanti dovuta a cattiva gestione di impianti o strutture";"BONIFICA E RIPRISTINO AMBIENTALE";"457054,0";"5089462,0";"2026-09-07T00:00:00.000Z";"CONCLUSO";"8.4457987";"45.9573851";"OK"
"VERBANO-CUSIO-OSSOLA";"PALLANZENO";"2746";"01-02746";"VB-00123";"";"VERIFICA IN CORSO";"442837,0";"5099039,0";"2026-09-07T00:00:00.000Z";"ATTIVO";"8.2612011";"46.0425373";"OK"
"VERBANO-CUSIO-OSSOLA";"VERBANIA";"2822";"01-02822";"VB-00126";"Presenza di sostanze inquinanti dovuta a cattiva gestione di impianti o strutture";"BONIFICA E RIPRISTINO AMBIENTALE";"466680,0";"5087295,0";"2026-09-07T00:00:00.000Z";"CONCLUSO";"8.5701652";"45.9384166";"OK"
"VERBANO-CUSIO-OSSOLA";"VILLADOSSOLA";"2823";"01-02823";"VB-00127";"Eventi accidentali";"BONIFICA E RIPRISTINO AMBIENTALE";"443225,0";"5101394,0";"2026-09-07T00:00:00.000Z";"CONCLUSO";"8.2659346";"46.0637635";"OK"
"VERBANO-CUSIO-OSSOLA";"CANNERO RIVIERA";"2858";"01-02858";"VB-00130";"Eventi accidentali; Presenza di sostanze inquinanti dovuta a cattiva gestione di impianti o strutture";"BONIFICA E RIPRISTINO AMBIENTALE";"476516,0";"5096800,0";"2026-09-07T00:00:00.000Z";"CONCLUSO";"8.6965825";"46.0243707";"OK"
"VERBANO-CUSIO-OSSOLA";"BROVELLO-CARPUGNINO";"2867";"01-02867";"VB-00131";"";"VERIFICA IN CORSO";"";"";"2026-09-07T00:00:00.000Z";"ATTIVO";"";"";"NULL"
"VERBANO-CUSIO-OSSOLA";"VARZO";"2904";"01-02904";"VB-00133";"Presenza di sostanze inquinanti dovuta a cattiva gestione di impianti o strutture";"BONIFICA E RIPRISTINO AMBIENTALE";"437558,0";"5122201,0";"2026-09-07T00:00:00.000Z";"ATTIVO";"8.1899277";"46.2505158";"OK"
"VERBANO-CUSIO-OSSOLA";"VOGOGNA";"2970";"01-02970";"VB-00137";"";"VERIFICA IN CORSO";"445976,0";"5094722,0";"2026-09-07T00:00:00.000Z";"ATTIVO";"8.3022567";"46.0039409";"OK"
"VERBANO-CUSIO-OSSOLA";"PIEVE VERGONTE";"3020";"01-03020";"VB-00139";"Presenza di sostanze inquinanti dovuta a cattiva gestione di impianti o strutture";"VERIFICA IN CORSO";"";"";"2026-09-07T00:00:00.000Z";"ATTIVO";"";"";"NULL"
"VERBANO-CUSIO-OSSOLA";"BELGIRATE";"3021";"01-03021";"VB-00140";"";"VERIFICA IN CORSO";"";"";"2026-09-07T00:00:00.000Z";"ATTIVO";"";"";"NULL"
"VERBANO-CUSIO-OSSOLA";"PREMOSELLO-CHIOVENDA";"3050";"01-03050";"VB-00142";"";"VERIFICA IN CORSO";"452644,0";"5094038,0";"2026-09-07T00:00:00.000Z";"ATTIVO";"8.3884393";"45.9982783";"OK"
"VERBANO-CUSIO-OSSOLA";"GRAVELLONA TOCE";"3052";"01-03052";"VB-00143";"Presenza di sostanze inquinanti dovuta a gestione scorretta dei rifiuti";"VERIFICA IN CORSO";"";"";"2026-09-07T00:00:00.000Z";"ATTIVO";"";"";"NULL"
"VERBANO-CUSIO-OSSOLA";"CANNOBIO";"3063";"01-03063";"VB-00144";"";"BONIFICA E RIPRISTINO AMBIENTALE";"";"";"2026-09-07T00:00:00.000Z";"CONCLUSO";"";"";"NULL"
"VERBANO-CUSIO-OSSOLA";"ORNAVASSO";"3066";"01-03066";"VB-00147";"";"VERIFICA IN CORSO";"454661,0";"5094263,0";"2026-09-07T00:00:00.000Z";"ATTIVO";"8.4144643";"46.0004397";"OK"
"VERBANO-CUSIO-OSSOLA";"MERGOZZO";"3081";"01-03081";"VB-00148";"";"VERIFICA IN CORSO";"";"";"2026-09-07T00:00:00.000Z";"ATTIVO";"";"";"NULL"
"VERBANO-CUSIO-OSSOLA";"CANNERO RIVIERA";"3103";"01-03103";"VB-00149";"Presenza di sostanze inquinanti dovuta a cattiva gestione di impianti o strutture";"VERIFICA IN CORSO";"";"";"2026-09-07T00:00:00.000Z";"ATTIVO";"";"";"NULL"
"VERBANO-CUSIO-OSSOLA";"PIEVE VERGONTE";"3105";"01-03105";"VB-00151";"Eventi accidentali";"VERIFICA IN CORSO";"";"";"2026-09-07T00:00:00.000Z";"ATTIVO";"";"";"NULL"
"VERBANO-CUSIO-OSSOLA";"CRODO";"3110";"01-03110";"VB-00152";"Sversamenti incidentali su suolo e acque";"VERIFICA IN CORSO";"";"";"2026-09-07T00:00:00.000Z";"ATTIVO";"";"";"NULL"
"VERBANO-CUSIO-OSSOLA";"GRAVELLONA TOCE";"3154";"01-03154";"VB-00153";"";"VERIFICA IN CORSO";"";"";"2026-09-07T00:00:00.000Z";"ATTIVO";"";"";"NULL"
"VERBANO-CUSIO-OSSOLA";"STRESA";"3174";"01-03174";"VB-00154";"";"VERIFICA IN CORSO";"";"";"2026-09-07T00:00:00.000Z";"ATTIVO";"";"";"NULL"
"VERBANO-CUSIO-OSSOLA";"BACENO";"3182";"01-03182";"VB-00155";"";"VERIFICA IN CORSO";"447577,0";"5123325,0";"2026-09-07T00:00:00.000Z";"ATTIVO";"8.3197709";"46.2614780";"OK"
"VERBANO-CUSIO-OSSOLA";"VOGOGNA";"3213";"01-03213";"VB-00159";"";"VERIFICA IN CORSO";"445986,0";"5094717,0";"2026-09-07T00:00:00.000Z";"ATTIVO";"8.3023864";"46.0038967";"OK"
"VERBANO-CUSIO-OSSOLA";"VERBANIA";"3227";"01-03227";"VB-00160";"";"VERIFICA IN CORSO";"";"";"2026-09-07T00:00:00.000Z";"ATTIVO";"";"";"NULL"
"VERBANO-CUSIO-OSSOLA";"OMEGNA";"3230";"01-03230";"VB-00161";"";"VERIFICA IN CORSO";"";"";"2026-09-07T00:00:00.000Z";"ATTIVO";"";"";"NULL"
"VERCELLI";"ARBORIO";"18";"01-00018";"VC-00001";"Presenza di sostanze inquinanti dovuta a gestione scorretta dei rifiuti";"VERIFICA IN CORSO";"449351,0";"5038428,0";"2026-09-07T00:00:00.000Z";"ATTIVO";"8.3517357";"45.4975439";"OK"
"VERCELLI";"SANTHIA'";"20";"01-00020";"VC-00002";"Presenza di sostanze inquinanti dovuta a gestione scorretta dei rifiuti";"MESSA IN SICUREZZA PERMANENTE";"433490,0";"5027834,0";"2026-09-07T00:00:00.000Z";"ATTIVO";"8.1501813";"45.4008631";"OK"
"VERCELLI";"VERCELLI";"138";"01-00138";"VC-00003";"Presenza di sostanze inquinanti dovuta a gestione scorretta dei rifiuti";"BONIFICA E RIPRISTINO AMBIENTALE; MESSA IN SICUREZZA PERMANENTE";"455800,0";"5019712,0";"2026-09-07T00:00:00.000Z";"ATTIVO";"8.4359526";"45.3295229";"OK"
"VERCELLI";"SALUGGIA";"144";"01-00144";"VC-00004";"Presenza di sostanze inquinanti dovuta a gestione scorretta dei rifiuti";"BONIFICA E RIPRISTINO AMBIENTALE";"421998,0";"5008243,0";"2026-09-07T00:00:00.000Z";"CONCLUSO";"8.0064510";"45.2233559";"OK"
"VERCELLI";"BORGOSESIA";"145";"01-00145";"VC-00005";"Presenza di sostanze inquinanti dovuta a cattiva gestione di impianti o strutture";"VERIFICA IN CORSO";"443989,0";"5062600,0";"2026-09-07T00:00:00.000Z";"ATTIVO";"8.2803352";"45.7146881";"OK"
"VERCELLI";"VERCELLI";"274";"01-00274";"VC-00006";"Presenza di sostanze inquinanti dovuta a gestione scorretta dei rifiuti";"MESSA IN SICUREZZA PERMANENTE";"456803,0";"5019233,0";"2026-09-07T00:00:00.000Z";"CONCLUSO";"8.4487934";"45.3252739";"OK"
"VERCELLI";"CRESCENTINO";"322";"01-00322";"VC-00007";"Presenza di sostanze inquinanti dovuta a gestione scorretta dei rifiuti";"MESSA IN SICUREZZA PERMANENTE";"428131,0";"5004939,0";"2026-09-07T00:00:00.000Z";"CONCLUSO";"8.0850364";"45.1942712";"OK"
"VERCELLI";"SALUGGIA";"324";"01-00324";"VC-00008";"Presenza di sostanze inquinanti dovuta a gestione scorretta dei rifiuti";"BONIFICA E RIPRISTINO AMBIENTALE CON MISURE DI SICUREZZA";"425745,0";"5010279,0";"2026-09-07T00:00:00.000Z";"CONCLUSO";"8.0538676";"45.2420858";"OK"
"VERCELLI";"CARISIO";"325";"01-00325";"VC-00009";"Presenza di sostanze inquinanti dovuta a gestione scorretta dei rifiuti";"BONIFICA E RIPRISTINO AMBIENTALE";"438682,0";"5031785,0";"2026-09-07T00:00:00.000Z";"CONCLUSO";"8.2160226";"45.4368981";"OK"
"VERCELLI";"SANTHIA'";"326";"01-00326";"VC-00010";"Presenza di sostanze inquinanti dovuta a gestione scorretta dei rifiuti";"BONIFICA E RIPRISTINO AMBIENTALE";"434790,0";"5028498,0";"2026-09-07T00:00:00.000Z";"CONCLUSO";"8.1667022";"45.4069617";"OK"
"VERCELLI";"BORGOSESIA";"372";"01-00372";"VC-00011";"Presenza di sostanze inquinanti dovuta a gestione scorretta dei rifiuti";"BONIFICA E RIPRISTINO AMBIENTALE";"443914,0";"5060883,0";"2026-09-07T00:00:00.000Z";"CONCLUSO";"8.2795702";"45.6992288";"OK"
"VERCELLI";"ALBANO VERCELLESE";"428";"01-00428";"VC-00012";"Presenza di sostanze inquinanti dovuta a gestione scorretta dei rifiuti";"BONIFICA E RIPRISTINO AMBIENTALE";"451479,0";"5030897,0";"2026-09-07T00:00:00.000Z";"CONCLUSO";"8.3797145";"45.4299112";"OK"
"VERCELLI";"CARISIO";"623";"01-00623";"VC-00013";"Presenza di sostanze inquinanti dovuta a gestione scorretta dei rifiuti";"MESSA IN SICUREZZA PERMANENTE";"439571,0";"5031332,0";"2026-09-07T00:00:00.000Z";"ATTIVO";"8.2274434";"45.4328983";"OK"
"VERCELLI";"LIVORNO FERRARIS";"657";"01-00657";"VC-00015";"Presenza di sostanze inquinanti dovuta a gestione scorretta dei rifiuti";"BONIFICA E RIPRISTINO AMBIENTALE";"427156,0";"5015520,0";"2026-09-07T00:00:00.000Z";"ATTIVO";"8.0710746";"45.2894040";"OK"
"VERCELLI";"CARISIO";"689";"01-00689";"VC-00016";"Presenza di sostanze inquinanti dovuta a cattiva gestione di impianti o strutture";"BONIFICA E RIPRISTINO AMBIENTALE";"439926,0";"5032848,0";"2026-09-07T00:00:00.000Z";"ATTIVO";"8.2317964";"45.4465736";"OK"
"VERCELLI";"VERCELLI";"728";"01-00728";"VC-00017";"Presenza di sostanze inquinanti dovuta a gestione scorretta dei rifiuti";"MESSA IN SICUREZZA PERMANENTE";"454549,0";"5016490,0";"2026-09-07T00:00:00.000Z";"ATTIVO";"8.4202849";"45.3004418";"OK"
"VERCELLI";"TRINO";"736";"01-00736";"VC-00018";"Presenza di sostanze inquinanti dovuta a gestione scorretta dei rifiuti";"BONIFICA E RIPRISTINO AMBIENTALE";"445522,0";"5003904,0";"2026-09-07T00:00:00.000Z";"ATTIVO";"8.3065354";"45.1865143";"OK"
"VERCELLI";"VERCELLI";"761";"01-00761";"VC-00020";"Presenza di sostanze inquinanti dovuta a cattiva gestione di impianti o strutture";"BONIFICA E RIPRISTINO AMBIENTALE";"453579,0";"5020352,0";"2026-09-07T00:00:00.000Z";"CONCLUSO";"8.4075513";"45.3351400";"OK"
"VERCELLI";"VERCELLI";"776";"01-00776";"VC-00021";"Presenza di sostanze inquinanti dovuta a gestione scorretta dei rifiuti";"BONIFICA E RIPRISTINO AMBIENTALE";"457806,0";"5019394,0";"2026-09-07T00:00:00.000Z";"CONCLUSO";"8.4615776";"45.3267841";"OK"
"VERCELLI";"TRINO";"790";"01-00790";"VC-00022";"Presenza di sostanze inquinanti dovuta a gestione scorretta dei rifiuti";"BONIFICA E RIPRISTINO AMBIENTALE";"444279,0";"5003370,0";"2026-09-07T00:00:00.000Z";"ATTIVO";"8.2907738";"45.1816107";"OK"
"VERCELLI";"GREGGIO";"791";"01-00791";"VC-00023";"Presenza di sostanze inquinanti dovuta a gestione scorretta dei rifiuti";"BONIFICA E RIPRISTINO AMBIENTALE";"452491,0";"5034766,0";"2026-09-07T00:00:00.000Z";"CONCLUSO";"8.3922772";"45.4648045";"OK"
"VERCELLI";"SERRAVALLE SESIA";"835";"01-00835";"VC-00024";"Presenza di sostanze inquinanti dovuta a cattiva gestione di impianti o strutture";"BONIFICA E RIPRISTINO AMBIENTALE";"444467,0";"5060676,0";"2026-09-07T00:00:00.000Z";"ATTIVO";"8.2866966";"45.6974104";"OK"
"VERCELLI";"SANTHIA'";"856";"01-00856";"VC-00025";"Presenza di sostanze inquinanti dovuta a gestione scorretta dei rifiuti";"VERIFICA IN CORSO";"434138,0";"5027994,0";"2026-09-07T00:00:00.000Z";"ATTIVO";"8.1584387";"45.4023645";"OK"
"VERCELLI";"QUARONA";"857";"01-00857";"VC-00026";"Presenza di sostanze inquinanti dovuta a cattiva gestione di impianti o strutture";"VERIFICA IN CORSO";"443325,0";"5067526,0";"2026-09-07T00:00:00.000Z";"ATTIVO";"8.2712279";"45.7589682";"OK"
"VERCELLI";"VILLARBOIT";"1019";"01-01019";"VC-00027";"Presenza di sostanze inquinanti dovuta a cattiva gestione di impianti o strutture";"BONIFICA E RIPRISTINO AMBIENTALE";"448887,0";"5033874,0";"2026-09-07T00:00:00.000Z";"CONCLUSO";"8.3462714";"45.4565214";"OK"
"VERCELLI";"ALAGNA VALSESIA";"1020";"01-01020";"VC-00028";"Presenza di sostanze inquinanti dovuta a cattiva gestione di impianti o strutture";"BONIFICA E RIPRISTINO AMBIENTALE";"415141,0";"5079618,0";"2026-09-07T00:00:00.000Z";"ATTIVO";"7.9067439";"45.8648981";"OK"
"VERCELLI";"CRESCENTINO";"1021";"01-01021";"VC-00029";"Presenza di sostanze inquinanti dovuta a cattiva gestione di impianti o strutture";"BONIFICA E RIPRISTINO AMBIENTALE";"429546,0";"5004813,0";"2026-09-07T00:00:00.000Z";"CONCLUSO";"8.1030664";"45.1932801";"OK"
"VERCELLI";"GREGGIO";"1022";"01-01022";"VC-00030";"Eventi accidentali";"BONIFICA E RIPRISTINO AMBIENTALE";"451513,0";"5033346,0";"2026-09-07T00:00:00.000Z";"ATTIVO";"8.3799077";"45.4519563";"OK"
"VERCELLI";"VERCELLI";"1035";"01-01035";"VC-00031";"Incidenti a pipe line";"BONIFICA E RIPRISTINO AMBIENTALE";"452904,0";"5021682,0";"2026-09-07T00:00:00.000Z";"CONCLUSO";"8.3988104";"45.3470662";"OK"
"VERCELLI";"VERCELLI";"1067";"01-01067";"VC-00032";"Presenza di sostanze inquinanti dovuta a cattiva gestione di impianti o strutture; Presenza di sostanze inquinanti dovuta a gestione scorretta dei rifiuti";"BONIFICA E RIPRISTINO AMBIENTALE";"453763,0";"5018550,0";"2026-09-07T00:00:00.000Z";"CONCLUSO";"8.4100679";"45.3189325";"OK"
"VERCELLI";"VALDUGGIA";"1074";"01-01074";"VC-00033";"Eventi accidentali";"BONIFICA E RIPRISTINO AMBIENTALE";"446355,0";"5063752,0";"2026-09-07T00:00:00.000Z";"CONCLUSO";"8.3106053";"45.7252437";"OK"
"VERCELLI";"ARBORIO";"1152";"01-01152";"VC-00034";"Presenza di sostanze inquinanti dovuta a cattiva gestione di impianti o strutture";"BONIFICA E RIPRISTINO AMBIENTALE";"452545,0";"5038066,0";"2026-09-07T00:00:00.000Z";"CONCLUSO";"8.3926488";"45.4945103";"OK"
"VERCELLI";"CIGLIANO";"1153";"01-01153";"VC-00035";"Sversamenti incidentali su suolo e acque";"BONIFICA E RIPRISTINO AMBIENTALE";"423243,0";"5013837,0";"2026-09-07T00:00:00.000Z";"CONCLUSO";"8.0214426";"45.2738400";"OK"
"VERCELLI";"CIGLIANO";"1158";"01-01158";"VC-00036";"Presenza di sostanze inquinanti dovuta a gestione scorretta dei rifiuti";"MESSA IN SICUREZZA PERMANENTE";"422685,0";"5013074,0";"2026-09-07T00:00:00.000Z";"ATTIVO";"8.0144487";"45.2669117";"OK"
"VERCELLI";"SERRAVALLE SESIA";"1162";"01-01162";"VC-00037";"Presenza di sostanze inquinanti dovuta a cattiva gestione di impianti o strutture";"VERIFICA IN CORSO";"444148,0";"5060639,0";"2026-09-07T00:00:00.000Z";"ATTIVO";"8.2826038";"45.6970517";"OK"
"VERCELLI";"DESANA";"1163";"01-01163";"VC-00038";"Presenza di sostanze inquinanti dovuta a cattiva gestione di impianti o strutture";"BONIFICA E RIPRISTINO AMBIENTALE";"449531,0";"5012909,0";"2026-09-07T00:00:00.000Z";"CONCLUSO";"8.3566499";"45.2678668";"OK"
"VERCELLI";"ALICE CASTELLO";"1173";"01-01173";"VC-00040";"Presenza di sostanze inquinanti dovuta a gestione scorretta dei rifiuti";"BONIFICA E RIPRISTINO AMBIENTALE";"430343,0";"5025414,0";"2026-09-07T00:00:00.000Z";"ATTIVO";"8.1103177";"45.3787763";"OK"
"VERCELLI";"ROASIO";"1174";"01-01174";"VC-00041";"Presenza di sostanze inquinanti dovuta a gestione scorretta dei rifiuti";"BONIFICA E RIPRISTINO AMBIENTALE";"447114,0";"5048954,0";"2026-09-07T00:00:00.000Z";"ATTIVO";"8.3219680";"45.5921164";"OK"
"VERCELLI";"CARISIO";"1176";"01-01176";"VC-00042";"Sversamenti incidentali su suolo e acque";"BONIFICA E RIPRISTINO AMBIENTALE";"436102,0";"5029962,0";"2026-09-07T00:00:00.000Z";"ATTIVO";"8.1832762";"45.4202593";"OK"
"VERCELLI";"SANTHIA'";"1177";"01-01177";"VC-00043";"Sversamenti incidentali su suolo e acque";"BONIFICA E RIPRISTINO AMBIENTALE";"432546,0";"5025776,0";"2026-09-07T00:00:00.000Z";"CONCLUSO";"8.1384024";"45.3822501";"OK"
"VERCELLI";"ALICE CASTELLO";"1178";"01-01178";"VC-00044";"Sversamenti incidentali su suolo e acque";"BONIFICA E RIPRISTINO AMBIENTALE";"430309,0";"5022897,0";"2026-09-07T00:00:00.000Z";"CONCLUSO";"8.1102387";"45.3561193";"OK"
"VERCELLI";"SANTHIA'";"1207";"01-01207";"VC-00045";"Presenza di sostanze inquinanti dovuta a gestione scorretta dei rifiuti";"BONIFICA E RIPRISTINO AMBIENTALE";"433139,0";"5028155,0";"2026-09-07T00:00:00.000Z";"ATTIVO";"8.1456534";"45.4037187";"OK"
"VERCELLI";"SANTHIA'";"1209";"01-01209";"VC-00046";"Presenza di sostanze inquinanti dovuta a gestione scorretta dei rifiuti";"BONIFICA E RIPRISTINO AMBIENTALE";"433255,0";"5027855,0";"2026-09-07T00:00:00.000Z";"ATTIVO";"8.1471761";"45.4010297";"OK"
"VERCELLI";"SANTHIA'";"1210";"01-01210";"VC-00047";"Presenza di sostanze inquinanti dovuta a cattiva gestione di impianti o strutture";"BONIFICA E RIPRISTINO AMBIENTALE";"434303,0";"5024368,0";"2026-09-07T00:00:00.000Z";"ATTIVO";"8.1610297";"45.3697447";"OK"
"VERCELLI";"SALUGGIA";"1212";"01-01212";"VC-00048";"Presenza di sostanze inquinanti dovuta a gestione scorretta dei rifiuti";"BONIFICA E RIPRISTINO AMBIENTALE";"424924,0";"5008472,0";"2026-09-07T00:00:00.000Z";"ATTIVO";"8.0436810";"45.2257351";"OK"
"VERCELLI";"GATTINARA";"1245";"01-01245";"VC-00049";"Presenza di sostanze inquinanti dovuta a cattiva gestione di impianti o strutture";"BONIFICA E RIPRISTINO AMBIENTALE";"448918,0";"5049285,0";"2026-09-07T00:00:00.000Z";"ATTIVO";"8.3450602";"45.5952304";"OK"
"VERCELLI";"TRINO";"1267";"01-01267";"VC-00050";"Presenza di sostanze inquinanti dovuta a cattiva gestione di impianti o strutture";"BONIFICA E RIPRISTINO AMBIENTALE";"443207,0";"5003631,0";"2026-09-07T00:00:00.000Z";"CONCLUSO";"8.2771005";"45.1838744";"OK"
"VERCELLI";"SALUGGIA";"1269";"01-01269";"VC-00051";"Presenza di sostanze inquinanti dovuta a cattiva gestione di impianti o strutture";"BONIFICA E RIPRISTINO AMBIENTALE";"424940,0";"5011646,0";"2026-09-07T00:00:00.000Z";"CONCLUSO";"8.0434055";"45.2543037";"OK"
"VERCELLI";"CIGLIANO";"1280";"01-01280";"VC-00052";"Presenza di sostanze inquinanti dovuta a cattiva gestione di impianti o strutture";"BONIFICA E RIPRISTINO AMBIENTALE";"424439,0";"5015317,0";"2026-09-07T00:00:00.000Z";"CONCLUSO";"8.0364625";"45.2872899";"OK"
"VERCELLI";"VERCELLI";"1286";"01-01286";"VC-00053";"Presenza di sostanze inquinanti dovuta a gestione scorretta dei rifiuti";"VERIFICA IN CORSO";"457071,0";"5020038,0";"2026-09-07T00:00:00.000Z";"ATTIVO";"8.4521431";"45.3325361";"OK"
"VERCELLI";"VERCELLI";"1313";"01-01313";"VC-00054";"Eventi accidentali";"BONIFICA E RIPRISTINO AMBIENTALE CON MISURE DI SICUREZZA";"453420,0";"5019696,0";"2026-09-07T00:00:00.000Z";"CONCLUSO";"8.4055839";"45.3292248";"OK"
"VERCELLI";"VILLARBOIT";"1394";"01-01394";"VC-00055";"Presenza di sostanze inquinanti dovuta a cattiva gestione di impianti o strutture";"VERIFICA IN CORSO";"448835,0";"5033968,0";"2026-09-07T00:00:00.000Z";"ATTIVO";"8.3455966";"45.4573636";"OK"
"VERCELLI";"VERCELLI";"1397";"01-01397";"VC-00056";"Presenza di sostanze inquinanti dovuta a cattiva gestione di impianti o strutture";"VERIFICA IN CORSO";"453576,0";"5020125,0";"2026-09-07T00:00:00.000Z";"ATTIVO";"8.4075343";"45.3330966";"OK"
"VERCELLI";"VILLARBOIT";"1439";"01-01439";"VC-00058";"Sversamenti incidentali su suolo e acque";"INTERVENTO NON NECESSARIO";"448571,0";"5033704,0";"2026-09-07T00:00:00.000Z";"CONCLUSO";"8.3422479";"45.4549681";"OK"
"VERCELLI";"VILLARBOIT";"1449";"01-01449";"VC-00059";"Sversamenti incidentali su suolo e acque";"INTERVENTO NON NECESSARIO";"448889,0";"5033767,0";"2026-09-07T00:00:00.000Z";"CONCLUSO";"8.3463081";"45.4555584";"OK"
"VERCELLI";"CARISIO";"1450";"01-01450";"VC-00060";"Sversamenti incidentali su suolo e acque";"INTERVENTO NON NECESSARIO";"434532,0";"5028217,0";"2026-09-07T00:00:00.000Z";"CONCLUSO";"8.1634430";"45.4044085";"OK"
"VERCELLI";"SANTHIA'";"1451";"01-01451";"VC-00061";"Sversamenti incidentali su suolo e acque";"INTERVENTO NON NECESSARIO";"434536,0";"5028227,0";"2026-09-07T00:00:00.000Z";"CONCLUSO";"8.1634927";"45.4044989";"OK"
"VERCELLI";"VERCELLI";"1453";"01-01453";"VC-00063";"Presenza di sostanze inquinanti dovuta a cattiva gestione di impianti o strutture";"BONIFICA E RIPRISTINO AMBIENTALE";"453172,0";"5019836,0";"2026-09-07T00:00:00.000Z";"CONCLUSO";"8.4024061";"45.3304684";"OK"
"VERCELLI";"SANTHIA'";"1454";"01-01454";"VC-00064";"Presenza di sostanze inquinanti dovuta a cattiva gestione di impianti o strutture";"VERIFICA IN CORSO";"432952,0";"5024056,0";"2026-09-07T00:00:00.000Z";"ATTIVO";"8.1438213";"45.3668086";"OK"
"VERCELLI";"VERCELLI";"1458";"01-01458";"VC-00066";"Presenza di sostanze inquinanti dovuta a cattiva gestione di impianti o strutture";"BONIFICA E RIPRISTINO AMBIENTALE";"453140,0";"5018707,0";"2026-09-07T00:00:00.000Z";"ATTIVO";"8.4021046";"45.3203043";"OK"
"TORINO";"BEINASCO";"2656";"01-02656";"TO-00891";"Presenza di sostanze inquinanti dovuta a cattiva gestione di impianti o strutture";"VERIFICA IN CORSO";"389028,0";"4985479,0";"2026-09-07T00:00:00.000Z";"ATTIVO";"7.5916544";"45.0140778";"OK"
"TORINO";"GIVOLETTO";"2660";"01-02660";"TO-00892";"Presenza di sostanze inquinanti dovuta a gestione scorretta dei rifiuti";"VERIFICA IN CORSO";"383448,0";"5000834,0";"2026-09-07T00:00:00.000Z";"ATTIVO";"7.5172912";"45.1513591";"OK"
"TORINO";"CIRIE'";"2662";"01-02662";"TO-00893";"";"BONIFICA E RIPRISTINO AMBIENTALE";"390148,0";"5009031,0";"2026-09-07T00:00:00.000Z";"CONCLUSO";"7.6006920";"45.2261980";"OK"
"TORINO";"TORINO";"2663";"01-02663";"TO-00894";"";"BONIFICA E RIPRISTINO AMBIENTALE";"392065,0";"4991821,0";"2026-09-07T00:00:00.000Z";"CONCLUSO";"7.6288229";"45.0716200";"OK"
"TORINO";"TORINO";"2675";"01-02675";"TO-00896";"";"BONIFICA E RIPRISTINO AMBIENTALE CON MISURE DI SICUREZZA; MESSA IN SICUREZZA OPERATIVA; MESSA IN SICUREZZA PERMANENTE";"395597,0";"4989715,0";"2026-09-07T00:00:00.000Z";"ATTIVO";"7.6741185";"45.0531971";"OK"
"TORINO";"PONT-CANAVESE";"2676";"01-02676";"TO-00897";"";"VERIFICA IN CORSO";"390623,0";"5030776,0";"2026-09-07T00:00:00.000Z";"ATTIVO";"7.6019352";"45.4219496";"OK"
"TORINO";"TORINO";"2692";"01-02692";"TO-00901";"Presenza di sostanze inquinanti dovuta a cattiva gestione di impianti o strutture";"BONIFICA E RIPRISTINO AMBIENTALE";"397550,0";"4992335,0";"2026-09-07T00:00:00.000Z";"CONCLUSO";"7.6983794";"45.0770610";"OK"
"TORINO";"SAN GIORGIO CANAVESE";"2693";"01-02693";"TO-00902";"";"VERIFICA IN CORSO";"407495,0";"5019016,0";"2026-09-07T00:00:00.000Z";"ATTIVO";"7.8197475";"45.3185522";"OK"
"TORINO";"TORINO";"2700";"01-02700";"TO-00907";"";"MESSA IN SICUREZZA PERMANENTE";"395349,0";"4991510,0";"2026-09-07T00:00:00.000Z";"ATTIVO";"7.6705954";"45.0693144";"OK"
"TORINO";"TORINO";"2704";"01-02704";"TO-00909";"";"VERIFICA IN CORSO";"399024,0";"4996760,0";"2026-09-07T00:00:00.000Z";"ATTIVO";"7.7162095";"45.1170957";"OK"
"TORINO";"CHIERI";"2712";"01-02712";"TO-00917";"";"VERIFICA IN CORSO";"408753,0";"4983843,0";"2026-09-07T00:00:00.000Z";"ATTIVO";"7.8422244";"45.0021662";"OK"
"TORINO";"TORINO";"2715";"01-02715";"TO-00919";"Eventi accidentali; Presenza di sostanze inquinanti dovuta a cattiva gestione di impianti o strutture";"MESSA IN SICUREZZA PERMANENTE";"391187,0";"4990673,0";"2026-09-07T00:00:00.000Z";"ATTIVO";"7.6179213";"45.0611545";"OK"
"TORINO";"PINO TORINESE";"2738";"01-02738";"TO-00926";"Eventi accidentali; Presenza di sostanze inquinanti dovuta a cattiva gestione di impianti o strutture";"VERIFICA IN CORSO";"405715,0";"4989064,0";"2026-09-07T00:00:00.000Z";"ATTIVO";"7.8027062";"45.0487575";"OK"
"TORINO";"TORINO";"2749";"01-02749";"TO-00928";"";"VERIFICA IN CORSO";"394364,0";"4991457,0";"2026-09-07T00:00:00.000Z";"ATTIVO";"7.6580973";"45.0686911";"OK"
"TORINO";"TORINO";"2750";"01-02750";"TO-00929";"";"VERIFICA IN CORSO";"395569,0";"4989521,0";"2026-09-07T00:00:00.000Z";"ATTIVO";"7.6738033";"45.0514471";"OK"
"TORINO";"VILLASTELLONE";"2759";"01-02759";"TO-00930";"Presenza di sostanze inquinanti dovuta a cattiva gestione di impianti o strutture";"MESSA IN SICUREZZA PERMANENTE";"401116,0";"4974096,0";"2026-09-07T00:00:00.000Z";"CONCLUSO";"7.7472561";"44.9134215";"OK"
"TORINO";"TORINO";"2760";"01-02760";"TO-00931";"Sversamenti incidentali su suolo e acque";"INTERVENTO NON NECESSARIO A SEGUITO ANALISI DI RISCHIO";"393320,0";"4994480,0";"2026-09-07T00:00:00.000Z";"CONCLUSO";"7.6441956";"45.0957393";"OK"
"TORINO";"TORINO";"2765";"01-02765";"TO-00933";"";"VERIFICA IN CORSO";"398824,0";"4996983,0";"2026-09-07T00:00:00.000Z";"ATTIVO";"7.7136223";"45.1190740";"OK"
"TORINO";"MONCALIERI";"2766";"01-02766";"TO-00934";"Presenza di sostanze inquinanti dovuta a cattiva gestione di impianti o strutture";"VERIFICA IN CORSO";"396214,0";"4983435,0";"2026-09-07T00:00:00.000Z";"ATTIVO";"7.6832486";"44.9967709";"OK"
"TORINO";"TORINO";"2777";"01-02777";"TO-00936";"";"VERIFICA IN CORSO";"394336,0";"4989537,0";"2026-09-07T00:00:00.000Z";"ATTIVO";"7.6581460";"45.0514082";"OK"
"TORINO";"ORBASSANO";"2783";"01-02783";"TO-00937";"Presenza di sostanze inquinanti dovuta a cattiva gestione di impianti o strutture";"VERIFICA IN CORSO";"384282,0";"4984876,0";"2026-09-07T00:00:00.000Z";"ATTIVO";"7.5315811";"45.0078929";"OK"
"TORINO";"TORINO";"2784";"01-02784";"TO-00938";"";"INTERVENTO NON NECESSARIO A SEGUITO ANALISI DI RISCHIO";"396559,0";"4995407,0";"2026-09-07T00:00:00.000Z";"CONCLUSO";"7.6851578";"45.1045630";"OK"
"TORINO";"SAN SECONDO DI PINEROLO";"2797";"01-02797";"TO-00939";"Sversamenti incidentali su suolo e acque";"VERIFICA IN CORSO";"367934,0";"4968199,0";"2026-09-07T00:00:00.000Z";"ATTIVO";"7.3285734";"44.8549749";"OK"
"TORINO";"TORINO";"2801";"01-02801";"TO-00941";"";"BONIFICA E RIPRISTINO AMBIENTALE";"398140,0";"4995521,0";"2026-09-07T00:00:00.000Z";"ATTIVO";"7.7052256";"45.1058185";"OK"
"TORINO";"CAMBIANO";"2813";"01-02813";"TO-00943";"Sversamenti incidentali su suolo e acque";"VERIFICA IN CORSO";"402061,0";"4979563,0";"2026-09-07T00:00:00.000Z";"ATTIVO";"7.7581651";"44.9627546";"OK"
"TORINO";"TORINO";"2815";"01-02815";"TO-00944";"Presenza di sostanze inquinanti dovuta a cattiva gestione di impianti o strutture";"BONIFICA E RIPRISTINO AMBIENTALE";"397076,0";"4993046,0";"2026-09-07T00:00:00.000Z";"ATTIVO";"7.6922128";"45.0833908";"OK"
"TORINO";"TORINO";"2817";"01-02817";"TO-00945";"";"BONIFICA E RIPRISTINO AMBIENTALE";"391888,0";"4993618,0";"2026-09-07T00:00:00.000Z";"ATTIVO";"7.6261874";"45.0877646";"OK"
"TORINO";"VIGONE";"2818";"01-02818";"TO-00946";"Presenza di sostanze inquinanti dovuta a cattiva gestione di impianti o strutture";"BONIFICA E RIPRISTINO AMBIENTALE";"381234,0";"4967108,0";"2026-09-07T00:00:00.000Z";"CONCLUSO";"7.4970924";"44.8474961";"OK"
"TORINO";"TORINO";"2819";"01-02819";"TO-00947";"Presenza di sostanze inquinanti dovuta a gestione scorretta dei rifiuti";"MESSA IN SICUREZZA PERMANENTE";"396786,0";"4992820,0";"2026-09-07T00:00:00.000Z";"ATTIVO";"7.6885755";"45.0813147";"OK"
"TORINO";"GRUGLIASCO";"2829";"01-02829";"TO-00949";"Presenza di sostanze inquinanti dovuta a gestione scorretta dei rifiuti";"VERIFICA IN CORSO";"388883,0";"4990365,0";"2026-09-07T00:00:00.000Z";"ATTIVO";"7.5887342";"45.0580249";"OK"
"TORINO";"TORINO";"2835";"01-02835";"TO-00950";"Presenza di sostanze inquinanti dovuta a cattiva gestione di impianti o strutture";"BONIFICA E RIPRISTINO AMBIENTALE CON MISURE DI SICUREZZA";"391385,0";"4991584,0";"2026-09-07T00:00:00.000Z";"ATTIVO";"7.6202382";"45.0693832";"OK"
"TORINO";"TROFARELLO";"2836";"01-02836";"TO-00951";"Presenza di sostanze inquinanti dovuta a cattiva gestione di impianti o strutture";"VERIFICA IN CORSO";"401942,0";"4981230,0";"2026-09-07T00:00:00.000Z";"ATTIVO";"7.7563323";"44.9777410";"OK"
"TORINO";"BRICHERASIO";"2837";"01-02837";"TO-00952";"Presenza di sostanze inquinanti dovuta a cattiva gestione di impianti o strutture";"VERIFICA IN CORSO";"365690,0";"4964506,0";"2026-09-07T00:00:00.000Z";"ATTIVO";"7.3011628";"44.8213253";"OK"
"TORINO";"TORINO";"2838";"01-02838";"TO-00953";"";"VERIFICA IN CORSO";"393461,0";"4987853,0";"2026-09-07T00:00:00.000Z";"CONCLUSO";"7.6473945";"45.0361222";"OK"
"TORINO";"CAFASSE";"2839";"01-02839";"TO-00954";"Presenza di sostanze inquinanti dovuta a gestione scorretta dei rifiuti";"VERIFICA IN CORSO";"383953,0";"5011092,0";"2026-09-07T00:00:00.000Z";"ATTIVO";"7.5213240";"45.2437501";"OK"
"TORINO";"TORINO";"2843";"01-02843";"TO-00955";"Presenza di sostanze inquinanti dovuta a cattiva gestione di impianti o strutture";"MESSA IN SICUREZZA PERMANENTE";"397201,0";"4993010,0";"2026-09-07T00:00:00.000Z";"ATTIVO";"7.6938081";"45.0830850";"OK"
"TORINO";"MONCALIERI";"2851";"01-02851";"TO-00956";"Presenza di sostanze inquinanti dovuta a cattiva gestione di impianti o strutture";"VERIFICA IN CORSO";"397853,0";"4982053,0";"2026-09-07T00:00:00.000Z";"ATTIVO";"7.7043178";"44.9845712";"OK"
"TORINO";"ROLETTO";"2857";"01-02857";"TO-00957";"Incendi";"VERIFICA IN CORSO";"369923,0";"4974078,0";"2026-09-07T00:00:00.000Z";"ATTIVO";"7.3522260";"44.9082420";"OK"
"TORINO";"BEINASCO";"2873";"01-02873";"TO-00958";"Presenza di sostanze inquinanti dovuta a cattiva gestione di impianti o strutture";"VERIFICA IN CORSO";"389579,0";"4986925,0";"2026-09-07T00:00:00.000Z";"ATTIVO";"7.5983276";"45.0271767";"OK"
"TORINO";"TORINO";"2903";"01-02903";"TO-00959";"Eventi accidentali";"VERIFICA IN CORSO";"396017,0";"4988694,0";"2026-09-07T00:00:00.000Z";"ATTIVO";"7.6796623";"45.0440704";"OK"
"TORINO";"VESTIGNE'";"2911";"01-02911";"TO-00960";"Presenza di sostanze inquinanti dovuta a cattiva gestione di impianti o strutture";"VERIFICA IN CORSO";"417018,0";"5027218,0";"2026-09-07T00:00:00.000Z";"ATTIVO";"7.9398498";"45.3935596";"OK"
"TORINO";"COLLEGNO";"2922";"01-02922";"TO-00963";"Presenza di sostanze inquinanti dovuta a cattiva gestione di impianti o strutture; Presenza di sostanze inquinanti dovuta a gestione scorretta dei rifiuti";"VERIFICA IN CORSO";"388443,0";"4992468,0";"2026-09-07T00:00:00.000Z";"ATTIVO";"7.5826799";"45.0768807";"OK"
"TORINO";"SAN SECONDO DI PINEROLO";"2923";"01-02923";"TO-00964";"Eventi accidentali; Presenza di sostanze inquinanti dovuta a cattiva gestione di impianti o strutture";"VERIFICA IN CORSO";"367321,0";"4969038,0";"2026-09-07T00:00:00.000Z";"ATTIVO";"7.3205991";"44.8624106";"OK"
"TORINO";"BEINASCO";"2926";"01-02926";"TO-00965";"Presenza di sostanze inquinanti dovuta a cattiva gestione di impianti o strutture; Eventi accidentali";"VERIFICA IN CORSO";"389869,0";"4986944,0";"2026-09-07T00:00:00.000Z";"ATTIVO";"7.6020035";"45.0273928";"OK"
"TORINO";"TORINO";"2927";"01-02927";"TO-00966";"Presenza di sostanze inquinanti dovuta a gestione scorretta dei rifiuti";"VERIFICA IN CORSO";"395360,0";"4996555,0";"2026-09-07T00:00:00.000Z";"ATTIVO";"7.6696813";"45.1147178";"OK"
"TORINO";"TORINO";"2928";"01-02928";"TO-00967";"Presenza di sostanze inquinanti dovuta a cattiva gestione di impianti o strutture";"VERIFICA IN CORSO";"392427,0";"4989205,0";"2026-09-07T00:00:00.000Z";"ATTIVO";"7.6339811";"45.0481330";"OK"
"TORINO";"NONE";"2929";"01-02929";"TO-00968";"Presenza di sostanze inquinanti dovuta a cattiva gestione di impianti o strutture";"BONIFICA E RIPRISTINO AMBIENTALE";"383575,0";"4977025,0";"2026-09-07T00:00:00.000Z";"ATTIVO";"7.5244256";"44.9371263";"OK"
"TORINO";"VINOVO";"2935";"01-02935";"TO-00969";"Presenza di sostanze inquinanti dovuta a cattiva gestione di impianti o strutture";"VERIFICA IN CORSO";"391602,0";"4981383,0";"2026-09-07T00:00:00.000Z";"ATTIVO";"7.6251934";"44.9776147";"OK"
"TORINO";"LEINI'";"2942";"01-02942";"TO-00970";"Presenza di sostanze inquinanti dovuta a cattiva gestione di impianti o strutture; Presenza di sostanze inquinanti dovuta a gestione scorretta dei rifiuti";"VERIFICA IN CORSO";"399786,0";"5005361,0";"2026-09-07T00:00:00.000Z";"ATTIVO";"7.7241687";"45.1946084";"OK"
"TORINO";"GRUGLIASCO";"2943";"01-02943";"TO-00971";"Presenza di sostanze inquinanti dovuta a cattiva gestione di impianti o strutture";"VERIFICA IN CORSO";"390389,0";"4988213,0";"2026-09-07T00:00:00.000Z";"ATTIVO";"7.6083256";"45.0388934";"OK"
"TORINO";"TORINO";"2944";"01-02944";"TO-00972";"Presenza di sostanze inquinanti dovuta a gestione scorretta dei rifiuti; Presenza di sostanze inquinanti dovuta a cattiva gestione di impianti o strutture";"VERIFICA IN CORSO";"399535,0";"4997312,0";"2026-09-07T00:00:00.000Z";"ATTIVO";"7.7225938";"45.1221363";"OK"
"TORINO";"MONCALIERI";"2950";"01-02950";"TO-00973";"Eventi accidentali; Presenza di sostanze inquinanti dovuta a cattiva gestione di impianti o strutture";"VERIFICA IN CORSO";"397454,0";"4980870,0";"2026-09-07T00:00:00.000Z";"ATTIVO";"7.6994987";"44.9738671";"OK"
"TORINO";"TORINO";"2958";"01-02958";"TO-00974";"Presenza di sostanze inquinanti dovuta a cattiva gestione di impianti o strutture; Presenza di sostanze inquinanti dovuta a gestione scorretta dei rifiuti";"VERIFICA IN CORSO";"398734,0";"4994628,0";"2026-09-07T00:00:00.000Z";"ATTIVO";"7.7129548";"45.0978673";"OK"
"TORINO";"TORINO";"2959";"01-02959";"TO-00975";"Presenza di sostanze inquinanti dovuta a cattiva gestione di impianti o strutture; Eventi accidentali";"VERIFICA IN CORSO";"394869,0";"4995109,0";"2026-09-07T00:00:00.000Z";"ATTIVO";"7.6637445";"45.1016319";"OK"
"TORINO";"TORINO";"2960";"01-02960";"TO-00976";"Presenza di sostanze inquinanti dovuta a cattiva gestione di impianti o strutture";"VERIFICA IN CORSO";"394671,0";"4988867,0";"2026-09-07T00:00:00.000Z";"ATTIVO";"7.6625397";"45.0454285";"OK"
"TORINO";"MONCALIERI";"2963";"01-02963";"TO-00977";"Presenza di sostanze inquinanti dovuta a cattiva gestione di impianti o strutture";"VERIFICA IN CORSO";"398847,0";"4980520,0";"2026-09-07T00:00:00.000Z";"ATTIVO";"7.7172307";"44.9709170";"OK"
"TORINO";"TORINO";"2965";"01-02965";"TO-00978";"";"VERIFICA IN CORSO";"396265,0";"4994154,0";"2026-09-07T00:00:00.000Z";"ATTIVO";"7.6816813";"45.0932437";"OK"
"TORINO";"RIVOLI";"2967";"01-02967";"TO-00979";"";"VERIFICA IN CORSO";"384840,0";"4992193,0";"2026-09-07T00:00:00.000Z";"ATTIVO";"7.5369821";"45.0738289";"OK"
"TORINO";"TORINO";"2972";"01-02972";"TO-00980";"";"VERIFICA IN CORSO";"400060,0";"4997145,0";"2026-09-07T00:00:00.000Z";"ATTIVO";"7.7293009";"45.1207078";"OK"
"TORINO";"TORINO";"2973";"01-02973";"TO-00981";"Presenza di sostanze inquinanti dovuta a cattiva gestione di impianti o strutture";"VERIFICA IN CORSO";"399169,0";"4994377,0";"2026-09-07T00:00:00.000Z";"ATTIVO";"7.7185326";"45.0956706";"OK"
"TORINO";"VALPERGA";"2979";"01-02979";"TO-00983";"Presenza di sostanze inquinanti dovuta a cattiva gestione di impianti o strutture";"VERIFICA IN CORSO";"395936,0";"5025464,0";"2026-09-07T00:00:00.000Z";"ATTIVO";"7.6709488";"45.3749585";"OK"
"TORINO";"BEINASCO";"2982";"01-02982";"TO-00984";"Presenza di sostanze inquinanti dovuta a cattiva gestione di impianti o strutture";"VERIFICA IN CORSO";"389931,0";"4986912,0";"2026-09-07T00:00:00.000Z";"ATTIVO";"7.6027973";"45.0271144";"OK"
"TORINO";"RIVOLI";"2983";"01-02983";"TO-00985";"Presenza di sostanze inquinanti dovuta a cattiva gestione di impianti o strutture";"VERIFICA IN CORSO";"385312,0";"4991532,0";"2026-09-07T00:00:00.000Z";"ATTIVO";"7.5431277";"45.0679573";"OK"
"TORINO";"TORINO";"2984";"01-02984";"TO-00986";"Eventi accidentali; Presenza di sostanze inquinanti dovuta a gestione scorretta dei rifiuti; Presenza di sostanze inquinanti dovuta a cattiva gestione di impianti o strutture";"VERIFICA IN CORSO";"390836,0";"4988057,0";"2026-09-07T00:00:00.000Z";"ATTIVO";"7.6140332";"45.0375585";"OK"
"TORINO";"CARMAGNOLA";"2992";"01-02992";"TO-00989";"Presenza di sostanze inquinanti dovuta a cattiva gestione di impianti o strutture";"VERIFICA IN CORSO";"399708,0";"4965829,0";"2026-09-07T00:00:00.000Z";"ATTIVO";"7.7310592";"44.8388222";"OK"
"TORINO";"NOLE";"2994";"01-02994";"TO-00990";"Presenza di sostanze inquinanti dovuta a cattiva gestione di impianti o strutture";"VERIFICA IN CORSO";"388798,0";"5012495,0";"2026-09-07T00:00:00.000Z";"ATTIVO";"7.5827259";"45.2571579";"OK"
"TORINO";"CASELLE TORINESE";"2999";"01-02999";"TO-00992";"Presenza di sostanze inquinanti dovuta a cattiva gestione di impianti o strutture";"VERIFICA IN CORSO";"393838,0";"5003174,0";"2026-09-07T00:00:00.000Z";"ATTIVO";"7.6489306";"45.1740564";"OK"
"TORINO";"TORINO";"3004";"01-03004";"TO-00993";"Presenza di sostanze inquinanti dovuta a cattiva gestione di impianti o strutture";"INTERVENTO NON NECESSARIO A SEGUITO ANALISI DI RISCHIO";"392874,0";"4986659,0";"2026-09-07T00:00:00.000Z";"CONCLUSO";"7.6401986";"45.0252885";"OK"
"TORINO";"PRALORMO";"3019";"01-03019";"TO-00994";"Presenza di sostanze inquinanti dovuta a cattiva gestione di impianti o strutture; Presenza di sostanze inquinanti dovuta a gestione scorretta dei rifiuti; Eventi accidentali";"VERIFICA IN CORSO";"414711,0";"4965594,0";"2026-09-07T00:00:00.000Z";"ATTIVO";"7.9208870";"44.8386583";"OK"
"TORINO";"CHIERI";"3027";"01-03027";"TO-00995";"Presenza di sostanze inquinanti dovuta a cattiva gestione di impianti o strutture";"VERIFICA IN CORSO";"407509,0";"4984017,0";"2026-09-07T00:00:00.000Z";"ATTIVO";"7.8264114";"45.0035711";"OK"
"TORINO";"CHIERI";"3028";"01-03028";"TO-00996";"Presenza di sostanze inquinanti dovuta a cattiva gestione di impianti o strutture";"BONIFICA E RIPRISTINO AMBIENTALE";"408024,0";"4985755,0";"2026-09-07T00:00:00.000Z";"CONCLUSO";"7.8326269";"45.0192802";"OK"
"TORINO";"CHIVASSO";"3029";"01-03029";"TO-00997";"Presenza di sostanze inquinanti dovuta a cattiva gestione di impianti o strutture";"VERIFICA IN CORSO";"414307,0";"5006255,0";"2026-09-07T00:00:00.000Z";"ATTIVO";"7.9088463";"45.2045698";"OK"
"TORINO";"TORINO";"3030";"01-03030";"TO-00998";"";"BONIFICA E RIPRISTINO AMBIENTALE";"393308,0";"4989260,0";"2026-09-07T00:00:00.000Z";"CONCLUSO";"7.6451537";"45.0487612";"OK"
"TORINO";"BEINASCO";"3031";"01-03031";"TO-00999";"Eventi accidentali";"VERIFICA IN CORSO";"390154,0";"4984621,0";"2026-09-07T00:00:00.000Z";"ATTIVO";"7.6061276";"45.0065318";"OK"
"TORINO";"TORINO";"3032";"01-03032";"TO-01000";"Presenza di sostanze inquinanti dovuta a gestione scorretta dei rifiuti";"VERIFICA IN CORSO";"399984,0";"4997472,0";"2026-09-07T00:00:00.000Z";"ATTIVO";"7.7282694";"45.1236399";"OK"
"TORINO";"TORINO";"3038";"01-03038";"TO-01001";"Presenza di sostanze inquinanti dovuta a gestione scorretta dei rifiuti";"VERIFICA IN CORSO";"395026,0";"4985931,0";"2026-09-07T00:00:00.000Z";"ATTIVO";"7.6676595";"45.0190588";"OK"
"TORINO";"TORINO";"3039";"01-03039";"TO-01002";"";"INTERVENTO NON NECESSARIO A SEGUITO ANALISI DI RISCHIO";"389789,0";"4986037,0";"2026-09-07T00:00:00.000Z";"CONCLUSO";"7.6011871";"45.0192181";"OK"
"TORINO";"TORINO";"3044";"01-03044";"TO-01003";"";"VERIFICA IN CORSO";"396205,0";"4989207,0";"2026-09-07T00:00:00.000Z";"ATTIVO";"7.6819428";"45.0487147";"OK"
"TORINO";"AVIGLIANA";"3053";"01-03053";"TO-01004";"Presenza di sostanze inquinanti dovuta a cattiva gestione di impianti o strutture";"BONIFICA E RIPRISTINO AMBIENTALE";"374200,0";"4993249,0";"2026-09-07T00:00:00.000Z";"CONCLUSO";"7.4015947";"45.0815198";"OK"
"TORINO";"VILLAR PEROSA";"3054";"01-03054";"TO-01005";"Presenza di sostanze inquinanti dovuta a cattiva gestione di impianti o strutture";"VERIFICA IN CORSO";"361579,0";"4975284,0";"2026-09-07T00:00:00.000Z";"ATTIVO";"7.2462448";"44.9175197";"OK"
"TORINO";"TORINO";"3059";"01-03059";"TO-01007";"Presenza di sostanze inquinanti dovuta a gestione scorretta dei rifiuti";"VERIFICA IN CORSO";"392302,0";"4988384,0";"2026-09-07T00:00:00.000Z";"ATTIVO";"7.6325703";"45.0407256";"OK"
"TORINO";"TORINO";"3062";"01-03062";"TO-01010";"Presenza di sostanze inquinanti dovuta a cattiva gestione di impianti o strutture";"VERIFICA IN CORSO";"396657,0";"4992579,0";"2026-09-07T00:00:00.000Z";"ATTIVO";"7.6869865";"45.0791270";"OK"
"TORINO";"TORINO";"3067";"01-03067";"TO-01011";"Presenza di sostanze inquinanti dovuta a gestione scorretta dei rifiuti";"BONIFICA E RIPRISTINO AMBIENTALE";"397695,0";"4991794,0";"2026-09-07T00:00:00.000Z";"ATTIVO";"7.7003315";"45.0722132";"OK"
"TORINO";"RIVAROLO CANAVESE";"3069";"01-03069";"TO-01012";"Presenza di sostanze inquinanti dovuta a gestione scorretta dei rifiuti";"VERIFICA IN CORSO";"398917,0";"5016906,0";"2026-09-07T00:00:00.000Z";"ATTIVO";"7.7107598";"45.2983808";"OK"
"TORINO";"TORINO";"3078";"01-03078";"TO-01017";"Sversamenti incidentali su suolo e acque";"BONIFICA E RIPRISTINO AMBIENTALE";"395548,0";"4988630,0";"2026-09-07T00:00:00.000Z";"CONCLUSO";"7.6737221";"45.0434255";"OK"
"TORINO";"TORINO";"3087";"01-03087";"TO-01021";"";"INTERVENTO NON NECESSARIO A SEGUITO ANALISI DI RISCHIO";"395871,0";"4990235,0";"2026-09-07T00:00:00.000Z";"CONCLUSO";"7.6774894";"45.0579171";"OK"
"TORINO";"TORINO";"3088";"01-03088";"TO-01022";"Eventi accidentali";"BONIFICA E RIPRISTINO AMBIENTALE";"394417,0";"4986222,0";"2026-09-07T00:00:00.000Z";"ATTIVO";"7.6598710";"45.0215872";"OK"
"TORINO";"SETTIMO TORINESE";"3089";"01-03089";"TO-01023";"";"MESSA IN SICUREZZA OPERATIVA";"401510,0";"4999741,0";"2026-09-07T00:00:00.000Z";"ATTIVO";"7.7472212";"45.1442743";"OK"
"TORINO";"TORINO";"3090";"01-03090";"TO-01024";"Presenza di sostanze inquinanti dovuta a gestione scorretta dei rifiuti";"BONIFICA E RIPRISTINO AMBIENTALE";"393166,0";"4988932,0";"2026-09-07T00:00:00.000Z";"ATTIVO";"7.6434208";"45.0457881";"OK"
"TORINO";"TORINO";"3098";"01-03098";"TO-01025";"";"VERIFICA IN CORSO";"394794,0";"4988043,0";"2026-09-07T00:00:00.000Z";"ATTIVO";"7.6642737";"45.0380312";"OK"
"VERCELLI";"PRAROLO";"2725";"01-02725";"VC-00176";"Presenza di sostanze inquinanti dovuta a cattiva gestione di impianti o strutture";"INTERVENTO NON NECESSARIO";"458640,0";"5014773,0";"2026-09-07T00:00:00.000Z";"ATTIVO";"8.4726054";"45.2852399";"OK"
"VERCELLI";"ROVASENDA";"2735";"01-02735";"VC-00177";"";"BONIFICA E RIPRISTINO AMBIENTALE";"447500,0";"5045999,0";"2026-09-07T00:00:00.000Z";"CONCLUSO";"8.3272341";"45.5655495";"OK"
"VERCELLI";"STROPPIANA";"2736";"01-02736";"VC-00178";"";"INTERVENTO NON NECESSARIO";"456640,0";"5011115,0";"2026-09-07T00:00:00.000Z";"CONCLUSO";"8.4474235";"45.2521933";"OK"
"VERCELLI";"VERCELLI";"2747";"01-02747";"VC-00179";"Presenza di sostanze inquinanti dovuta a cattiva gestione di impianti o strutture";"BONIFICA E RIPRISTINO AMBIENTALE";"453521,0";"5020508,0";"2026-09-07T00:00:00.000Z";"CONCLUSO";"8.4067964";"45.3365403";"OK"
"VERCELLI";"ALICE CASTELLO";"2769";"01-02769";"VC-00180";"";"VERIFICA IN CORSO";"429070,0";"5023655,0";"2026-09-07T00:00:00.000Z";"ATTIVO";"8.0943133";"45.3628172";"OK"
"VERCELLI";"VERCELLI";"2771";"01-02771";"VC-00181";"Presenza di sostanze inquinanti dovuta a cattiva gestione di impianti o strutture; Sversamenti incidentali su suolo e acque";"VERIFICA IN CORSO";"453583,0";"5019071,0";"2026-09-07T00:00:00.000Z";"ATTIVO";"8.4077225";"45.3236101";"OK"
"VERCELLI";"VERCELLI";"2825";"01-02825";"VC-00183";"";"VERIFICA IN CORSO";"455821,0";"5019847,0";"2026-09-07T00:00:00.000Z";"ATTIVO";"8.4362085";"45.3307393";"OK"
"VERCELLI";"VERCELLI";"2826";"01-02826";"VC-00184";"";"VERIFICA IN CORSO";"454207,0";"5017803,0";"2026-09-07T00:00:00.000Z";"ATTIVO";"8.4158016";"45.3122379";"OK"
"VERCELLI";"SANTHIA'";"2827";"01-02827";"VC-00185";"";"VERIFICA IN CORSO";"";"";"2026-09-07T00:00:00.000Z";"ATTIVO";"";"";"NULL"
"VERCELLI";"QUARONA";"2828";"01-02828";"VC-00186";"";"VERIFICA IN CORSO";"";"";"2026-09-07T00:00:00.000Z";"ATTIVO";"";"";"NULL"
"VERCELLI";"SANTHIA'";"2870";"01-02870";"VC-00189";"";"MESSA IN SICUREZZA PERMANENTE";"435144,0";"5023980,0";"2026-09-07T00:00:00.000Z";"CONCLUSO";"8.1718194";"45.3663309";"OK"
"VERCELLI";"VERCELLI";"2941";"01-02941";"VC-00191";"";"INTERVENTO NON NECESSARIO A SEGUITO ANALISI DI RISCHIO";"";"";"2026-09-07T00:00:00.000Z";"ATTIVO";"";"";"NULL"
"VERCELLI";"GATTINARA";"2954";"01-02954";"VC-00194";"Presenza di sostanze inquinanti dovuta a gestione scorretta dei rifiuti; Presenza di sostanze inquinanti dovuta a cattiva gestione di impianti o strutture";"VERIFICA IN CORSO";"448551,0";"5050968,0";"2026-09-07T00:00:00.000Z";"ATTIVO";"8.3401775";"45.6103510";"OK"
"VERCELLI";"STROPPIANA";"2980";"01-02980";"VC-00195";"Sversamenti incidentali su suolo e acque; Presenza di sostanze inquinanti dovuta a cattiva gestione di impianti o strutture";"VERIFICA IN CORSO";"";"";"2026-09-07T00:00:00.000Z";"ATTIVO";"";"";"NULL"
"VERCELLI";"TRINO";"3000";"01-03000";"VC-00196";"Presenza di sostanze inquinanti dovuta a gestione scorretta dei rifiuti; Sversamenti incidentali su suolo e acque; Presenza di sostanze inquinanti dovuta a cattiva gestione di impianti o strutture";"VERIFICA IN CORSO";"";"";"2026-09-07T00:00:00.000Z";"ATTIVO";"";"";"NULL"
"VERCELLI";"CIGLIANO";"3002";"01-03002";"VC-00198";"";"VERIFICA IN CORSO";"";"";"2026-09-07T00:00:00.000Z";"ATTIVO";"";"";"NULL"
"VERCELLI";"CARISIO";"3006";"01-03006";"VC-00200";"Presenza di sostanze inquinanti dovuta a cattiva gestione di impianti o strutture";"VERIFICA IN CORSO";"";"";"2026-09-07T00:00:00.000Z";"ATTIVO";"";"";"NULL"
"VERCELLI";"VERCELLI";"3010";"01-03010";"VC-00201";"Presenza di sostanze inquinanti dovuta a gestione scorretta dei rifiuti";"BONIFICA E RIPRISTINO AMBIENTALE";"";"";"2026-09-07T00:00:00.000Z";"CONCLUSO";"";"";"NULL"
"VERCELLI";"LENTA";"3073";"01-03073";"VC-00204";"Presenza di sostanze inquinanti dovuta a cattiva gestione di impianti o strutture";"VERIFICA IN CORSO";"";"";"2026-09-07T00:00:00.000Z";"ATTIVO";"";"";"NULL"
"VERCELLI";"PRAROLO";"3074";"01-03074";"VC-00205";"Presenza di sostanze inquinanti dovuta a cattiva gestione di impianti o strutture; Sversamenti incidentali su suolo e acque";"VERIFICA IN CORSO";"458621,0";"5014978,0";"2026-09-07T00:00:00.000Z";"ATTIVO";"8.4723460";"45.2870840";"OK"
"VERCELLI";"LENTA";"3075";"01-03075";"VC-00206";"Presenza di sostanze inquinanti dovuta a cattiva gestione di impianti o strutture";"VERIFICA IN CORSO";"449622,0";"5044730,0";"2026-09-07T00:00:00.000Z";"ATTIVO";"8.3545557";"45.5542848";"OK"
"VERCELLI";"VERCELLI";"3082";"01-03082";"VC-00207";"Presenza di sostanze inquinanti dovuta a gestione scorretta dei rifiuti";"VERIFICA IN CORSO";"455804,0";"5019283,0";"2026-09-07T00:00:00.000Z";"ATTIVO";"8.4360420";"45.3256617";"OK"
"VERCELLI";"VERCELLI";"3118";"01-03118";"VC-00208";"Presenza di sostanze inquinanti dovuta a gestione scorretta dei rifiuti";"VERIFICA IN CORSO";"453188,0";"5021698,0";"2026-09-07T00:00:00.000Z";"ATTIVO";"8.4024340";"45.3472292";"OK"
"VERCELLI";"ARBORIO";"3156";"01-03156";"VC-00209";"Sversamenti incidentali su suolo e acque";"VERIFICA IN CORSO";"";"";"2026-09-07T00:00:00.000Z";"ATTIVO";"";"";"NULL"
"VERCELLI";"LIVORNO FERRARIS";"3172";"01-03172";"VC-00210";"Sversamenti incidentali su suolo e acque";"VERIFICA IN CORSO";"436599,0";"5009684,0";"2026-09-07T00:00:00.000Z";"ATTIVO";"8.1922266";"45.2377923";"OK"
